id,aleman,articulo ,palabra,traducción,tema,ejemplo (aleman),ejemplo (ingles),plural,femenino
1,Betrunken,adjektiv,Betrunken,Drunk,"Safety, Emergencies & Social Interaction",Er war betrunken gefahren.,He had driven drunk.,—,—
2,Bewusstlos,adjektiv,Bewusstlos,Unconscious,"Safety, Emergencies & Social Interaction",Das Unfallopfer war bewusstlos.,The accident victim was unconscious.,—,—
3,Gedankenlos,adjektiv,Gedankenlos,Thoughtless,"Safety, Emergencies & Social Interaction",Das war eine gedankenlose Bemerkung.,That was a thoughtless remark.,—,—
4,Leichtsinnig,adjektiv,Leichtsinnig,Reckless,"Safety, Emergencies & Social Interaction",Sein Verhalten war sehr leichtsinnig.,His behavior was very reckless.,—,—
5,Schwerverletzt,adjektiv,Schwerverletzt,Seriously Injured,"Safety, Emergencies & Social Interaction",Er wurde bei dem Unfall schwerverletzt.,He was seriously injured in the accident.,—,—
6,Tot,adjektiv,Tot,Dead,"Safety, Emergencies & Social Interaction",Der Hund ist leider tot.,The dog is unfortunately dead.,—,—
7,Unverletzt,adjektiv,Unverletzt,Unharmed,"Safety, Emergencies & Social Interaction",Zum Glück blieb sie unverletzt.,"Fortunately, she remained uninjured.",—,—
8,Unvorsichtig,adjektiv,Unvorsichtig,Careless,"Safety, Emergencies & Social Interaction",Er fuhr viel zu unvorsichtig.,He drove far too carelessly.,—,—
9,Das Eisenbahnunglück,das (neutrum),Eisenbahnunglück,Railway Accident,"Safety, Emergencies & Social Interaction",Das Eisenbahnunglück forderte viele Opfer.,The train crash claimed many victims.,Eisenbahnunglücke,—
10,Das Feuer,das (neutrum),Feuer,Fire,"Safety, Emergencies & Social Interaction",Das Feuer breitete sich schnell aus.,The fire spread quickly.,—,—
11,Das Glatteis,das (neutrum),Glatteis,Black Ice,"Safety, Emergencies & Social Interaction",Auf den Straßen gibt es heute Glatteis.,There is black ice on the roads today.,— (Unzählbar),—
12,Das Kennzeichen,das (neutrum),Kennzeichen,License Plate Number,"Safety, Emergencies & Social Interaction",Ich habe mir das Kennzeichen gemerkt.,I memorized the license plate.,Kennzeichen,—
13,Das Pech,das (neutrum),Pech,Bad Luck,"Safety, Emergencies & Social Interaction",Er hatte wirklich Pech.,He had real bad luck.,—,—
14,Das Rettungsboot,das (neutrum),Rettungsboot,Lifeboat,"Safety, Emergencies & Social Interaction",Das Rettungsboot wurde ins Wasser gelassen.,The lifeboat was lowered into the water.,Rettungsboote,—
15,Das Rotlicht,das (neutrum),Rotlicht,Red Light,"Safety, Emergencies & Social Interaction",Er ist bei Rotlicht über die Kreuzung gefahren.,He drove through the intersection at a red light.,—,—
16,Alkohol,der (maskulin),Alkohol,Alcohol,"Safety, Emergencies & Social Interaction",Alkohol am Steuer ist gefährlich.,Drinking and driving is dangerous.,— (Unzählbar),—
17,Bereitschaftsarzt,der (maskulin),Bereitschaftsarzt,On-Call Doctor,"Safety, Emergencies & Social Interaction",Der Bereitschaftsarzt kommt gleich.,The doctor on call is coming right away.,Bereitschaftsärzte,Bereitschaftsärztin
18,Bereitschaftsdienst,der (maskulin),Bereitschaftsdienst,On-Call Duty,"Safety, Emergencies & Social Interaction",Die Apotheke hat heute Bereitschaftsdienst.,The pharmacy is on call today.,Bereitschaftsdienste,—
19,Das Rasen,der (maskulin),Rasen,Race,"Safety, Emergencies & Social Interaction",Das Rasen auf der Autobahn ist gefährlich.,Speeding on the highway is dangerous.,—,—
20,Der Absturz,der (maskulin),Absturz,Crash,"Safety, Emergencies & Social Interaction",Der Absturz des Systems verursachte Probleme.,The system crash caused problems.,Abstürze,—
21,Der Aufprall,der (maskulin),Aufprall,Impact,"Safety, Emergencies & Social Interaction",Der Aufprall war sehr heftig.,The impact was very severe.,Aufprälle,—
22,Der Blechschaden,der (maskulin),Blechschaden,Minor Damage (Specifically To The Car Body),"Safety, Emergencies & Social Interaction",Es gab nur einen kleinen Blechschaden.,There was only minor sheet metal damage.,Blechschäden,—
23,Der Bruch,der (maskulin),Bruch,The Fracture,"Safety, Emergencies & Social Interaction",Der Bruch muss operiert werden.,The fracture needs to be operated on.,Brüche,—
24,Der Fallschirm,der (maskulin),Fallschirm,Parachute,"Safety, Emergencies & Social Interaction",Der Fallschirm öffnete sich nicht sofort.,The parachute didn't open immediately.,Fallschirme,—
25,Der Feuerlöscher,der (maskulin),Feuerlöscher,Fire Extinguisher,"Safety, Emergencies & Social Interaction",Wo ist der nächste Feuerlöscher?,Where is the nearest fire extinguisher?,Feuerlöscher,—
26,Der Flugzeugabsturz,der (maskulin),Flugzeugabsturz,Aircraft Crash,"Safety, Emergencies & Social Interaction",Niemand überlebte den Flugzeugabsturz.,No one survived the plane crash.,Flugzeugabstürze,—
27,Der Knochenbruch,der (maskulin),Knochenbruch,The Broken Bone,"Safety, Emergencies & Social Interaction",Er erlitt einen Knochenbruch am Bein.,He suffered a bone fracture in his leg.,Knochenbrüche,—
28,Der Motorschaden,der (maskulin),Motorschaden,Engine Failure,"Safety, Emergencies & Social Interaction",Wir hatten einen Motorschaden auf der Autobahn.,We had engine failure on the highway.,Motorschäden,—
29,Der Notausgang,der (maskulin),Notausgang,Emergency Exit,"Safety, Emergencies & Social Interaction",Bitte benutzen Sie den Notausgang.,Please use the emergency exit.,Notausgänge,—
30,Der Pannendienst,der (maskulin),Pannendienst,Breakdown Service,"Safety, Emergencies & Social Interaction",Ich musste den Pannendienst rufen.,I had to call the breakdown service.,Pannendienste,—
31,Der Rauchmelder,der (maskulin),Rauchmelder,Smoke Detector,"Safety, Emergencies & Social Interaction",Der Rauchmelder rettete ihnen das Leben.,The smoke detector saved their lives.,Rauchmelder,—
32,Der Rettungsdienst,der (maskulin),Rettungsdienst,Emergency Services,"Safety, Emergencies & Social Interaction",Der Rettungsdienst war sehr schnell.,The ambulance service was very fast.,Rettungsdienste,—
33,Der Sachschaden,der (maskulin),Sachschaden,Property Damage,"Safety, Emergencies & Social Interaction",Der Sachschaden ist enorm.,The property damage is enormous.,Sachschäden,—
34,Der Sanitäter,der (maskulin),Sanitäter,Paramedic,"Safety, Emergencies & Social Interaction",Der Sanitäter versorgte die Wunde.,The paramedic treated the wound.,Sanitäter,Sanitäterin
35,Der Schlauch,der (maskulin),Schlauch,Hose,"Safety, Emergencies & Social Interaction",Der Schlauch hat ein Loch.,The hose has a hole.,Schläuche,—
36,Der Schock,der (maskulin),Schock,Shock,"Safety, Emergencies & Social Interaction",Sie stand nach dem Unfall unter Schock.,She was in shock after the accident.,Schocks,—
37,Der Stromschlag,der (maskulin),Stromschlag,Electric Shock,"Safety, Emergencies & Social Interaction",Er erlitt einen schweren Stromschlag.,He suffered a severe electric shock.,Stromschläge,—
38,Der Sturz,der (maskulin),Sturz,Fall,"Safety, Emergencies & Social Interaction",Der Sturz vom Fahrrad war schmerzhaft.,The fall from the bike was painful.,Stürze,—
39,Der Verbandskasten,der (maskulin),Verbandskasten,First Aid Kit,"Safety, Emergencies & Social Interaction",Haben Sie einen Verbandskasten im Auto?,Do you have a first aid kit in the car?,—,—
40,Der Verkehrsunfall,der (maskulin),Verkehrsunfall,Traffic Accident,"Safety, Emergencies & Social Interaction",Es gab einen schweren Verkehrsunfall.,There was a severe traffic accident.,Verkehrsunfälle,—
41,Der Zusammenstoß,der (maskulin),Zusammenstoß,The Collision / Crash,"Safety, Emergencies & Social Interaction",Der Zusammenstoß war unvermeidbar.,The collision was unavoidable.,Zusammenstöße,—
42,Führerschein,der (maskulin),Führerschein,Driver'S License,"Safety, Emergencies & Social Interaction",Haben Sie Ihren Führerschein dabei?,Do you have your driver's license with you?,Führerscheine,—
43,Führerscheinentzug,der (maskulin),Führerscheinentzug,Driving Licence Revocation,"Safety, Emergencies & Social Interaction",Ihm droht der Führerscheinentzug.,He is facing the withdrawal of his driver's license.,Führerscheinentzüge,—
44,Der Verletzte,der/die (maskulin/feminin),Verletzte,The Injured Person,"Safety, Emergencies & Social Interaction",Der Verletzte wurde ins Krankenhaus gebracht.,The injured person was taken to the hospital.,Verletzte,Verletzte
45,Der/Die Tote,der/die (maskulin/feminin),Tote,Dead Person,"Safety, Emergencies & Social Interaction",Der Tote wurde noch nicht identifiziert.,The dead person has not yet been identified.,Tote,Tote
46,Die Erste-Hilfe-Ausrüstung,die (feminin),Erste-Hilfe-Ausrüstung,First Aid Kit,"Safety, Emergencies & Social Interaction",Die Erste-Hilfe-Ausrüstung muss vollständig sein.,The first aid equipment must be complete.,—,Erste-Hilfe-Ausrüstung
47,Die Explosion,die (feminin),Explosion,Explosion,"Safety, Emergencies & Social Interaction",Die Explosion zerstörte das Gebäude.,The explosion destroyed the building.,Explosionen,Explosion
48,Die Fahrerflucht,die (feminin),Fahrerflucht,Hit And Run,"Safety, Emergencies & Social Interaction",Er beging Fahrerflucht nach dem Unfall.,He committed a hit-and-run after the accident.,—,Fahrerflucht
49,Die Feuertreppe,die (feminin),Feuertreppe,Fire Escape,"Safety, Emergencies & Social Interaction",Wir flüchteten über die Feuertreppe.,We escaped via the fire escape.,Feuertreppen,Feuertreppe
50,Die Gehirnerschütterung,die (feminin),Gehirnerschütterung,Concussion,"Safety, Emergencies & Social Interaction",Er hat eine leichte Gehirnerschütterung.,He has a mild concussion.,Gehirnerschütterungen,Gehirnerschütterung
51,Die Mannschaft,die (feminin),Mannschaft,Team,"Safety, Emergencies & Social Interaction",Die Mannschaft feierte den Sieg.,The team celebrated the victory.,Mannschaften,Mannschaft
52,Die Mund-Zu-Mund-Beatmung,die (feminin),Mund-Zu-Mund-Beatmung,Mouth-To-Mouth Resuscitation,"Safety, Emergencies & Social Interaction",Er begann sofort mit der Mund-zu-Mund-Beatmung.,He immediately started mouth-to-mouth resuscitation.,—,Mund-Zu-Mund-Beatmung
53,Die Reifenpanne,die (feminin),Reifenpanne,Flat Tire,"Safety, Emergencies & Social Interaction",Wir hatten eine Reifenpanne.,We had a flat tire.,Reifenpannen,Reifenpanne
54,Die Schwimmweste,die (feminin),Schwimmweste,Life Jacket,"Safety, Emergencies & Social Interaction",Jeder muss eine Schwimmweste tragen.,Everyone must wear a life jacket.,Schwimmwesten,—
55,Die Trage,die (feminin),Trage,Wear,"Safety, Emergencies & Social Interaction",Sie trugen ihn auf einer Trage hinaus.,They carried him out on a stretcher.,Tragen,—
56,Die Verbrennung,die (feminin),Verbrennung,Burn,"Safety, Emergencies & Social Interaction",Die Verbrennung muss behandelt werden.,The burn needs to be treated.,Verbrennungen,—
57,Die Wunde,die (feminin),Wunde,The Wound,"Safety, Emergencies & Social Interaction",Die Wunde blutet stark.,The wound is bleeding heavily.,Wunden,—
58,Den Rettungsdienst Anrufen,Phrase,Rettungsdienst Anrufen,To Call The Emergency Services (112),"Safety, Emergencies & Social Interaction",Bitte den Rettungsdienst anrufen!,Please call the ambulance!,—,—
59,Erste Hilfe Leisten,Phrase,Erste Hilfe Leisten,To Administer First Aid,"Safety, Emergencies & Social Interaction",Jeder muss Erste Hilfe leisten.,Everyone must provide first aid.,—,—
60,Sicher Und Wohlbehalten,Phrase,Sicher Und Wohlbehalten,Safe And Sound,"Safety, Emergencies & Social Interaction",Sie kamen sicher und wohlbehalten an.,They arrived safe and sound.,—,—
61,Die Notdienste,Plural,Notdienste,Emergency Services,"Safety, Emergencies & Social Interaction",Die Notdienste waren schnell vor Ort.,The emergency services were quickly on site.,—,—
62,Unfälle,Plural,Unfälle,Accidents,"Safety, Emergencies & Social Interaction",Es passieren hier viele Unfälle.,Many accidents happen here.,—,—
63,Abschleppen,Verb,Abschleppen,Towing,"Safety, Emergencies & Social Interaction",Wir mussten das Auto abschleppen lassen.,We had to have the car towed.,—,—
64,Auffahren,Verb,Auffahren,To Rear-End Someone,"Safety, Emergencies & Social Interaction",Er ist auf das andere Auto aufgefahren.,He rear-ended the other car.,—,—
65,Aussetzen,Verb,Aussetzen,Suspend,"Safety, Emergencies & Social Interaction",Der Motor begann plötzlich auszusetzen.,The engine suddenly started to cut out.,—,—
66,Ausweichen,Verb,Ausweichen,To Swerve / Avoid,"Safety, Emergencies & Social Interaction",Ich musste dem Tier ausweichen.,I had to swerve to avoid the animal.,—,—
67,Beschädigen,Verb,Beschädigen,Damage,"Safety, Emergencies & Social Interaction",Das Auto wurde schwer beschädigt.,The car was severely damaged.,—,—
68,Beschleunigen,Verb,Beschleunigen,Accelerate,"Safety, Emergencies & Social Interaction",Das Auto begann zu beschleunigen.,The car began to accelerate.,—,—
69,Das Ertrinken,Verb,Ertrinken,Drowning,"Safety, Emergencies & Social Interaction",Er rettete das Kind vor dem Ertrinken.,He saved the child from drowning.,—,—
70,Das Überholen,Verb,Überholen,Overtaking,"Safety, Emergencies & Social Interaction",Das Überholen ist hier verboten.,Overtaking is forbidden here.,—,—
71,Das Versagen,Verb,Versagen,Fail,"Safety, Emergencies & Social Interaction",Das Versagen der Bremsen war die Ursache.,The failure of the brakes was the cause.,—,—
72,Demolieren,Verb,Demolieren,Demolish,"Safety, Emergencies & Social Interaction",Die Vandalen haben die Bushaltestelle demoliert.,The vandals demolished the bus stop.,—,—
73,Er'Sticken,Verb,Er'sticken,Suffocate,"Safety, Emergencies & Social Interaction",Er drohte zu ersticken.,He threatened to suffocate.,—,—
74,Explodieren,Verb,Explodieren,Explode,"Safety, Emergencies & Social Interaction",Die Bombe könnte explodieren.,The bomb could explode.,—,—
75,Fallen,Verb,Fallen,Fall,"Safety, Emergencies & Social Interaction",Er ist von der Leiter gefallen.,He fell off the ladder.,—,—
76,Geraten,Verb,Geraten,Advised,"Safety, Emergencies & Social Interaction",Wir gerieten in einen furchtbaren Sturm.,We got into a terrible storm.,—,—
77,Kaputtimachen,Verb,Kaputtimachen,Destroy,"Safety, Emergencies & Social Interaction",Du darfst das Spielzeug nicht kaputtmachen.,You must not break the toy.,—,—
78,Knallen,Verb,Knallen,To Bang / Crash Into,"Safety, Emergencies & Social Interaction",Ich hörte es laut knallen.,I heard a loud bang.,—,—
79,Passieren,Verb,Passieren,To Happen,"Safety, Emergencies & Social Interaction",Was ist hier passiert?,What happened here?,—,—
80,Retten,Verb,Retten,Save,"Safety, Emergencies & Social Interaction",Die Feuerwehr konnte alle retten.,The fire department was able to save everyone.,—,—
81,Schleudern,Verb,Schleudern,To Skid,"Safety, Emergencies & Social Interaction",Das Auto begann zu schleudern.,The car started to skid.,—,—
82,Schlittern,Verb,Schlittern,Skidding,"Safety, Emergencies & Social Interaction",Das Auto schlingerte und begann zu schlittern.,The car swerved and started to skid.,—,—
83,Sinken,Verb,Sinken,Sink,"Safety, Emergencies & Social Interaction",Das Schiff begann zu sinken.,The ship began to sink.,—,—
84,Sterben,Verb,Sterben,Die,"Safety, Emergencies & Social Interaction",Wir werden alle eines Tages sterben.,We will all die someday.,—,—
85,Überfahren,Verb,Überfahren,Run Over,"Safety, Emergencies & Social Interaction",Der Hund wurde leider überfahren.,The dog was unfortunately run over.,—,—
86,Übersehen,Verb,Übersehen,To Overlook,"Safety, Emergencies & Social Interaction",Ich habe das rote Licht übersehen.,I missed the red light.,—,—
87,Umibringen,Verb,Umibringen,Kill,"Safety, Emergencies & Social Interaction",Er wollte ihn umbringen.,He wanted to kill him.,—,—
88,Vergessen,Verb,Vergessen,Forget,"Safety, Emergencies & Social Interaction",Ich habe meinen Schlüssel vergessen.,I forgot my key.,—,—
89,Verschütten,Verb,Verschütten,Spill,"Safety, Emergencies & Social Interaction",Ich habe den Kaffee verschüttet.,I spilled the coffee.,—,—
90,Verursachen,Verb,Verursachen,Cause,"Safety, Emergencies & Social Interaction",Wer hat den Unfall verursacht?,Who caused the accident?,—,—
91,Bremsen,Verb/Nomen,Bremsen,To Brake,"Safety, Emergencies & Social Interaction",Er musste plötzlich bremsen.,He had to brake suddenly.,Bremsen,—
92,Alt,adjektiv,Alt,Old,Grammar: Adjectives,Das Haus ist sehr alt.,The house is very old.,—,—
93,Billig,adjektiv,Billig,Cheap,Grammar: Adjectives,Das Buch war billig.,The book was cheap.,—,—
94,Dunkel,adjektiv,Dunkel,Dark,Grammar: Adjectives,Der Raum ist dunkel.,The room is dark.,—,—
95,Falsch,adjektiv,Falsch,Wrong,Grammar: Adjectives,Das ist falsch.,That is wrong.,—,—
96,Freundlich,adjektiv,freundlich,Friendly,Grammar: Adjectives,Der Lehrer ist immer freundlich.,The teacher is always friendly.,—,—
97,Groß,adjektiv,Groß,Tall,Grammar: Adjectives,Der Baum im Garten ist sehr groß.,The tree in the garden is very tall.,—,—
98,Günstig,adjektiv,Günstig,Cheap/Favorable,Grammar: Adjectives,Dieses Angebot ist wirklich günstig.,This offer is really cheap/favorable.,—,—
99,Heiß,adjektiv,Heiß,Hot,Grammar: Adjectives,Der Kaffee ist noch heiß.,The coffee is still hot.,—,—
100,Hell,adjektiv,Hell,Bright,Grammar: Adjectives,Das Zimmer ist hell und sonnig.,The room is bright and sunny.,—,—
101,Jung,adjektiv,Jung,Young,Grammar: Adjectives,Sie ist eine sehr junge Lehrerin.,She is a very young teacher.,—,—
102,Kalt,adjektiv,Kalt,Cold,Grammar: Adjectives,Es ist heute ziemlich kalt draußen.,It’s quite cold outside today.,—,—
103,Klein,adjektiv,Klein,Small,Grammar: Adjectives,Der Hund ist klein.,The dog is small.,—,—
104,Klug,adjektiv,Klug,Clever,Grammar: Adjectives,Sie ist eine kluge Schülerin.,She is a clever student.,—,—
105,Lang,adjektiv,Lang,Long,Grammar: Adjectives,Der Fluss ist sehr lang.,The river is very long.,—,—
106,Leise,adjektiv,Leise,Quiet,Grammar: Adjectives,"Bitte sprich leise, die Kinder schlafen.","Please speak quietly, the children are sleeping.",—,—
107,Müde,adjektiv,Müde,Tired,Grammar: Adjectives,Ich bin sehr müde.,I am very tired.,—,—
108,Nett,adjektiv,Nett,Nice,Grammar: Adjectives,Er ist immer nett zu seinen Kollegen.,He is always nice to his colleagues.,—,—
109,Neu,adjektiv,Neu,New,Grammar: Adjectives,Das Auto ist ganz neu.,The car is brand new.,—,—
110,Niedrig,adjektiv,Niedrig,Low,Grammar: Adjectives,Der Preis ist niedrig.,The price is low.,—,—
111,Richtig,adjektiv,Richtig,Right,Grammar: Adjectives,Die Antwort ist richtig.,The answer is correct.,—,—
112,Schlecht,adjektiv,Schlecht,Bad,Grammar: Adjectives,Das Wetter ist heute wirklich schlecht.,The weather is really bad today.,—,—
113,Schön,adjektiv,Schön,Beautiful,Grammar: Adjectives,Der Sonnenuntergang ist wunderschön.,The sunset is beautiful.,—,—
114,Schwer,adjektiv,Schwer,Heavy / Difficult,Grammar: Adjectives,Diese Tasche ist sehr schwer.,This bag is very heavy.,—,—
115,Teuer,adjektiv,Teuer,Expensive,Grammar: Adjectives,Die Schuhe sind sehr teuer.,The shoes are very expensive.,—,—
116,Warm,adjektiv,Warm,Warm,Grammar: Adjectives,Das Wasser im Pool ist angenehm warm.,The water in the pool is pleasantly warm.,—,—
117,Wichtig,adjektiv,Wichtig,Important,Grammar: Adjectives,Das ist sehr wichtig.,That is very important.,—,—
118,Früh,adjektiv/Adverb,Früh,Early,Grammar: Adjectives,Ich stehe jeden Tag früh auf.,I get up early every day.,—,—
119,Hoch,adjektiv/Adverb,Hoch,High,Grammar: Adjectives,Der Turm ist hoch.,The tower is high.,—,—
120,Kurz,adjektiv/Adverb,Kurz,Short,Grammar: Adjectives,Der Film war ziemlich kurz.,The movie was quite short.,—,—
121,Langsam,adjektiv/Adverb,Langsam,Slow,Grammar: Adjectives,Der Zug fährt heute langsam.,The train is moving slowly today.,—,—
122,Laut,adjektiv/Adverb,Laut,Loud,Grammar: Adjectives,Die Musik ist viel zu laut.,The music is way too loud.,—,—
123,Leicht,adjektiv/Adverb,Leicht,Light / Easy,Grammar: Adjectives,Diese Aufgabe ist leicht.,This task is easy.,—,—
124,Schnell,adjektiv/Adverb,Schnell,Fast,Grammar: Adjectives,Der Läufer ist sehr schnell.,The runner is very fast.,—,—
125,Spät,adjektiv/Adverb,Spät,Late,Grammar: Adjectives,"Es ist schon spät, wir sollten gehen.","It’s already late, we should go.",—,—
126,Gut,adjektiv/Substantiv,Gut,Good,Grammar: Adjectives,Das Essen schmeckt gut.,The food tastes good.,Güter,—
127,Das Armband,das (neutrum),Armband,The Bracelet,Shopping & Fashion,Sie trägt ein goldenes Armband.,She wears a gold bracelet.,Armbänder,—
128,Das Badesalz,das (neutrum),Badesalz,The Bath Salts,Shopping & Fashion,Ich nehme gerne ein Bad mit Badesalz.,I like taking a bath with bath salts.,—,—
129,Das Deodorant,das (neutrum),Deodorant,The Deodorant,Shopping & Fashion,Er benutzt ein neues Deodorant.,He uses a new deodorant.,Deodorants,—
130,Das Diadem,das (neutrum),Diadem,The Diadem,Shopping & Fashion,Die Prinzessin trug ein Diadem.,The princess wore a tiara.,Diademe,—
131,Das Elfenbein,das (neutrum),Elfenbein,The Ivory,Shopping & Fashion,Der Handel mit Elfenbein ist verboten.,The trade in ivory is forbidden.,—,—
132,Das Kettchen,das (neutrum),Kettchen,The Chain,Shopping & Fashion,Sie bekam ein silbernes Kettchen geschenkt.,She was given a silver chain.,Kettchen,—
133,Das Kollier,das (neutrum),Kollier,The Necklace,Shopping & Fashion,Das Kollier ist sehr wertvoll.,The necklace is very valuable.,Rlis,—
134,Das Kreuz,das (neutrum),Kreuz,The Cross,Shopping & Fashion,Er trägt ein Kreuz um den Hals.,He wears a cross around his neck.,Kreuze,—
135,Das Kupfer,das (neutrum),Kupfer,The Copper,Shopping & Fashion,Das Dach ist mit Kupfer gedeckt.,The roof is covered with copper.,—,—
136,Das Make-Up,das (neutrum),Make-Up,The Make-Up,Shopping & Fashion,Sie trägt heute viel Make-up.,She is wearing a lot of makeup today.,Make-ups,—
137,Das Papiertuch,das (neutrum),Papiertuch,The Paper Towel,Shopping & Fashion,Hast du ein Papiertuch für mich?,Do you have a paper towel for me?,Papiertücher,—
138,Das Silber,das (neutrum),Silber,The Silver,Shopping & Fashion,Das Besteck ist aus echtem Silber.,The cutlery is made of real silver.,—,—
139,Der Gesichtspuder,das (neutrum),Gesichtspuder,The Face Powder,Shopping & Fashion,Sie benutzt jeden Morgen Gesichtspuder.,She uses face powder every morning.,—,—
140,Körperpuder,das (neutrum),Körperpuder,The Body Powder,Shopping & Fashion,Nach dem Duschen verwendet sie Körperpuder.,"After showering, she uses body powder.",—,—
141,Parfüm,das (neutrum),Parfüm,Perfume,Shopping & Fashion,Dieses Parfüm riecht sehr gut.,This perfume smells very good.,Parfüms,—
142,Das Kristall,der (maskulin),Kristall,The Crystal,Shopping & Fashion,Die Gläser sind aus feinem Kristall.,The glasses are made of fine crystal.,Kristalle,—
143,Der Anhänger,der (maskulin),Anhänger,The Follower,Shopping & Fashion,Der Anhänger passt gut zur Kette.,The pendant goes well with the necklace.,Anhänger,Anhängerin
144,Der Edelstein,der (maskulin),Edelstein,The Gemstone,Shopping & Fashion,Der Ring ist mit einem Edelstein besetzt.,The ring is set with a gemstone.,Edelsteine,—
145,Der Klipp,der (maskulin),Klipp,The Cliff,Shopping & Fashion,Sie befestigte das Papier mit einem Klipp.,She fastened the paper with a clip.,Klippen,—
146,Der Lidschatten,der (maskulin),Lidschatten,The Eyeshadow,Shopping & Fashion,Der blaue Lidschatten steht ihr gut.,The blue eyeshadow suits her well.,Lidschatten,—
147,Der Lippenstift,der (maskulin),Lippenstift,The Lipstick,Shopping & Fashion,Sie hat einen roten Lippenstift gekauft.,She bought a red lipstick.,Lippenstifte,—
148,Der Lockenwickler,der (maskulin),Lockenwickler,The Hair Curler,Shopping & Fashion,Sie drehte ihre Haare auf Lockenwickler.,She rolled her hair on curlers.,Lockenwickler,—
149,Der Nagel,der (maskulin),Nagel,The Nail,Shopping & Fashion,Er schlug einen Nagel in die Wand.,He hammered a nail into the wall.,Nägel,—
150,Der Nagellack,der (maskulin),Nagellack,The Nail Polish,Shopping & Fashion,Der Nagellack ist schon abgesplittert.,The nail polish has already chipped.,Nagellacke,—
151,Der Ohrklipp,der (maskulin),Ohrklipp,The Ear Clip,Shopping & Fashion,Sie trägt einen eleganten Ohrklipp.,She wears an elegant ear clip.,Ohrklipps,—
152,Der Ohrring,der (maskulin),Ohrring,The Earring,Shopping & Fashion,Sie hat einen Ohrring verloren.,She lost an earring.,Ohrringe,—
153,Der Smaragd,der (maskulin),Smaragd,The Emerald,Shopping & Fashion,Der Smaragd leuchtet tiefgrün.,The emerald shines deep green.,Smaragde,—
154,Der Stahl,der (maskulin),Stahl,The Steel,Shopping & Fashion,Die Brücke ist aus Stahl gebaut.,The bridge is built of steel.,—,—
155,Schmuck,der (maskulin),Schmuck,Jewelry,Shopping & Fashion,Sie trägt gerne teuren Schmuck.,She likes to wear expensive jewelry.,—,—
156,Die Anstecknadel,die (feminin),Anstecknadel,The Pin,Shopping & Fashion,Er trägt eine goldene Anstecknadel.,He wears a gold pin.,Anstecknadeln,Anstecknadel
157,Die Armbanduhr,die (feminin),Armbanduhr,The Wristwatch,Shopping & Fashion,Meine Armbanduhr ist stehen geblieben.,My wristwatch has stopped.,Armbanduhren,Armbanduhr
158,Die Brosche,die (feminin),Brosche,The Brooch,Shopping & Fashion,Die Brosche gehörte ihrer Großmutter.,The brooch belonged to her grandmother.,Broschen,Brosche
159,Die Emaille,die (feminin),Emaille,The Enamel,Shopping & Fashion,Die Schüssel ist mit Emaille überzogen.,The bowl is coated with enamel.,—,Emaille
160,Die Feuchtigkeitscreme,die (feminin),Feuchtigkeitscreme,The Moisturizing Cream,Shopping & Fashion,Sie benutzt eine teure Feuchtigkeitscreme.,She uses an expensive moisturizer.,Feuchtigkeitscremes,Feuchtigkeitscreme
161,Die Gesichtscreme,die (feminin),Gesichtscreme,The Face Cream,Shopping & Fashion,Diese Gesichtscreme ist sehr gut für trockene Haut.,This face cream is very good for dry skin.,Gesichtscremes,Gesichtscreme
162,Die Kosmetik,die (feminin),Kosmetik,Cosmetics,Shopping & Fashion,Sie gibt viel Geld für Kosmetik aus.,She spends a lot of money on cosmetics.,—,Kosmetik
163,Die Krone,die (feminin),Krone,The Crown,Shopping & Fashion,Der König trägt eine goldene Krone.,The king wears a golden crown.,Kronen,Krone
164,Die Lippenpomade,die (feminin),Lippenpomade,The Lip Pomade,Shopping & Fashion,Im Winter brauche ich Lippenpomade.,In winter I need lip balm.,Lippenpomaden,Lippenpomade
165,Die Nagelschere,die (feminin),Nagelschere,The Nail Scissors,Shopping & Fashion,Wo ist die Nagelschere?,Where are the nail scissors?,Nagelscheren,Nagelschere
166,Die Nagelzange,die (feminin),Nagelzange,The Nail Clippers,Shopping & Fashion,Er schneidet seine Nägel mit der Nagelzange.,He cuts his nails with the nail clippers.,Nagelzangen,Nagelzange
167,Die Perle,die (feminin),Perle,The Pearl,Shopping & Fashion,Die Perle schimmert wunderschön.,The pearl shimmers beautifully.,Perlen,Perle
168,Die Schönheit,die (feminin),Schönheit,The Beauty,Shopping & Fashion,Ihre Schönheit ist atemberaubend.,Her beauty is breathtaking.,Schönheiten,—
169,Die Uhr,die (feminin),Uhr,The Clock,Shopping & Fashion,Die Uhr tickt laut.,The clock ticks loudly.,Uhren,—
170,Verschönerung,die (feminin),Verschönerung,Embellishment,Shopping & Fashion,Die Stadt plant die Verschönerung des Parks.,The city plans the beautification of the park.,—,—
171,Das Eichhörnchen,das (neutrum),Eichhörnchen,The Squirrel,Animals,Das Eichhörnchen sammelt Nüsse.,The squirrel collects nuts.,Eichhörnchen,—
172,Das Faultier,das (neutrum),Faultier,Sloth,Animals,Faultiere fressen Blätter,Sloths eat leaves,Faultiere,—
173,Das Flusspferd,das (neutrum),Flusspferd,Hippo,Animals,Das Flusspferd schwimmt.,The hippo is swimming.,Flusspferde,—
174,Das Haustier,das (neutrum),Haustier,Pet,Animals,Ein Hund ist ein gutes Haustier.,A dog is a good pet.,Haustiere,—
175,Das Horn,das (neutrum),Horn,The Horn,Animals,Das Nashorn hat ein großes Horn.,The rhino has a large horn.,Hörner,—
176,Das Huhn,das (neutrum),Huhn,The Chicken,Animals,Das Huhn legt ein Ei.,The chicken lays an egg.,Hühner,—
177,Das Hühnchen,das (neutrum),Hühnchen,Chicken,Animals,Das Hühnchen schmeckt gut.,The chicken tastes good.,Hühnchen,—
178,Das Kamel,das (neutrum),Kamel,Camel,Animals,Das Kamel lebt in der Wüste.,The camel lives in the desert.,Kamele,—
179,Das Känguruh,das (neutrum),Känguruh,The Kangaroo,Animals,Das Känguruh hüpft durch das Outback.,The kangaroo hops through the outback.,Känguruhs,—
180,Das Kaninchen,das (neutrum),Kaninchen,The Rabbit,Animals,Das Kaninchen frisst eine Karotte.,The rabbit eats a carrot.,Kaninchen,—
181,Das Krokodil,das (neutrum),Krokodil,Crocodile,Animals,Das Krokodil ist gefährlich.,The crocodile is dangerous.,Krokodile,—
182,Das Maultier,das (neutrum),Maultier,The Mule,Animals,Das Maultier trägt schwere Lasten.,The mule carries heavy loads.,Maultiere,—
183,Das Meerschweinchen,das (neutrum),Meerschweinchen,The Guinea Pig,Animals,Das Meerschweinchen quietscht laut.,The guinea pig squeaks loudly.,Meerschweinchen,—
184,Das Nashorn,das (neutrum),Nashorn,The Rhinoceros,Animals,Das Nashorn hat ein Horn auf der Nase.,The rhinoceros has a horn on its nose.,Nashörner,—
185,Das Nilpferd,das (neutrum),Nilpferd,Hippopotamus,Animals,Ein Nilpferd kann sehr gefährlich sein,A hippopotamus can be very dangerous,Nilpferde,—
186,Das Pferd,das (neutrum),Pferd,The Horse,Animals,Das Pferd galoppiert über die Wiese.,The horse gallops across the meadow.,Pferde,—
187,Das Reh,das (neutrum),Reh,The Deer,Animals,Das Reh steht am Waldrand.,The deer stands at the edge of the forest.,Rehe,—
188,Das Renntier,das (neutrum),Renntier,The Reindeer,Animals,Das Rentier zieht den Schlitten.,The reindeer pulls the sled.,Rentiere,—
189,Das Schaf,das (neutrum),Schaf,The Sheep,Animals,Das Schaf hat weiche Wolle.,The sheep has soft wool.,Schafe,—
190,Das Schwein,das (neutrum),Schwein,Pig,Animals,Das Schwein grunzt.,The pig grunts.,Schweine,—
191,Das Stachelschwein,das (neutrum),Stachelschwein,Porcupine,Animals,Das Stachelschwein lebt in Afrika,The porcupine lives in Africa,Stachelschweine,—
192,Das Wiesel,das (neutrum),Wiesel,The Weasel,Animals,Das Wiesel ist klein und flink.,The weasel is small and nimble.,Wiesel,—
193,Das Zebra,das (neutrum),Zebra,The Zebra,Animals,Das Zebra hat schwarze und weiße Streifen.,The zebra has black and white stripes.,Zebras,—
194,Der Adler,der (maskulin),Adler,The Eagle,Animals,Der Adler fliegt hoch am Himmel.,The eagle flies high in the sky.,Adler,Adlerin
195,Der Affe,der (maskulin),Affe,The Monkey,Animals,Der Affe klettert auf den Baum.,The monkey is climbing the tree.,Affen,Affin
196,Der Alligator,der (maskulin),Alligator,The Alligator,Animals,Der Alligator lebt im Sumpf.,The alligator lives in the swamp.,Alligatoren,Alligatorin
197,Der Bär,der (maskulin),Bär,The Bear,Animals,Im Wald lebt ein großer Bär.,A big bear lives in the forest.,Bären,Bärin
198,Der Biber,der (maskulin),Biber,The Beaver,Animals,Der Biber baut einen Damm.,The beaver builds a dam.,Biber,Biberin
199,Der Biß,der (maskulin),Biß,The Bite,Animals,Der Biss des Hundes war schmerzhaft.,The dog's bite was painful.,Bisse,—
200,Der Büffel,der (maskulin),Büffel,The Buffalo,Animals,Die Herde Büffel zog über die Prärie.,The herd of buffalo roamed the prairie.,Büffel,Büffelinn
201,Der Dachs,der (maskulin),Dachs,Badger,Animals,Der Dachs gräbt ein Loch.,The badger digs a hole.,Dächer,—
202,Der Delfin,der (maskulin),Delfin,The Dolphin,Animals,Der Delfin springt aus dem Wasser.,The dolphin jumps out of the water.,Delfine,Delfin
203,Der Eisbär,der (maskulin),Eisbär,Polar Bear,Animals,Der Eisbär lebt im Eis.,The polar bear lives in the ice.,Eisbären,—
204,Der Elefant,der (maskulin),Elefant,The Elephant,Animals,Der Elefant hat einen langen Rüssel.,The elephant has a long trunk.,Elefanten,Elefantin
205,Der Esel,der (maskulin),Esel,Donkey,Animals,Der Esel ist stur.,The donkey is stubborn.,Esel,Eselin
206,Der Falke,der (maskulin),Falke,The Falcon,Animals,Der Falke stürzt sich auf seine Beute.,The falcon dives on its prey.,Falken,Falkin
207,Der Falter,der (maskulin),Falter,The Butterfly,Animals,Ein bunter Falter fliegt vorbei.,A colorful moth flies by.,Falter,—
208,Der Flecken,der (maskulin),Flecken,The Stains,Animals,Der Leopard hat viele Flecken.,The leopard has many spots.,Flecken,—
209,Der Floh,der (maskulin),Floh,The Flea,Animals,Der Hund hat einen Floh.,The dog has a flea.,Flöhe,—
210,Der Frosch,der (maskulin),Frosch,Frog,Animals,Der Frosch springt.,The frog jumps.,Frösche,—
211,Der Fuchs,der (maskulin),Fuchs,The Fox,Animals,Der Fuchs ist schlau.,The fox is clever.,Füchse,Füchsin
212,Der Geier,der (maskulin),Geier,The Vulture,Animals,Der Geier kreist am Himmel.,The vulture circles in the sky.,Geier,—
213,Der Gorilla,der (maskulin),Gorilla,The Gorilla,Animals,Der Gorilla ist sehr stark.,The gorilla is very strong.,Gorillas,—
214,Der Habicht,der (maskulin),Habicht,The Hawk,Animals,Der Habicht jagt kleine Vögel.,The hawk hunts small birds.,Habichte,—
215,Der Hahn,der (maskulin),Hahn,Cock,Animals,Der Hahn kräht am Morgen.,The rooster crows in the morning.,Hähne,—
216,Der Hai,der (maskulin),Hai,The Shark,Animals,Der Hai schwimmt im Meer.,The shark swims in the sea.,Haie,—
217,Der Hamster,der (maskulin),Hamster,Hamster,Animals,Der Hamster läuft im Rad.,The hamster runs in the wheel.,Hamster,—
218,Der Hase,der (maskulin),Hase,Hare,Animals,Der Hase läuft schnell.,The hare runs fast.,Hasen,—
219,Der Hirsch,der (maskulin),Hirsch,Deer,Animals,Der Hirsch steht im Wald.,The deer is standing in the forest.,Hirsche,—
220,Der Hund,der (maskulin),Hund,The Dog,Animals,Der Hund bellt laut.,The dog barks loudly.,Hunde,—
221,Der Igel,der (maskulin),Igel,The Hedgehog,Animals,Der Igel rollt sich zusammen.,The hedgehog curls up.,Igel,—
222,Der Käfer,der (maskulin),Käfer,Beetle,Animals,Der Käfer krabbelt.,The beetle is crawling.,Käfer,—
223,Der Käfig,der (maskulin),Käfig,The Cage,Animals,Der Vogel sitzt im Käfig.,The bird sits in the cage.,Käfige,—
224,Der Kanarienvogel,der (maskulin),Kanarienvogel,The Canary,Animals,Der Kanarienvogel singt wunderschön.,The canary sings beautifully.,Kanarienvögel,—
225,Der Koala,der (maskulin),Koala,The Koala,Animals,Der Koala frisst Eukalyptusblätter.,The koala eats eucalyptus leaves.,Koalas,—
226,Der Krebs,der (maskulin),Krebs,Crab,Animals,Der Krebs hat Scheren.,The crab has claws.,—,—
227,Der Kuckuck,der (maskulin),Kuckuck,The Cuckoo,Animals,Der Kuckuck ruft im Wald.,The cuckoo calls in the forest.,Kuckucke,—
228,Der Löwe,der (maskulin),Löwe,The Lion,Animals,Der Löwe ist der König der Tiere.,The lion is the king of animals.,Löwen,Löwin
229,Der Luchs,der (maskulin),Luchs,The Lynx,Animals,Der Luchs hat Pinselohren.,The lynx has tufted ears.,Luchse,—
230,Der Moskito,der (maskulin),Moskito,The Mosquito,Animals,Der Moskito hat mich gestochen.,The mosquito bit me.,Moskitos,—
231,Der Ochse,der (maskulin),Ochse,The Ox,Animals,Der Ochse zieht den Pflug.,The ox pulls the plow.,Ochsen,Ochsin
232,Der Otter,der (maskulin),Otter,The Otter,Animals,Der Otter schwimmt im Fluss.,The otter swims in the river.,Otter,—
233,Der Panther,der (maskulin),Panther,The Panther,Animals,Der Panther ist ein eleganter Jäger.,The panther is an elegant hunter.,Panther,—
234,Der Panzer,der (maskulin),Panzer,The Tank,Animals,Die Schildkröte zieht sich in ihren Panzer zurück.,The turtle retreats into its shell.,Panzer,—
235,Der Papagei,der (maskulin),Papagei,Parrot,Animals,Der Papagei kann sprechen.,The parrot can speak.,Papageien,—
236,Der Pfau,der (maskulin),Pfau,The Peacock,Animals,Der Pfau schlägt ein Rad mit seinen Federn.,The peacock displays its feathers.,Pfauen,Pfauin
237,Der Pinguin,der (maskulin),Pinguin,The Penguin,Animals,Der Pinguin kann nicht fliegen.,The penguin cannot fly.,Pinguine,—
238,Der Schmetterling,der (maskulin),Schmetterling,The Butterfly,Animals,Der Schmetterling fliegt von Blume zu Blume.,The butterfly flies from flower to flower.,Schmetterlinge,—
239,Der Schwan,der (maskulin),Schwan,Swan,Animals,Der Schwan ist weiß.,The swan is white.,Schwäne,—
240,Der Schwanz,der (maskulin),Schwanz,The Tail,Animals,Der Hund wedelt mit dem Schwanz.,The dog wags its tail.,Schwänze,—
241,Der Seehund,der (maskulin),Seehund,Seal,Animals,Der Seehund liegt auf der Sandbank und fläzt sich in der Sonne,The seal lies on the sandbank and lounges in the sun,Seehunde,—
242,Der Seelöwe,der (maskulin),Seelöwe,The Sea Lion,Animals,Der Seelöwe jongliert mit einem Ball.,The sea lion juggles a ball.,Seelöwen,—
243,Der Skorpion,der (maskulin),Skorpion,Scorpion,Animals,Der Skorpion ist giftig.,The scorpion is poisonous.,Skorpione,—
244,Der Specht,der (maskulin),Specht,The Woodpecker,Animals,Der Specht klopft an den Baumstamm.,The woodpecker knocks on the tree trunk.,Spechte,—
245,Der Stachel,der (maskulin),Stachel,The Sting,Animals,Die Biene hat einen Stachel.,The bee has a stinger.,Stacheln,—
246,Der Stich,der (maskulin),Stich,The Sting,Animals,Der Stich der Biene schwoll an.,The bee sting swelled up.,Stiche,—
247,Der Stierkampf,der (maskulin),Stierkampf,The Bullfight,Animals,Der Stierkampf ist umstritten.,Bullfighting is controversial.,Stierkämpfe,—
248,Der Strauß,der (maskulin),Strauß,The Ostrich,Animals,Der Strauß kann sehr schnell laufen.,The ostrich can run very fast.,Sträuße,—
249,Der Streifen,der (maskulin),Streifen,Stripes,Animals,Das Zebra hat schwarze und weiße Streifen.,The zebra has black and white stripes.,Streifen,—
250,Der Tiger,der (maskulin),Tiger,The Tiger,Animals,Der Tiger hat Streifen.,The tiger has stripes.,Tiger,—
251,Der Tintenfisch,der (maskulin),Tintenfisch,The Squid,Animals,Der Tintenfisch hat zehn Arme.,The squid has ten arms.,Tintenfische,—
252,Der Vogel,der (maskulin),Vogel,The Bird,Animals,Der Vogel singt im Baum.,The bird sings in the tree.,Vögel,—
253,Der Wachhund,der (maskulin),Wachhund,The Guard Dog,Animals,Der Wachhund bewacht das Haus.,The watchdog guards the house.,Wachhunde,—
254,Der Wal,der (maskulin),Wal,The Whale,Animals,Der Wal ist das größte Tier im Meer.,The whale is the largest animal in the sea.,Wale,—
255,Der Wolf,der (maskulin),Wolf,The Wolf,Animals,Der Wolf heult im Mondlicht.,The wolf howls in the moonlight.,Wölfe,—
256,Der Wurm,der (maskulin),Wurm,The Worm,Animals,Der frühe Vogel fängt den Wurm.,The early bird catches the worm.,Würmer,—
257,Die Krake,der (maskulin),Krake,The Octopus,Animals,Die Krake hat acht Arme.,The octopus has eight arms.,Kraken,—
258,Die Ameise,die (feminin),Ameise,The Ant,Animals,Die Ameise ist sehr fleißig.,The ant is very industrious.,Ameisen,Ameise
259,Die Biene,die (feminin),Biene,The Bee,Animals,Die Biene sammelt Nektar.,The bee collects nectar.,Bienen,Biene
260,Die Boa,die (feminin),Boa,The Boa,Animals,Die Boa erwürgt ihre Beute.,The boa constricts its prey.,Boas,Boa
261,Die Eidechse,die (feminin),Eidechse,The Lizard,Animals,Die Eidechse sonnt sich auf dem Stein.,The lizard suns itself on the stone.,Eidechsen,Eidechse
262,Die Ente,die (feminin),Ente,Duck,Animals,Die Ente schwimmt auf dem See.,The duck swims on the lake.,Enten,Ente
263,Die Eule,die (feminin),Eule,Owl,Animals,Die Eule ist ein Nachtvogel.,The owl is a night bird.,Eulen,Eule
264,Die Feder,die (feminin),Feder,The Spring,Animals,Der Vogel hat eine bunte Feder verloren.,The bird lost a colorful feather.,Federn,Feder
265,Die Fledermaus,die (feminin),Fledermaus,Bat,Animals,Die Fledermaus fliegt nachts.,The bat flies at night.,Fledermäuse,Fledermaus
266,Die Fliege,die (feminin),Fliege,The Fly,Animals,Die Fliege nervt mich.,The fly annoys me.,Fliegen,Fliege
267,Die Gans,die (feminin),Gans,Goose,Animals,Die Gans schnattert.,The goose honks.,Gänse,Gans
268,Die Gazelle,die (feminin),Gazelle,The Gazelle,Animals,Die Gazelle läuft sehr schnell.,The gazelle runs very fast.,Gazellen,Gazelle
269,Die Giraffe,die (feminin),Giraffe,The Giraffe,Animals,Die Giraffe hat einen langen Hals.,The giraffe has a long neck.,Giraffen,Giraffe
270,Die Grille,die (feminin),Grille,The Cricket,Animals,Die Grille zirpt am Abend.,The cricket chirps in the evening.,Grillen,Grille
271,Die Heuschrecke,die (feminin),Heuschrecke,The Grasshopper,Animals,Die Heuschrecke springt weit.,The grasshopper jumps far.,Heuschrecken,Heuschrecke
272,Die Katze,die (feminin),Katze,The Cat,Animals,Die Katze schläft auf dem Sofa.,The cat sleeps on the sofa.,Katzen,Katze
273,Die Kobra,die (feminin),Kobra,The Cobra,Animals,Die Kobra ist sehr giftig.,The cobra is very poisonous.,Kobras,Kobra
274,Die Krabbe,die (feminin),Krabbe,Shrimp,Animals,Die Krabbe läuft seitwärts.,The crab walks sideways.,Krabben,Krabbe
275,Die Krähe,die (feminin),Krähe,The Crow,Animals,Die Krähe krächzt auf dem Baum.,The crow caws on the tree.,Krähen,Krähe
276,Die Kröte,die (feminin),Kröte,The Toad,Animals,Die Kröte sitzt im Gras.,The toad sits in the grass.,Kröten,Kröte
277,Die Kuh,die (feminin),Kuh,The Cow,Animals,Die Kuh gibt Milch.,The cow gives milk.,Kühe,Kuh
278,Die Libelle,die (feminin),Libelle,The Dragonfly,Animals,Die Libelle schwirrt über das Wasser.,The dragonfly hovers over the water.,Libellen,Libelle
279,Die Made,die (feminin),Made,The Maggot,Animals,Die Made kriecht im Apfel.,The maggot crawls in the apple.,Maden,Made
280,Die Maus,die (feminin),Maus,The Mouse,Animals,Die Maus ist klein und schnell.,The mouse is small and fast.,Mäuse,Maus
281,Die Pythonschlange,die (feminin),Pythonschlange,The Python Snake,Animals,Die Pythonschlange ist riesig.,The python is huge.,Pythonschlangen,Pythonschlange
282,Die Qualle,die (feminin),Qualle,Jellyfish,Animals,Die Qualle schwimmt im Wasser.,The jellyfish swims in the water.,Quallen,Qualle
283,Die Ratte,die (feminin),Ratte,Rat,Animals,Die Ratte versteckt sich.,The rat hides.,Ratten,Ratte
284,Die Schabe,die (feminin),Schabe,The Cockroach,Animals,Eine Schabe huschte über den Boden.,A cockroach scurried across the floor.,Schaben,Schabe
285,Die Schildkröte,die (feminin),Schildkröte,The Turtle / Tortoise,Animals,Die Schildkröte bewegt sich langsam.,The turtle moves slowly.,Schildkröten,Schildkröte
286,Die Schlange,die (feminin),Schlange,Snake,Animals,Die Schlange kriecht.,The snake crawls.,Schlangen,Schlange
287,Die Spinne,die (feminin),Spinne,Spider,Animals,Die Spinne baut ein Netz.,The spider builds a web.,Spinnen,—
288,Die Taube,die (feminin),Taube,Pigeon,Animals,Die Taube fliegt weg.,The pigeon flies away.,Tauben,—
289,Die Wanze,die (feminin),Wanze,The Bug,Animals,Die Wanze saugt Blut.,The bedbug sucks blood.,Wanzen,—
290,Die Wasserschildkröte,die (feminin),Wasserschildkröte,The Water Turtle,Animals,Die Wasserschildkröte schwimmt im Aquarium.,The turtle swims in the aquarium.,Wasserschildkröten,—
291,Die Wespe,die (feminin),Wespe,The Wasp,Animals,Die Wespe hat ihn gestochen.,The wasp stung him.,Wespen,—
292,Die Ziege,die (feminin),Ziege,Goat,Animals,Die Ziege frisst Gras.,The goat eats grass.,Ziegen,—
293,Bellen,Verb,Bellen,Bay,Animals,Der Hund begann laut zu bellen.,The dog started to bark loudly.,—,—
294,Blöken,Verb,Blöken,Bleating,Animals,Die Schafe blöken auf der Weide.,The sheep bleat in the pasture.,—,—
295,Brüllen,Verb,Brüllen,Roar,Animals,Der Löwe brüllt in der Savanne.,The lion roars in the savanna.,—,—
296,Brummen,Verb,Brummen,Humming,Animals,Der Bär brummt zufrieden.,The bear growls contentedly.,—,—
297,Grunzen,Verb,Grunzen,Grunt,Animals,Das Schwein grunzt im Stall.,The pig grunts in the sty.,—,—
298,Knurren,Verb,Knurren,Growl,Animals,Der Hund knurrt den Fremden an.,The dog growls at the stranger.,—,—
299,Krähen,Verb,Krähen,Crow,Animals,Der Hahn kräht am Morgen.,The rooster crows in the morning.,—,—
300,Miauen,Verb,Miauen,Meow,Animals,Die Katze miaut vor der Tür.,The cat meows at the door.,—,—
301,Muhen,Verb,Muhen,Low,Animals,Die Kuh muht auf der Wiese.,The cow moos in the meadow.,—,—
302,Piepsen,Verb,Piepsen,Beep,Animals,Die kleinen Vögel piepsen im Nest.,The little birds peep in the nest.,—,—
303,Quaken,Verb,Quaken,Croak,Animals,Die Frösche quaken am See.,The frogs croak at the lake.,—,—
304,Schnurren,Verb,Schnurren,Purr,Animals,Die Katze schnurrt auf meinem Schoß.,The cat purrs on my lap.,—,—
305,Springen,Verb,Springen,Jump,Animals,Das Pferd kann hoch springen.,The horse can jump high.,—,—
306,Überzeugt,adjektiv,Überzeugt,Convinced,"Safety, Emergencies & Social Interaction",Ich bin fest davon überzeugt.,I am firmly convinced of it.,—,—
307,Andererseits,Adverb,Andererseits,On The Other Hand,"Safety, Emergencies & Social Interaction",Andererseits hat er auch gute Seiten.,"On the other hand, he also has good sides.",—,—
308,Deshalb,Adverb,Deshalb,For This Reason,"Safety, Emergencies & Social Interaction",Deshalb bin ich heute hier.,That is why I am here today.,—,—
309,Deswegen,Adverb,Deswegen,Because Of This,"Safety, Emergencies & Social Interaction","Er war krank, deswegen konnte er nicht kommen.","He was sick, therefore he could not come.",—,—
310,Immerhin,Adverb,Immerhin,Anyway,"Safety, Emergencies & Social Interaction",Er hat sich immerhin entschuldigt.,He apologized after all.,—,—
311,Infolgedessen,Adverb,Infolgedessen,As A Result,"Safety, Emergencies & Social Interaction",Infolgedessen mussten wir den Plan ändern.,"As a result, we had to change the plan.",—,—
312,Jedoch,Adverb,Jedoch,However,"Safety, Emergencies & Social Interaction",Das ist jedoch nicht das einzige Problem.,"However, that is not the only problem.",—,—
313,Letztendlich,Adverb,Letztendlich,Ultimately,"Safety, Emergencies & Social Interaction",Letztendlich haben wir uns doch geeinigt.,"Ultimately, we did agree.",—,—
314,Schließlich,Adverb,Schließlich,Finally,"Safety, Emergencies & Social Interaction",Schließlich ist er mein Bruder.,"After all, he is my brother.",—,—
315,Sozusagen,Adverb,Sozusagen,So To Speak,"Safety, Emergencies & Social Interaction",Er ist sozusagen der Chef hier.,"He is, so to speak, the boss here.",—,—
316,Teilweise,Adverb,Teilweise,Partially,"Safety, Emergencies & Social Interaction",Ich stimme dir nur teilweise zu.,I only partially agree with you.,—,—
317,Zweifellos,Adverb,Zweifellos,Undoubtedly,"Safety, Emergencies & Social Interaction",Er ist zweifellos der beste Spieler.,He is undoubtedly the best player.,—,—
318,Das Argument,das (neutrum),Argument,The Argument,"Safety, Emergencies & Social Interaction",Das ist ein sehr starkes Argument.,That is a very strong argument.,Argumente,—
319,Das Gespräch,das (neutrum),Gespräch,The Conversation,"Safety, Emergencies & Social Interaction",Wir hatten ein langes Gespräch.,We had a long conversation.,Gespräche,—
320,Das Mißverständnis,das (neutrum),Mißverständnis,The Misunderstanding,"Safety, Emergencies & Social Interaction",Das war ein großes Missverständnis.,That was a big misunderstanding.,Mißverständnisse,—
321,Der Dialog,der (maskulin),Dialog,The Dialogue,"Safety, Emergencies & Social Interaction",Der Dialog zwischen den beiden war interessant.,The dialogue between the two was interesting.,Dialoge,—
322,Der Einwand,der (maskulin),Einwand,The Objection,"Safety, Emergencies & Social Interaction",Er erhob Einwand gegen den Vorschlag.,He raised an objection to the proposal.,Einwände,—
323,Der Standpunkt,der (maskulin),Standpunkt,The Standpoint,"Safety, Emergencies & Social Interaction",Er vertritt einen klaren Standpunkt.,He takes a clear position.,Standpunkte,—
324,Der Streit,der (maskulin),Streit,The Dispute,"Safety, Emergencies & Social Interaction",Der Streit eskalierte schnell.,The argument escalated quickly.,—,—
325,Die Ansicht,die (feminin),Ansicht,The View,"Safety, Emergencies & Social Interaction",Meiner Ansicht nach ist das falsch.,"In my view, that is wrong.",Ansichten,Ansicht
326,Die Debatte,die (feminin),Debatte,The Debate,"Safety, Emergencies & Social Interaction",Die Debatte war sehr hitzig.,The debate was very heated.,Debatten,Debatte
327,Die Diskussion,die (feminin),Diskussion,The Discussion,"Safety, Emergencies & Social Interaction",Die Diskussion dauerte mehrere Stunden.,The discussion lasted several hours.,Diskussionen,Diskussion
328,Die Erklärung,die (feminin),Erklärung,The Explanation,"Safety, Emergencies & Social Interaction",Die Erklärung war nicht überzeugend.,The explanation was not convincing.,Erklärungen,Erklärung
329,Die Idee,die (feminin),Idee,The Idea,"Safety, Emergencies & Social Interaction",Das ist eine großartige Idee!,That is a great idea!,Ideen,Idee
330,Die Kritik,die (feminin),Kritik,The Criticism,"Safety, Emergencies & Social Interaction",Die Kritik war berechtigt.,The criticism was justified.,—,Kritik
331,Die Meinung,die (feminin),Meinung,The Opinion,"Safety, Emergencies & Social Interaction",Was ist deine Meinung dazu?,What is your opinion on that?,Meinungen,Meinung
332,Die Unterhaltung,die (feminin),Unterhaltung,The Entertainment,"Safety, Emergencies & Social Interaction",Die Unterhaltung war sehr angenehm.,The conversation was very pleasant.,Unterhaltungen,—
333,Als Beispiel,Phrase,Als Beispiel,As An Example,"Safety, Emergencies & Social Interaction",Lass mich dir das als Beispiel zeigen.,Let me show you this as an example.,—,—
334,"Angenommen, Daß",Phrase,"Angenommen, daß",Assuming That,"Safety, Emergencies & Social Interaction","Angenommen, dass es regnet, was machen wir dann?","Assuming that it rains, what do we do then?",—,—
335,Auf Alle Fälle,Phrase,Auf alle Fälle,In Any Case,"Safety, Emergencies & Social Interaction",Wir müssen auf alle Fälle dort sein.,We must be there in any case.,—,—
336,Auf Den Ersten Blick,Phrase,Auf den ersten Blick,At First Glance,"Safety, Emergencies & Social Interaction",Auf den ersten Blick schien alles normal.,"At first glance, everything seemed normal.",—,—
337,Auf Jeden Fall,Phrase,Auf jeden Fall,In Any Case,"Safety, Emergencies & Social Interaction",Wir müssen auf jeden Fall pünktlich sein.,We must definitely be on time.,—,—
338,Auf Keinen Fall,Phrase,Auf keinen Fall,Absolutely Not,"Safety, Emergencies & Social Interaction",Ich werde das auf keinen Fall tun.,I will absolutely not do that.,—,—
339,Aus Gutem Grund,Phrase,Aus gutem Grund,For Good Reason,"Safety, Emergencies & Social Interaction",Er hat das aus gutem Grund getan.,He did that for a good reason.,—,—
340,Aus Keinem Ersichtlichen Grund,Phrase,Aus keinem ersichtlichen Grund,For No Apparent Reason,"Safety, Emergencies & Social Interaction",Er weinte aus keinem ersichtlichen Grund.,He cried for no apparent reason.,—,—
341,Das Glauben Sie Selbst Nicht,Phrase,Das Glauben Sie Selbst Nicht,You Don'T Believe That Yourself.,"Safety, Emergencies & Social Interaction",Das glauben Sie selbst nicht!,You don't believe that yourself!,—,—
342,"Das Hat Zur Folgen, Daß",Phrase,"Das Hat Zur Folgen, Daß",This Has The Consequence That,"Safety, Emergencies & Social Interaction","Das hat zur Folge, dass wir warten müssen.",The consequence is that we have to wait.,—,—
343,Das Sind Nackte Tatsachen,Phrase,Das Sind Nackte Tatsachen,These Are The Bare Facts.,"Safety, Emergencies & Social Interaction",Das sind nackte Tatsachen.,Those are bare facts.,—,—
344,"Den Standpunkt Vertreten, Daß",Phrase,"Den Standpunkt Vertreten, Daß",To Take The Position That,"Safety, Emergencies & Social Interaction","Ich vertrete den Standpunkt, dass wir handeln müssen.",I take the view that we must act.,—,—
345,Den Tatsachen Ins Auge Sehen,Phrase,Den Tatsachen Ins Auge Sehen,Face The Facts,"Safety, Emergencies & Social Interaction",Wir müssen den Tatsachen ins Auge sehen.,We have to face the facts.,—,—
346,Ein Für Allemal,Phrase,Ein für allemal,Once And For All,"Safety, Emergencies & Social Interaction",Wir müssen das ein für allemal klären.,We must clarify this once and for all.,—,—
347,Ein Grund Mehr Zu,Phrase,Ein Grund Mehr Zu,One More Reason To,"Safety, Emergencies & Social Interaction","Das ist ein Grund mehr, zu feiern.",That is one more reason to celebrate.,—,—
348,Einfach Weil,Phrase,Einfach Weil,Simply Because,"Safety, Emergencies & Social Interaction","Ich tat es einfach, weil ich es wollte.",I did it simply because I wanted to.,—,—
349,"Es Besteht Kein Zweifel, Daß",Phrase,"Es Besteht Kein Zweifel, Daß",There Is No Doubt That,"Safety, Emergencies & Social Interaction","Es besteht kein Zweifel, dass er schuldig ist.",There is no doubt that he is guilty.,—,—
350,"Es Geht Nur Darum, Zu",Phrase,"Es Geht Nur Darum, Zu",It'S Only About...,"Safety, Emergencies & Social Interaction","Es geht nur darum, zu gewinnen.",It's just about winning.,—,—
351,Es Geht Um,Phrase,Es Geht Um,It'S About,"Safety, Emergencies & Social Interaction",Worum geht es hier eigentlich?,What is this actually about?,—,—
352,"Es Hängt Davon Ab, Ob",Phrase,"Es Hängt Davon Ab, Ob",It Depends If,"Safety, Emergencies & Social Interaction","Es hängt davon ab, ob das Wetter gut ist.",It depends on whether the weather is good.,—,—
353,"Es Ist Eigentlich Schade, Denn",Phrase,"Es Ist Eigentlich Schade, Denn","It'S Actually A Shame, Because","Safety, Emergencies & Social Interaction","Es ist eigentlich schade, denn es war ein gutes Projekt.","It's actually a pity, because it was a good project.",—,—
354,Es Ist Genau Wie,Phrase,Es Ist Genau Wie,It'S Exactly Like,"Safety, Emergencies & Social Interaction",Es ist genau wie beim letzten Mal.,It is exactly like last time.,—,—
355,Es Ist Nicht Der Fall,Phrase,Es Ist Nicht Der Fall,That Is Not The Case.,"Safety, Emergencies & Social Interaction",Das ist hier leider nicht der Fall.,"Unfortunately, that is not the case here.",—,—
356,"Es Ist So Viel Leichter, Zu",Phrase,"Es Ist So Viel Leichter, Zu",It'S So Much Easier To,"Safety, Emergencies & Social Interaction","Es ist so viel leichter, zu kritisieren als zu helfen.",It is so much easier to criticize than to help.,—,—
357,"Es Wäre Besser, Wenn",Phrase,"Es Wäre Besser, Wenn",It Would Be Better If,"Safety, Emergencies & Social Interaction","Es wäre besser, wenn wir jetzt gehen.",It would be better if we go now.,—,—
358,"Es Wäre Viel Besser, Wenn",Phrase,"Es Wäre Viel Besser, Wenn",It Would Be Much Better If,"Safety, Emergencies & Social Interaction","Es wäre viel besser, wenn du kommst.",It would be much better if you come.,—,—
359,"Ganz Abgesehen Davon, Daß",Phrase,"Ganz Abgesehen Davon, Daß",Quite Apart From The Fact That,"Safety, Emergencies & Social Interaction","Ganz abgesehen davon, dass es zu teuer ist.",Quite apart from the fact that it is too expensive.,—,—
360,Große Fortschritte Machen,Phrase,Große Fortschritte Machen,Make Great Progress,"Safety, Emergencies & Social Interaction",Wir machen große Fortschritte.,We are making great progress.,—,—
361,"Ich Frage Mich, Ob",Phrase,"Ich Frage Mich, Ob",I Wonder If,"Safety, Emergencies & Social Interaction","Ich frage mich, ob er heute noch kommt.",I wonder if he is still coming today.,—,—
362,"Ich Gebe Gern Zu, Daß",Phrase,"Ich Gebe Gern Zu, Daß",I Readily Admit That,"Safety, Emergencies & Social Interaction","Ich gebe gern zu, dass ich mich geirrt habe.",I readily admit that I was wrong.,—,—
363,Im Allgemeinen,Phrase,Im Allgemeinen,Generally,"Safety, Emergencies & Social Interaction",Im Allgemeinen ist das Wetter hier gut.,"In general, the weather here is good.",—,—
364,Im Besten Fall,Phrase,Im Besten Fall,In The Best Case,"Safety, Emergencies & Social Interaction",Im besten Fall sind wir morgen fertig.,"At best, we will be finished tomorrow.",—,—
365,Immer Besser,Phrase,Immer Besser,Better And Better,"Safety, Emergencies & Social Interaction",Es wird immer besser.,It is getting better and better.,—,—
366,In Diesem Fall,Phrase,In diesem Fall,In This Case,"Safety, Emergencies & Social Interaction",In diesem Fall müssen wir eine Ausnahme machen.,In this case we have to make an exception.,—,—
367,In Diesem Moment,Phrase,In diesem Moment,At This Moment,"Safety, Emergencies & Social Interaction",In diesem Moment klingelte das Telefon.,At this moment the phone rang.,—,—
368,"In erster Linie Geht Es Darum, Daß",Phrase,"In erster Linie Geht Es Darum, Daß",The Primary Point Is That,"Safety, Emergencies & Social Interaction","In erster Linie geht es darum, dass alle sicher sind.","First and foremost, it is about everyone being safe.",—,—
369,"Klar Ist, Daß",Phrase,"Klar Ist, Daß",It Is Clear That,"Safety, Emergencies & Social Interaction","Klar ist, dass wir etwas ändern müssen.",It is clear that we have to change something.,—,—
370,Kurz Gesagt,Phrase,Kurz Gesagt,In Short,"Safety, Emergencies & Social Interaction","Kurz gesagt, das Projekt war ein Misserfolg.","In short, the project was a failure.",—,—
371,Meiner Meinung,Phrase,Meiner Meinung,In My Opinion,"Safety, Emergencies & Social Interaction",Meiner Meinung nach ist das eine schlechte Idee.,"In my opinion, that is a bad idea.",—,—
372,Meinerseits; Von Mir Aus,Phrase,Meinerseits; Von Mir Aus,On My Part; From My Side,"Safety, Emergencies & Social Interaction",Von mir aus können wir gehen.,"As far as I'm concerned, we can go.",—,—
373,Nicht Nur ... Sondern Auch,Phrase,Nicht Nur ... Sondern Auch,Not Only But Also,"Safety, Emergencies & Social Interaction","Er spricht nicht nur Englisch, sondern auch Französisch.",He speaks not only English but also French.,—,—
374,Offen Gesagt,Phrase,Offen Gesagt,Frankly Speaking,"Safety, Emergencies & Social Interaction","Offen gesagt, ich weiß es nicht.","Frankly speaking, I don't know.",—,—
375,Ohne Weiteres,Phrase,Ohne Weiteres,Just Like That,"Safety, Emergencies & Social Interaction",Das kann man nicht ohne weiteres behaupten.,One cannot simply claim that.,—,—
376,Recht-Haben,Phrase,Recht-Haben,To Be Right,"Safety, Emergencies & Social Interaction",Du scheinst recht zu haben.,You seem to be right.,—,—
377,"Sicher Ist, Daß",Phrase,"Sicher Ist, Daß",It Is Certain That,"Safety, Emergencies & Social Interaction","Sicher ist, dass wir mehr Zeit brauchen.",What is certain is that we need more time.,—,—
378,Sowohl .. Als Auch,Phrase,Sowohl .. Als Auch,As Well As,"Safety, Emergencies & Social Interaction",Sowohl er als auch sie waren dort.,Both he and she were there.,—,—
379,"Tatsache Ist, Daß",Phrase,"Tatsache Ist, Daß",The Fact Is That,"Safety, Emergencies & Social Interaction","Tatsache ist, dass wir kein Geld mehr haben.",The fact is that we have no more money.,—,—
380,Und Außerdem,Phrase,Und Außerdem,And Also,"Safety, Emergencies & Social Interaction",Und außerdem ist es schon spät.,"And besides, it's already late.",—,—
381,Vor Allem,Phrase,Vor Allem,Above All,"Safety, Emergencies & Social Interaction",Wir müssen vor allem Ruhe bewahren.,"Above all, we must keep calm.",—,—
382,Wahr-Sein,Phrase,Wahr-Sein,To Be True,"Safety, Emergencies & Social Interaction",Das muss wahr sein.,That must be true.,—,—
383,Was Ist Denn Zu Tun?,Phrase,Was Ist Denn Zu Tun?,What Needs To Be Done?,"Safety, Emergencies & Social Interaction",Was ist denn jetzt zu tun?,So what is to be done now?,—,—
384,Wenn Es Nicht Anders Geht,Phrase,Wenn Es Nicht Anders Geht,If There Is No Other Way,"Safety, Emergencies & Social Interaction","Wir machen es, wenn es nicht anders geht.",We will do it if there is no other way.,—,—
385,Wenn Nötig,Phrase,Wenn Nötig,If Necessary,"Safety, Emergencies & Social Interaction","Ich werde dir helfen, wenn nötig.",I will help you if necessary.,—,—
386,Zunächst Einmal,Phrase,Zunächst Einmal,First Of All,"Safety, Emergencies & Social Interaction",Zunächst einmal müssen wir das Problem analysieren.,"First of all, we need to analyze the problem.",—,—
387,Ablehnen,Verb,Ablehnen,Refuse,"Safety, Emergencies & Social Interaction",Ich muss dein Angebot leider ablehnen.,"Unfortunately, I have to decline your offer.",—,—
388,Beeinflussen,Verb,Beeinflussen,Influence,"Safety, Emergencies & Social Interaction",Das Wetter kann unsere Stimmung beeinflussen.,The weather can influence our mood.,—,—
389,Behaupten,Verb,Behaupten,Claim,"Safety, Emergencies & Social Interaction","Er behauptet, dass er unschuldig ist.",He claims that he is innocent.,—,—
390,Bestreiten,Verb,Bestreiten,Deny,"Safety, Emergencies & Social Interaction","Ich bestreite nicht, dass ich Fehler gemacht habe.",I do not deny that I made mistakes.,—,—
391,Betonen,Verb,Betonen,Emphasize,"Safety, Emergencies & Social Interaction",Er betonte die Wichtigkeit des Projekts.,He emphasized the importance of the project.,—,—
392,Bezweifeln,Verb,Bezweifeln,Doubt,"Safety, Emergencies & Social Interaction","Ich bezweifle, dass er die Wahrheit sagt.",I doubt that he is telling the truth.,—,—
393,Einwenden,Verb,Einwenden,Object,"Safety, Emergencies & Social Interaction","Ich muss hier leider einwenden, dass das nicht stimmt.","Unfortunately, I have to object here that this is not true.",—,—
394,Erwähnen,Verb,Erwähnen,Mention,"Safety, Emergencies & Social Interaction","Er vergaß, dieses Detail zu erwähnen.",He forgot to mention this detail.,—,—
395,Hinzufügen,Verb,Hinzufügen,Add,"Safety, Emergencies & Social Interaction",Ich möchte noch etwas hinzufügen.,I would like to add something.,—,—
396,Informieren,Verb,Informieren,Inform,"Safety, Emergencies & Social Interaction",Bitte informieren Sie mich rechtzeitig.,Please inform me in good time.,—,—
397,Kapieren,Verb,Kapieren,Understand,"Safety, Emergencies & Social Interaction","Hast du endlich kapiert, wie das funktioniert?",Did you finally get how that works?,—,—
398,Kritisieren,Verb,Kritisieren,Criticize,"Safety, Emergencies & Social Interaction",Er kritisiert gerne andere Leute.,He likes to criticize other people.,—,—
399,Stimmt,Verb,Stimmt,True,"Safety, Emergencies & Social Interaction",Das stimmt genau!,That is exactly right!,—,—
400,Täuschen,Verb,Täuschen,Deceive,"Safety, Emergencies & Social Interaction",Lass dich nicht von ihm täuschen.,Don't let him deceive you.,—,—
401,Überreden,Verb,Überreden,Convince,"Safety, Emergencies & Social Interaction","Ich konnte ihn überreden, mitzukommen.",I was able to persuade him to come along.,—,—
402,Übertreiben,Verb,Übertreiben,Exaggerate,"Safety, Emergencies & Social Interaction",Du darfst nicht so maßlos übertreiben.,You must not exaggerate so excessively.,—,—
403,Überzeugen,Verb,Überzeugen,Convince,"Safety, Emergencies & Social Interaction",Seine Argumente konnten mich nicht überzeugen.,His arguments could not convince me.,—,—
404,Verteidigen,Verb,Verteidigen,Defend,"Safety, Emergencies & Social Interaction",Er musste sich vor Gericht verteidigen.,He had to defend himself in court.,—,—
405,Voraus-Sehen,Verb,Voraus-Sehen,Foreseeing,"Safety, Emergencies & Social Interaction",Das konnte niemand voraussehen.,No one could foresee that.,—,—
406,Vortäuschen,Verb,Vortäuschen,Pretend,"Safety, Emergencies & Social Interaction","Er wollte nur vortäuschen, krank zu sein.",He just wanted to pretend to be sick.,—,—
407,Widerlegen,Verb,Widerlegen,Refute,"Safety, Emergencies & Social Interaction",Seine Theorie wurde schnell widerlegt.,His theory was quickly refuted.,—,—
408,Wiederholen,Verb,Wiederholen,Repeat,"Safety, Emergencies & Social Interaction",Könnten Sie das bitte wiederholen?,Could you please repeat that?,—,—
409,Zustimmen,Verb,Zustimmen,Agree,"Safety, Emergencies & Social Interaction",Ich muss dir leider zustimmen.,"Unfortunately, I have to agree with you.",—,—
410,Innovativ,adjektiv,Innovativ,Innovative,Arts & Entertainment,Sein Stil ist sehr innovativ und einzigartig.,His style is very innovative and unique.,—,—
411,Das Ballett,das (neutrum),Ballett,The Ballet,Arts & Entertainment,Sie tanzt seit Jahren Ballett.,She has been dancing ballet for years.,Ballette,—
412,Das Denkmal,das (neutrum),Denkmal,The Monument,Arts & Entertainment,Das Denkmal erinnert an die Geschichte der Stadt.,The monument commemorates the city’s history.,Denkmäler,—
413,Das Meisterwerk,das (neutrum),Meisterwerk,The Masterpiece,Arts & Entertainment,Dieses Gemälde gilt als sein Meisterwerk.,This painting is considered his masterpiece.,Meisterwerke,—
414,Das Museum,das (neutrum),Museum,The Museum,Arts & Entertainment,Das Museum hat eine neue Ausstellung eröffnet.,The museum has opened a new exhibition.,Museen,—
415,Das Orchester,das (neutrum),Orchester,The Orchestra,Arts & Entertainment,Das Orchester spielt eine Symphonie von Beethoven.,The orchestra is playing a symphony by Beethoven.,Orchester,—
416,Das Theater,das (neutrum),Theater,The Theatre,Arts & Entertainment,Im Theater wird ein neues Stück aufgeführt.,A new play is being performed at the theatre.,Theater,—
417,Der Dirigent,der (maskulin),Dirigent,The Conductor,Arts & Entertainment,Der Dirigent leitet das Orchester meisterhaft.,The conductor leads the orchestra masterfully.,Dirigenten,Dirigentin
418,Der Einfluss,der (maskulin),Einfluss,The Influence,Arts & Entertainment,Der Einfluss der Renaissance ist deutlich erkennbar.,The influence of the Renaissance is clearly visible.,—,—
419,Der Impressionismus,der (maskulin),Impressionismus,The Impressionism,Arts & Entertainment,Monet ist ein bekannter Künstler des Impressionismus.,Monet is a well-known artist of Impressionism.,—,—
420,Der Künstler,der (maskulin),Künstler,The Artist,Arts & Entertainment,Der Künstler stellt seine Werke in Berlin aus.,The artist is exhibiting his works in Berlin.,Künstler,Künstlerin
421,Die Ästhetik,die (feminin),Ästhetik,The Aesthetics,Arts & Entertainment,Die Ästhetik des Gemäldes ist beeindruckend.,The aesthetics of the painting are impressive.,—,Ästhetik
422,Die Aufführung,die (feminin),Aufführung,The Performance – Theatre,Arts & Entertainment,Die Aufführung beginnt um 20 Uhr.,The performance starts at 8 PM.,Aufführungen,Aufführung
423,Die Ausstellung,die (feminin),Ausstellung,The Exhibition,Arts & Entertainment,Wir besuchen morgen die Ausstellung im Museum.,We’re visiting the exhibition at the museum tomorrow.,Ausstellungen,Ausstellung
424,Die Galerie,die (feminin),Galerie,The Gallery,Arts & Entertainment,In der Galerie werden moderne Kunstwerke ausgestellt.,Modern artworks are exhibited in the gallery.,Galerien,Galerie
425,Die Inspiration,die (feminin),Inspiration,The Inspiration,Arts & Entertainment,Die Natur ist ihre größte Inspiration.,Nature is her greatest inspiration.,—,Inspiration
426,Die Kreativität,die (feminin),Kreativität,The Creativity,Arts & Entertainment,Kreativität ist in der Kunst sehr wichtig.,Creativity is very important in art.,—,Kreativität
427,Die Kultur,die (feminin),Kultur,The Culture,Arts & Entertainment,Die Kultur dieses Landes ist reich und vielfältig.,The culture of this country is rich and diverse.,Kulturen,Kultur
428,Die Kunstbewegung,die (feminin),Kunstbewegung,The Art Movement,Arts & Entertainment,Der Surrealismus war eine bedeutende Kunstbewegung.,Surrealism was a significant art movement.,Kunstbewegungen,Kunstbewegung
429,Die Malerei,die (feminin),Malerei,The Painting,Arts & Entertainment,Die Malerei ist seine größte Leidenschaft.,Painting is his greatest passion.,—,Malerei
430,Die Moderne,die (feminin),Moderne,The Modernity,Arts & Entertainment,Die Moderne brachte viele Veränderungen in der Kunst.,Modernity brought many changes in art.,—,—
431,Die Oper,die (feminin),Oper,The Opera,Arts & Entertainment,Wir haben Tickets für die Oper heute Abend.,We have tickets for the opera tonight.,Opern,Oper
432,Die Skulptur,die (feminin),Skulptur,The Sculpture,Arts & Entertainment,Die Skulptur im Park ist aus Bronze.,The sculpture in the park is made of bronze.,Skulpturen,—
433,Die Symphonie,die (feminin),Symphonie,The Symphony,Arts & Entertainment,Die Symphonie war atemberaubend.,The symphony was breathtaking.,Symphonien,—
434,Die Volkskunst,die (feminin),Volkskunst,The Folk Art,Arts & Entertainment,Die Volkskunst spiegelt die Kultur des Landes wider.,Folk art reflects the country’s culture.,—,—
435,Interpretieren,Verb,Interpretieren,To Interpret,Arts & Entertainment,Wie würdest du dieses Gedicht interpretieren?,How would you interpret this poem?,—,—
436,Künstlerisch,adjektiv,Künstlerisch,Artistic,Arts & Entertainment,Das ist sehr künstlerisch gestaltet.,That is designed very artistically.,—,—
437,Künstlich,adjektiv,Künstlich,Artificially,Arts & Entertainment,Der See wurde künstlich angelegt.,The lake was created artificially.,—,—
438,Das Aquarell,das (neutrum),Aquarell,The Watercolor,Arts & Entertainment,Sie malt ein wunderschönes Aquarell.,She is painting a beautiful watercolor.,Aquarelle,—
439,Das Atelier,das (neutrum),Atelier,The Studio,Arts & Entertainment,Der Künstler arbeitet in seinem Atelier.,The artist works in his studio.,Ateliers,—
440,Das Bild,das (neutrum),Bild,The Image,Arts & Entertainment,Das Bild hängt schief.,The picture hangs crooked.,Bilder,—
441,Das Gemälde,das (neutrum),Gemälde,The Painting,Arts & Entertainment,Das Gemälde ist Millionen wert.,The painting is worth millions.,Gemälde,—
442,Das Modell,das (neutrum),Modell,The Model,Arts & Entertainment,Sie stand Modell für den berühmten Maler.,She modeled for the famous painter.,Modelle,—
443,Das Mosaik,das (neutrum),Mosaik,The Mosaic,Arts & Entertainment,Das Mosaik besteht aus tausenden kleinen Steinen.,The mosaic consists of thousands of small stones.,Mosaiken,—
444,Das Porträt,das (neutrum),Porträt,The Portrait,Arts & Entertainment,Das Porträt sieht dir sehr ähnlich.,The portrait looks very much like you.,Porträts,—
445,Del Dom,der (maskulin),Dom,Del Dom,Arts & Entertainment,Der Kölner Dom ist weltberühmt.,The Cologne Cathedral is world-famous.,Dome/Doms,—
446,Der Abdruck,der (maskulin),Abdruck,The Imprint,Arts & Entertainment,Der Abdruck seines Fußes war im Sand zu sehen.,The imprint of his foot was visible in the sand.,Abdrücke,—
447,Der Akt,der (maskulin),Akt,The Act,Arts & Entertainment,Das Theaterstück hat drei Akte.,The play has three acts.,Akte,—
448,Der Bau,der (maskulin),Bau,The Construction,Arts & Entertainment,Der Bau der Autobahn verzögert sich.,The construction of the highway is delayed.,Bauten,—
449,Der Bildhauer,der (maskulin),Bildhauer,The Sculptor,Arts & Entertainment,Der Bildhauer formt eine Statue aus Marmor.,The sculptor forms a statue out of marble.,Bildhauer,Bildhauerin
450,Der Bildteppich,der (maskulin),Bildteppich,The Tapestry,Arts & Entertainment,Der alte Bildteppich hängt im Schloss.,The old tapestry hangs in the castle.,Bildteppiche,—
451,Der Bogen,der (maskulin),Bogen,The Bow,Arts & Entertainment,Der Bogen der Brücke ist sehr elegant.,The arch of the bridge is very elegant.,Bögen,—
452,Der Katalog,der (maskulin),Katalog,The Catalogue,Arts & Entertainment,Ich habe die Produkte im Katalog gefunden.,I found the products in the catalog.,Kataloge,—
453,Der Pinsel,der (maskulin),Pinsel,The Brush,Arts & Entertainment,Er wusch den Pinsel sorgfältig aus.,He washed the brush carefully.,Pinsel,—
454,Der Rahmen,der (maskulin),Rahmen,The Frame,Arts & Entertainment,Der Rahmen passt perfekt zum Bild.,The frame matches the picture perfectly.,Rahmen,—
455,Der Ton,der (maskulin),Ton,The Tone,Arts & Entertainment,Sie formte eine Schale aus Ton.,She formed a bowl out of clay.,Töne,—
456,Die Büste,die (feminin),Büste,The Bust,Arts & Entertainment,Die Büste von Beethoven steht auf dem Klavier.,The bust of Beethoven stands on the piano.,Büsten,Büste
457,Die Gemäldegalerie,die (feminin),Gemäldegalerie,The Art Gallery,Arts & Entertainment,Wir besuchten die nationale Gemäldegalerie.,We visited the national picture gallery.,Gemäldegalerien,Gemäldegalerie
458,Die Holzschnitzerei,die (feminin),Holzschnitzerei,The Wood Carving,Arts & Entertainment,Diese Holzschnitzerei ist sehr detailliert.,This wood carving is very detailed.,Holzschnitzereien,Holzschnitzerei
459,Die Karikatur,die (feminin),Karikatur,The Caricature,Arts & Entertainment,Die Karikatur in der Zeitung war sehr lustig.,The caricature in the newspaper was very funny.,Karikaturen,Karikatur
460,Die Keramik,die (feminin),Keramik,The Ceramics,Arts & Entertainment,Sie macht gerne Keramik in ihrer Freizeit.,She likes making ceramics in her free time.,—,Keramik
461,Die Kohle,die (feminin),Kohle,The Coal,Arts & Entertainment,Er zeichnet am liebsten mit Kohle.,He prefers to draw with charcoal.,— (Unzählbar),Kohle
462,Die Kunst,die (feminin),Kunst,Art,Arts & Entertainment,Kunst ist ein wichtiger Teil unserer Kultur.,Art is an important part of our culture.,—,Kunst
463,Die Kunstsammlung,die (feminin),Kunstsammlung,The Art Collection,Arts & Entertainment,Die Kunstsammlung wurde dem Museum gespendet.,The art collection was donated to the museum.,Kunstsammlungen,Kunstsammlung
464,Die Kuppel,die (feminin),Kuppel,The Dome,Arts & Entertainment,Die Kuppel der Kirche ist beeindruckend.,The dome of the church is impressive.,Kuppeln,Kuppel
465,Die Landschaft,die (feminin),Landschaft,The Landscape,Arts & Entertainment,Die Landschaft in dieser Region ist atemberaubend.,The landscape in this region is breathtaking.,Landschaften,Landschaft
466,Die Palette,die (feminin),Palette,The Palette,Arts & Entertainment,Die Palette fiel auf den Boden.,The palette fell on the floor.,Paletten,Palette
467,Die Sammlung,die (feminin),Sammlung,The Collection,Arts & Entertainment,Seine Sammlung von Briefmarken ist riesig.,His collection of stamps is huge.,Sammlungen,Sammlung
468,Die Skizze,die (feminin),Skizze,The Sketch,Arts & Entertainment,Er machte eine schnelle Skizze von der Szene.,He made a quick sketch of the scene.,Skizzen,—
469,Die Statue,die (feminin),Statue,The Statue,Arts & Entertainment,Die Freiheitsstatue ist ein Wahrzeichen.,The Statue of Liberty is a landmark.,Statuen,—
470,Die Töpferware,die (feminin),Töpferware,The Pottery,Arts & Entertainment,Die Töpferware wurde auf dem Markt verkauft.,The pottery was sold at the market.,Töpferwaren,—
471,Säule,die (feminin),Säule,The Column,Arts & Entertainment,Die Säule stützt das Dach.,The column supports the roof.,Säulen,—
472,Bearbeiten,Verb,Bearbeiten,Edit,Arts & Entertainment,Er muss das Holz noch bearbeiten.,He still has to process the wood.,—,—
473,Das Schmücken,Verb,Schmücken,The Decorating,Arts & Entertainment,Das Schmücken des Weihnachtsbaums macht Spaß.,Decorating the Christmas tree is fun.,—,—
474,Gravieren,Verb,Gravieren,Engraving,Arts & Entertainment,Er ließ seinen Namen in den Ring gravieren.,He had his name engraved in the ring.,—,—
475,Kreieren,Verb,Kreieren,Create,Arts & Entertainment,Der Designer möchte eine neue Kollektion kreieren.,The designer wants to create a new collection.,—,—
476,Formen,Verb/Nomen,Formen,Shapes,Arts & Entertainment,Sie formen den Teig zu kleinen Kugeln.,They form the dough into small balls.,Formen,—
477,Kostenlos,adjektiv,Kostenlos,Free Of Charge,Business & Finance,Die Kontoeröffnung ist kostenlos.,Opening the account is free of charge.,—,—
478,Das Formular,das (neutrum),Formular,The Form,Business & Finance,Bitte füllen Sie dieses Formular aus.,Please fill out this form.,Formulare,—
479,Das Girokonto,das (neutrum),Girokonto,The Checking Account,Business & Finance,Ich möchte ein Girokonto eröffnen.,I would like to open a checking account.,Girokonten,—
480,Das Konto,das (neutrum),Konto,The Account,Business & Finance,Wie ist Ihre Kontonummer?,What is your account number?,Konten,—
481,Das Online-Banking,das (neutrum),Online-Banking,The Online Banking,Business & Finance,Ich nutze gerne Online-Banking.,I like to use online banking.,—,—
482,Das Passwort,das (neutrum),Passwort,The Password,Business & Finance,Bitte geben Sie Ihr Passwort ein.,Please enter your password.,Passwörter,—
483,Das Sparkonto,das (neutrum),Sparkonto,The Savings Account,Business & Finance,Er hat ein Sparkonto eröffnet.,He opened a savings account.,Sparkonten,—
484,Der Geldautomat,der (maskulin),Geldautomat,The Atm,Business & Finance,Wo ist der nächste Geldautomat?,Where is the nearest ATM?,Geldautomaten,—
485,Der Kontostand,der (maskulin),Kontostand,The Account Balance,Business & Finance,Ich möchte meinen Kontostand prüfen.,I would like to check my account balance.,Kontostände,—
486,Die Aktie,die (feminin),Aktie,"The Stock, Share",Business & Finance,Er hat Aktien von einem großen Unternehmen gekauft.,He bought shares of a large company.,Aktien,Aktie
487,Die Bank,die (feminin),Bank,The Bank,Business & Finance,Die Bank schließt um 16 Uhr.,The bank closes at 4 PM.,Banken,Bank
488,Die Bankkarte,die (feminin),Bankkarte,The Bank Card,Business & Finance,Ich habe meine Bankkarte verloren.,I lost my bank card.,Bankkarten,Bankkarte
489,Die Karte,die (feminin),Karte,The Card,Business & Finance,Kann ich mit Karte zahlen?,Can I pay by card?,Karten,Karte
490,Die Überweisung,die (feminin),Überweisung,The Transfer,Business & Finance,Die Überweisung ist noch nicht angekommen.,The transfer hasn’t arrived yet.,Überweisungen,—
491,Die Währung,die (feminin),Währung,The Currency,Business & Finance,Der Euro ist die Währung in Deutschland.,The euro is the currency in Germany.,Währungen,—
492,Die Zahlung,die (feminin),Zahlung,The Payment,Business & Finance,Die Zahlung ist eingegangen.,The payment has been received.,Zahlungen,—
493,Einzahlung,die (feminin),Einzahlung,The Deposit,Business & Finance,Die Einzahlung wurde Ihrem Konto gutgeschrieben.,The deposit has been credited to your account.,Einzahlungen,—
494,Die Zinsen,Plural,Zinsen,The Interest – Financial,Business & Finance,Die Zinsen für dieses Darlehen sind hoch.,The interest on this loan is high.,—,—
495,Abheben,Verb,Abheben,To Withdraw,Business & Finance,Ich möchte 100 Euro von meinem Konto abheben.,I would like to withdraw 100 euros from my account.,—,—
496,Gründen,Verb,Gründen,"To Establish, To Found",Business & Finance,Sie möchten eine Firma gründen.,They want to establish a company.,—,—
497,Leihen,Verb,Leihen,"To Lend, To Borrow",Business & Finance,Kannst du mir 20 Euro leihen?,Can you lend me 20 euros?,—,—
498,Überweisen,Verb,Überweisen,To Transfer,Business & Finance,Ich werde das Geld morgen überweisen.,I will transfer the money tomorrow.,—,—
499,Verdienen,Verb,Verdienen,To Earn,Business & Finance,Wie viel verdienst du im Monat?,How much do you earn per month?,—,—
500,Wechseln,Verb,Wechseln,To Exchange/Change,Business & Finance,Wo kann ich Geld wechseln?,Where can I exchange money?,—,—
501,Zahlen,Verb/Nomen,Zahlen,To Pay,Business & Finance,Ich möchte die Rechnung jetzt zahlen.,I would like to pay the bill now.,—,—
502,Das Auge,das (neutrum),Auge,Eye,Health & Wellness,Das rechte Auge juckt.,The right eye itches.,Augen,—
503,Das Bein,das (neutrum),Bein,The Leg,Health & Wellness,Sie hat lange Beine.,She has long legs.,Beine,—
504,Das Gehirn,das (neutrum),Gehirn,Brain,Health & Wellness,Das Gehirn steuert den Körper.,The brain controls the body.,Gehirne,—
505,Das Gesicht,das (neutrum),Gesicht,The Face,Health & Wellness,Ihr Gesicht ist sehr freundlich.,Her face is very friendly.,Gesichter,—
506,Das Haar,das (neutrum),Haar,Hair,Health & Wellness,Sie hat langes Haar.,She has long hair.,Haare,—
507,Das Herz,das (neutrum),Herz,The Heart,Health & Wellness,Sein Herz schlägt schnell.,His heart beats fast.,Herzen,—
508,Das Kinn,das (neutrum),Kinn,Chin,Health & Wellness,Er reibt sich das Kinn.,He rubs his chin.,Kinn,—
509,Das Knie,das (neutrum),Knie,The Knee,Health & Wellness,Er hat sich das Knie verletzt.,He hurt his knee.,Knie,—
510,Das Ohr,das (neutrum),Ohr,The Ear,Health & Wellness,Peter hört auf dem rechten Ohr nicht gut.,Peter can’t hear well in his right ear.,Ohren,—
511,Das Organ,das (neutrum),Organ,Organ,Health & Wellness,Das Herz ist ein Organ.,The heart is an organ.,Organe,—
512,Der Arm,der (maskulin),Arm,The Arm,Health & Wellness,Ich habe mir den Arm verletzt.,I injured my arm.,Arme,—
513,Der Bart,der (maskulin),Bart,Beard,Health & Wellness,Er trägt einen Bart.,He wears a beard.,Bärte,—
514,Der Bauch,der (maskulin),Bauch,The Stomach/Belly,Health & Wellness,Mein Bauch tut nach dem Essen weh.,My stomach hurts after eating.,Bäuche,—
515,Der Darm,der (maskulin),Darm,Intestine,Health & Wellness,Der Darm verdaut das Essen.,The intestine digests the food.,Därme,—
516,Der Daumen,der (maskulin),Daumen,Thumb,Health & Wellness,Er drückt mir die Daumen.,He keeps his fingers crossed for me.,Daumen,—
517,Der Ellenbogen,der (maskulin),Ellenbogen,Elbow,Health & Wellness,Er hat sich den Ellenbogen gestoßen.,He bumped his elbow.,Ellenbogen,—
518,Der Finger,der (maskulin),Finger,The Finger,Health & Wellness,Er hat sich in den Finger geschnitten.,He cut his finger.,Finger,—
519,Der Fuß,der (maskulin),Fuß,Foot,Health & Wellness,Mein rechter Fuß ist größer.,My right foot is bigger.,Füße,—
520,Der Hals,der (maskulin),Hals,The Neck,Health & Wellness,Ich habe Halsschmerzen.,I have a sore throat.,Hälse,—
521,Der Kiefer,der (maskulin),Kiefer,Jaw,Health & Wellness,Sein Kiefer ist gebrochen.,His jaw is broken.,Kiefer,—
522,Der Knöchel,der (maskulin),Knöchel,Ankle,Health & Wellness,Mein Knöchel ist geschwollen.,My ankle is swollen.,Knöchel,—
523,Der Knochen,der (maskulin),Knochen,The Bone,Health & Wellness,Der Knochen ist gebrochen.,The bone is broken,Knochen,—
524,Der Kopf,der (maskulin),Kopf,The Head,Health & Wellness,Mein Kopf tut weh.,My head hurts.,Köpfe,—
525,Der Magen,der (maskulin),Magen,Stomach,Health & Wellness,Mein Magen knurrt.,My stomach is growling.,Mägen,—
526,Der Mund,der (maskulin),Mund,The Mouth,Health & Wellness,Halt den Mund!,Keep your mouth shut!,Münder,—
527,Der Muskel,der (maskulin),Muskel,The Muscle,Health & Wellness,Er trainiert seine Muskeln jeden Tag.,He trains his muscles every day.,Muskeln,—
528,Der Nerv,der (maskulin),Nerv,Nerve,Health & Wellness,Du gehst mir auf den Nerv.,You are getting on my nerves.,Nerven,—
529,Der Rücken,der (maskulin),Rücken,The Back,Health & Wellness,Mein Rücken tut nach dem langen Sitzen weh.,My back hurts after sitting for a long time.,—,—
530,Der Zahn,der (maskulin),Zahn,The Tooth,Health & Wellness,Mein Zahn braucht eine Füllung.,My tooth needs to be filled.,Zähne,—
531,Der Zeh,der (maskulin),Zeh,The Toe,Health & Wellness,Ich habe mir den Zeh gestoßen.,I stubbed my toe.,Zehen,—
532,Die Ader,die (feminin),Ader,Vene,Health & Wellness,Die Ader ist geplatzt.,The vein has burst.,Adern,Ader
533,Die Backe,die (feminin),Backe,Cheek,Health & Wellness,Sie hat rote Backen.,She has red cheeks.,Backen,Backe
534,Die Brust,die (feminin),Brust,Breast,Health & Wellness,Er hat Schmerzen in der Brust.,He has pain in his chest.,Brüste,Brust
535,Die Ferse,die (feminin),Ferse,Heel,Health & Wellness,Meine Ferse tut weh.,My heel hurts.,Fersen,Ferse
536,Die Hand,die (feminin),Hand,The Hand,Health & Wellness,Kannst du mir bitte deine Hand geben?,Can you please give me your hand?,Hände,Hand
537,Die Haut,die (feminin),Haut,The Skin,Health & Wellness,Sie hat eine sehr weiche Haut.,She has very soft skin.,— (Unzählbar),Haut
538,Die Leber,die (feminin),Leber,Liver,Health & Wellness,Die Leber ist ein wichtiges Organ.,The liver is an important organ.,Lebern,Leber
539,Die Lippe,die (feminin),Lippe,Lip,Health & Wellness,Sie hat volle Lippen.,She has full lips.,Lippen,Lippe
540,Die Lunge,die (feminin),Lunge,Lung,Health & Wellness,Rauchen schadet der Lunge.,Smoking harms the lungs.,Lungen,Lunge
541,Die Nase,die (feminin),Nase,The Nose,Health & Wellness,Seine Nase ist verstopft.,His nose is blocked.,Nasen,Nase
542,Die Niere,die (feminin),Niere,Kidney,Health & Wellness,Er hat Probleme mit der Niere.,He has problems with his kidney.,Nieren,Niere
543,Die Schulter,die (feminin),Schulter,Shoulder,Health & Wellness,Sie klopfte ihm auf die Schulter.,She patted him on the shoulder.,Schultern,—
544,"Die Schulter, Die Schultern",die (feminin),Schulter / Schultern,"The Shoulder, The Shoulders",Health & Wellness,Meine Schultern sind nach dem Training müde.,My shoulders are tired after the workout.,Schultern,—
545,Die Stirn,die (feminin),Stirn,Forehead,Health & Wellness,Er hat eine hohe Stirn.,He has a high forehead.,Stirnen,—
546,Die Zunge,die (feminin),Zunge,The Tongue,Health & Wellness,Tina hat sich auf die Zunge gebissen.,Tina bit her tongue,Zungen,—
547,Das Händeschütteln,das (neutrum),Händeschütteln,The Handshake,"Safety, Emergencies & Social Interaction",Ein festes Händeschütteln hinterlässt einen guten Eindruck.,A firm handshake leaves a good impression.,—,—
548,Das Kopfnicken,das (neutrum),Kopfnicken,The Nodding,"Safety, Emergencies & Social Interaction",Mit einem Kopfnicken bestätigte sie seine Aussage.,She confirmed his statement with a nod.,—,—
549,Das Kopfschütteln,das (neutrum),Kopfschütteln,The Head Shaking,"Safety, Emergencies & Social Interaction",Sein Kopfschütteln zeigte Ablehnung.,His head shaking showed disapproval.,—,—
550,Das Schulterzucken,das (neutrum),Schulterzucken,The Shrug,"Safety, Emergencies & Social Interaction",Sein Schulterzucken zeigte seine Unsicherheit.,His shrug showed his uncertainty.,—,—
551,Das Stirnrunzeln,das (neutrum),Stirnrunzeln,The Frown,"Safety, Emergencies & Social Interaction",Sein Stirnrunzeln deutete auf Verwirrung hin.,His frown indicated confusion.,—,—
552,Die Augenbraue,die (feminin),Augenbraue,The Eyebrow,"Safety, Emergencies & Social Interaction",Er hob die Augenbraue skeptisch.,He raised his eyebrow skeptically.,Augenbrauen,Augenbraue
553,Die Faust,die (feminin),Faust,The Fist,"Safety, Emergencies & Social Interaction",Er ballte wütend die Faust.,He clenched his fist angrily.,Fäuste,Faust
554,Die Fingerbewegung,die (feminin),Fingerbewegung,The Finger Movement,"Safety, Emergencies & Social Interaction",Mit einer Fingerbewegung rief er den Kellner.,"With a finger movement, he called the waiter.",Fingerbewegungen,Fingerbewegung
555,Die Geste,die (feminin),Geste,The Gesture,"Safety, Emergencies & Social Interaction",Seine Geste zeigte seine Unsicherheit.,His gesture showed his insecurity.,Gesten,Geste
556,Die Grimasse,die (feminin),Grimasse,The Grimace,"Safety, Emergencies & Social Interaction","Sie zog eine Grimasse, um ihre Abneigung zu zeigen.",She made a grimace to show her dislike.,Grimassen,Grimasse
557,Die Handbewegung,die (feminin),Handbewegung,The Hand Movement,"Safety, Emergencies & Social Interaction",Seine Handbewegung signalisierte Eile.,His hand movement signaled urgency.,Handbewegungen,Handbewegung
558,Die Körperhaltung,die (feminin),Körperhaltung,The Posture,"Safety, Emergencies & Social Interaction",Die richtige Körperhaltung ist wichtig für ein sicheres Auftreten.,Good posture is important for confident presence.,Körperhaltungen,Körperhaltung
559,Die Mimik,die (feminin),Mimik,The Facial Expression,"Safety, Emergencies & Social Interaction",Ihre Mimik verriet ihre Freude.,Her facial expression revealed her joy.,—,Mimik
560,Die Unruhe,die (feminin),Unruhe,The Restlessness,"Safety, Emergencies & Social Interaction",Seine Unruhe war an seinem Zappeln erkennbar.,His restlessness was noticeable in his fidgeting.,—,—
561,Die Zappeligkeit,die (feminin),Zappeligkeit,The Fidgetiness,"Safety, Emergencies & Social Interaction",Die Zappeligkeit des Kindes fiel sofort auf.,The child’s fidgetiness was immediately noticeable.,—,—
562,Die Verschränkten Arme,Phrase,Verschränkten Arme,The Crossed Arms,"Safety, Emergencies & Social Interaction",Er stand mit verschränkten Armen da.,He stood there with crossed arms.,—,—
563,Das Schmunzeln,Verb,Schmunzeln,The Smirk,"Safety, Emergencies & Social Interaction",Ein leichtes Schmunzeln erschien auf seinem Gesicht.,A slight smirk appeared on his face.,—,—
564,Das Wegschauen,Verb,Wegschauen,The Looking Away,"Safety, Emergencies & Social Interaction","Er versuchte, das unangenehme Thema durch Wegschauen zu vermeiden.",He tried to avoid the uncomfortable topic by looking away.,—,—
565,Das Winken,Verb,Winken,The Waving,"Safety, Emergencies & Social Interaction",Sie verabschiedete sich mit einem freundlichen Winken.,She said goodbye with a friendly wave.,—,—
566,Das Augenrollen,Verb/Nomen,Augenrollen,The Eye Rolling,"Safety, Emergencies & Social Interaction",Sie reagierte mit einem genervten Augenrollen.,She reacted with an annoyed eye roll.,—,—
567,Fesselnd,adjektiv,Fesselnd,Gripping,Arts & Entertainment,Der Roman ist von Anfang an fesselnd.,The novel is gripping from the start.,—,—
568,Das Buch,das (neutrum),Buch,The Book,Arts & Entertainment,Dieses Buch ist sehr fesselnd.,This book is very gripping.,Bücher,—
569,Das Gedicht,das (neutrum),Gedicht,The Poem,Arts & Entertainment,Er hat ein wunderschönes Gedicht geschrieben.,He wrote a beautiful poem.,Gedichte,—
570,Das Kapitel,das (neutrum),Kapitel,The Chapter,Arts & Entertainment,Ich habe das erste Kapitel bereits gelesen.,I’ve already read the first chapter.,Kapitel,—
571,Der Autor,der (maskulin),Autor,The Author,Arts & Entertainment,Der Autor dieses Buches ist sehr bekannt.,The author of this book is very famous.,Autoren,Autorin
572,Der Bestseller,der (maskulin),Bestseller,The Bestseller,Arts & Entertainment,Ihr neues Buch ist ein Bestseller geworden.,Her new book has become a bestseller.,Bestseller,—
573,Der Dichter,der (maskulin),Dichter,The Poet,Arts & Entertainment,Goethe war ein berühmter deutscher Dichter.,Goethe was a famous German poet.,Dichter,Dichterin
574,Der Klassiker,der (maskulin),Klassiker,The Classic,Arts & Entertainment,„Faust“ ist ein deutscher Klassiker.,“Faust” is a German classic.,Klassiker,—
575,Der Protagonist,der (maskulin),Protagonist,The Protagonist,Arts & Entertainment,Der Protagonist des Romans ist ein junger Held.,The protagonist of the novel is a young hero.,Protagonisten,Protagonistin
576,Der Roman,der (maskulin),Roman,The Novel,Arts & Entertainment,Dieser Roman hat mich tief berührt.,This novel deeply moved me.,Romane,—
577,Der Verlag,der (maskulin),Verlag,The Publisher,Arts & Entertainment,Der Verlag hat viele bekannte Autoren.,The publisher has many well-known authors.,Verlage,—
578,Die Autorin,die (feminin),Autorin,The (Female) Author,Arts & Entertainment,Die Autorin hat mehrere Bestseller geschrieben.,The female author has written several bestsellers.,Autorinnen,Autorin
579,Die Buchhandlung,die (feminin),Buchhandlung,The Bookstore,Arts & Entertainment,Ich kaufe gerne Bücher in der Buchhandlung.,I like buying books at the bookstore.,Buchhandlungen,Buchhandlung
580,Die Handlung,die (feminin),Handlung,The Plot,Arts & Entertainment,Die Handlung des Buches ist kompliziert.,The plot of the book is complex.,Handlungen,Handlung
581,Die Kurzgeschichte,die (feminin),Kurzgeschichte,The Short Story,Arts & Entertainment,Die Kurzgeschichte war kurz aber intensiv.,The short story was brief but intense.,Kurzgeschichten,Kurzgeschichte
582,Die Literatur,die (feminin),Literatur,The Literature,Arts & Entertainment,Sie studiert deutsche Literatur an der Universität.,She studies German literature at the university.,—,Literatur
583,Die Novelle,die (feminin),Novelle,The Novella,Arts & Entertainment,Die Novelle erzählt eine faszinierende Geschichte.,The novella tells a fascinating story.,Novellen,Novelle
584,Die Protagonistin,die (feminin),Protagonistin,The (Female) Protagonist,Arts & Entertainment,Die Protagonistin kämpft für Gerechtigkeit.,The female protagonist fights for justice.,Protagonistinnen,Protagonistin
585,Die Schriftstellerin,die (feminin),Schriftstellerin,The (Female) Writer,Arts & Entertainment,Die Schriftstellerin hat einen neuen Roman veröffentlicht.,The female writer has published a new novel.,Schriftstellerinnen,Schriftstellerin
586,Die Seite,die (feminin),Seite,The Page,Arts & Entertainment,Das Buch hat über 300 Seiten.,The book has over 300 pages.,Seiten,—
587,Figur,die (feminin),Figur,Figure,Arts & Entertainment,Die Hauptfigur in diesem Roman ist sehr mutig.,The main character in this novel is very brave.,Figuren,—
588,Übersetzung,die (feminin),Übersetzung,Translation,Arts & Entertainment,Die Übersetzung ist fertig.,The translation is finished.,Übersetzungen,Übersetzung
589,Veröffentlichen,Verb,Veröffentlichen,To Publish,Arts & Entertainment,"Der Autor plant, nächstes Jahr ein neues Buch zu veröffentlichen.",The author plans to publish a new book next year.,—,—
590,Das Budget,das (neutrum),Budget,The Budget,Business & Finance,Wir müssen das Budget für das Projekt planen.,We need to plan the budget for the project.,Budgets,—
591,Das Marketing,das (neutrum),Marketing,Marketing,Business & Finance,Die Marketingabteilung hat eine neue Kampagne gestartet.,The marketing department launched a new campaign.,—,—
592,Das Produkt,das (neutrum),Produkt,Product,Business & Finance,Das Produkt ist neu.,The product is new.,Produkte,—
593,Das Team,das (neutrum),Team,The Team,Business & Finance,"Das Team arbeitet eng zusammen, um das Projekt abzuschließen.",The team works closely together to complete the project.,Teams,—
594,Das Unternehmen,das (neutrum),Unternehmen,The Company,Business & Finance,Das Unternehmen expandiert international.,The company is expanding internationally.,Unternehmen,—
595,Das Wachstum,das (neutrum),Wachstum,Growth,Business & Finance,Das Wachstum ist stark.,The growth is strong.,—,—
596,Der Arbeiter,der (maskulin),Arbeiter,Worker,Business & Finance,Der Arbeiter ist müde.,The worker is tired.,Arbeiter,Arbeiterin
597,Der Arbeitgeber,der (maskulin),Arbeitgeber,The Employer,Business & Finance,Mein Arbeitgeber bietet flexible Arbeitszeiten an.,My employer offers flexible working hours.,Arbeitgeber,Arbeitgeberin
598,Der Arbeitnehmer,der (maskulin),Arbeitnehmer,The Employee,Business & Finance,Tina ist eine fleißige Arbeitnehmerin.,Tina is a hard-working employee.,Arbeitnehmer,Arbeitnehmerin
599,Der Arbeitsvertrag,der (maskulin),Arbeitsvertrag,The Employment Contract,Business & Finance,Ich habe den Arbeitsvertrag gestern unterschrieben.,I signed the employment contract yesterday.,Arbeitsverträge,—
600,Der Auftrag,der (maskulin),Auftrag,Order,Business & Finance,Wir haben einen neuen Auftrag.,We have a new order.,Aufträge,—
601,Der Brief,der (maskulin),Brief,Letter,Business & Finance,Ich schreibe einen Brief.,I am writing a letter.,Briefe,—
602,Der Briefumschlag,der (maskulin),Briefumschlag,Envelope,Business & Finance,Ich brauche einen Briefumschlag.,I need an envelope.,Briefumschläge,—
603,Der Gewinn,der (maskulin),Gewinn,The Profit,Business & Finance,Unser Gewinn ist dieses Quartal gestiegen.,Our profit increased this quarter.,Gewinne,—
604,Der Leiter,der (maskulin),Leiter,The Manager / Team Leader,Business & Finance,Der Projektleiter hat das Meeting geleitet.,The project manager led the meeting.,Leiter,—
605,Der Lieferant,der (maskulin),Lieferant,The Supplier,Business & Finance,Wir warten auf die Lieferung vom Lieferanten.,We are waiting for the delivery from the supplier.,Lieferanten,Lieferantin
606,Der Termin,der (maskulin),Termin,Appointment,Business & Finance,Ich habe einen Termin um zehn.,I have an appointment at ten.,Termine,—
607,Der Umsatz,der (maskulin),Umsatz,The Revenue / Turnover,Business & Finance,Der Umsatz ist im letzten Jahr um 15 % gestiegen.,Revenue increased by 15% last year.,Umsätze,—
608,Der Verkauf,der (maskulin),Verkauf,The Sale,Business & Finance,Die Verhandlungen mit dem neuen Kunden waren erfolgreich.,The negotiations with the new client were successful.,—,—
609,Der Verlust,der (maskulin),Verlust,The Loss,Business & Finance,Der Verkauf unserer Produkte läuft gut.,The sale of our products is going well.,Verluste,—
610,Der Wert,der (maskulin),Wert,Value,Business & Finance,Das Haus hat einen hohen Wert.,The house has a high value.,Werte,—
611,Die Arbeit,die (feminin),Arbeit,Work,Business & Finance,Die Arbeit macht Spaß.,The work is fun.,— (Unzählbar),Arbeit
612,Die Beförderung,die (feminin),Beförderung,The Promotion,Business & Finance,Sie hofft auf eine Beförderung im nächsten Jahr.,She hopes for a promotion next year.,Beförderungen,Beförderung
613,Die Bewerbung,die (feminin),Bewerbung,The Application,Business & Finance,Er hat seine Bewerbung an mehrere Unternehmen geschickt.,He sent his application to several companies.,Bewerbungen,Bewerbung
614,Die Dienstleistung,die (feminin),Dienstleistung,Service,Business & Finance,Wir bieten gute Dienstleistungen an.,We offer good services.,Dienstleistungen,Dienstleistung
615,Die Fortbildung,die (feminin),Fortbildung,The Further Training / Professional Development,Business & Finance,"Die Fortbildung hilft uns, neue Fähigkeiten zu erlernen.",The professional development helps us learn new skills.,Fortbildungen,Fortbildung
616,Die Industrie,die (feminin),Industrie,Industry,Business & Finance,Die Industrie wächst.,The industry is growing.,Industrien,Industrie
617,Die Investition,die (feminin),Investition,The Investment,Business & Finance,Das Unternehmen plant eine Investition in neue Technologien.,The company plans an investment in new technologies.,Investitionen,Investition
618,Die Karriere,die (feminin),Karriere,Career,Business & Finance,Sie macht Karriere.,She is making a career.,Karrieren,Karriere
619,Die Krawatte,die (feminin),Krawatte,Tie,Business & Finance,Die Krawatte passt zum Hemd.,The tie matches the shirt.,Krawatten,Krawatte
620,Die Kündigungsfrist,die (feminin),Kündigungsfrist,The Notice Period,Business & Finance,Die Kündigungsfrist beträgt vier Wochen.,The notice period is four weeks.,Kündigungsfristen,Kündigungsfrist
621,Die Marke,die (feminin),Marke,Brand,Business & Finance,Welche Marke ist das?,What brand is that?,Marken,Marke
622,Die Möglichkeit,die (feminin),Möglichkeit,Opportunity,Business & Finance,Es gibt keine andere Möglichkeit.,There is no other possibility.,Möglichkeiten,Möglichkeit
623,Die Nachfrage,die (feminin),Nachfrage,Demand,Business & Finance,Die Nachfrage ist groß.,The demand is high.,—,Nachfrage
624,Die Schulung,die (feminin),Schulung,The Training (Course),Business & Finance,Die neue Software erfordert eine Schulung.,The new software requires training.,Schulungen,—
625,Die Steuer,die (feminin),Steuer,Tax,Business & Finance,Wir müssen Steuern zahlen.,We have to pay taxes.,Steuern,—
626,Die Vereinbarung,die (feminin),Vereinbarung,The Agreement,Business & Finance,Wir haben eine Vereinbarung mit dem Partnerunternehmen getroffen.,We made an agreement with the partner company.,Vereinbarungen,—
627,Die Verhandlung,die (feminin),Verhandlung,The Negotiation,Business & Finance,Das Projekt führte zu einem finanziellen Verlust.,The project resulted in a financial loss.,Verhandlungen,—
628,Einstellen (Separable),Verb,Einstellen (Separable),To Hire,Business & Finance,Wir stellen nächsten Monat drei neue Mitarbeiter ein.,We are hiring three new employees next month.,—,—
629,Investieren,Verb,Investieren,To Invest,Business & Finance,Das Unternehmen investiert in neue Technologien.,The company invests in new technologies.,—,—
630,Präsentieren,Verb,Präsentieren,To Present,Business & Finance,Sie wird das Projekt präsentieren.,She will present the project.,—,—
631,Unterschreiben,Verb,Unterschreiben,To Sign,Business & Finance,Bitte unterschreiben Sie den Vertrag.,Please sign the contract.,—,—
632,Verhandeln,Verb,Verhandeln,To Negotiate,Business & Finance,Wir verhandeln über die neuen Konditionen.,We are negotiating the new terms.,—,—
633,Verkaufen,Verb,Verkaufen,To Sell,Business & Finance,Er will sein Haus verkaufen.,He wants to sell his house.,—,—
634,Sich Bewerben (Reflexive),Verb (reflexiv),Sich Bewerben (Reflexive),To Apply (For A Job),Business & Finance,Sie bewirbt sich um die Stelle als Projektleiterin.,She is applying for the position of project manager.,—,—
635,Das Automatikgetriebe,das (neutrum),Automatikgetriebe,The Automatic Transmission,Travel & Transportation,Mein neues Auto hat ein Automatikgetriebe.,My new car has an automatic transmission.,Automatikgetriebe,—
636,Das Elektroauto,das (neutrum),Elektroauto,The Electric Car,Travel & Transportation,"Sie hat sich ein Elektroauto gekauft, um umweltfreundlich zu fahren.",She bought an electric car to drive more eco-friendly.,Elektroautos,—
637,Das Gaspedal,das (neutrum),Gaspedal,The Accelerator,Travel & Transportation,"Drücke das Gaspedal vorsichtig, um gleichmäßig zu beschleunigen.",Press the accelerator carefully for smooth acceleration.,Gaspedale,—
638,Das Kupplungspedal,das (neutrum),Kupplungspedal,The Clutch Pedal,Travel & Transportation,"Du musst das Kupplungspedal durchdrücken, um zu schalten.",You must press the clutch pedal down to shift gears.,Kupplungspedale,—
639,Das Lenkrad,das (neutrum),Lenkrad,The Steering Wheel,Travel & Transportation,Halte das Lenkrad immer mit beiden Händen.,Always hold the steering wheel with both hands.,Lenkräder,—
640,Das Nummernschild,das (neutrum),Nummernschild,The License Plate,Travel & Transportation,Das Nummernschild zeigt das Kennzeichen meines Autos.,The license plate shows my car’s registration.,Nummernschilder,—
641,Das Schaltgetriebe,das (neutrum),Schaltgetriebe,The Manual Transmission,Travel & Transportation,Viele Fahrer bevorzugen ein Schaltgetriebe.,Many drivers prefer a manual transmission.,Schaltgetriebe,—
642,Das Verkehrszeichen,das (neutrum),Verkehrszeichen,The Traffic Sign,Travel & Transportation,Das Verkehrszeichen warnt vor einer scharfen Kurve.,The traffic sign warns of a sharp curve.,Verkehrszeichen,—
643,Der Airbag,der (maskulin),Airbag,The Airbag,Travel & Transportation,Der Airbag schützt den Fahrer bei einem Unfall.,The airbag protects the driver during an accident.,Airbags,—
644,Der Blinker,der (maskulin),Blinker,The Turn Signal / Indicator,Travel & Transportation,Setze immer rechtzeitig den Blinker beim Abbiegen.,Always use your turn signal in time when turning.,Blinker,—
645,Der Kraftstoff,der (maskulin),Kraftstoff,The Fuel,Travel & Transportation,Der Kraftstoff wird immer teurer.,Fuel is getting more expensive.,Kraftstoffe,—
646,Der Sicherheitsgurt,der (maskulin),Sicherheitsgurt,The Seatbelt,Travel & Transportation,Bitte legen Sie den Sicherheitsgurt an.,Please fasten your seatbelt.,Sicherheitsgurte,—
647,Der Stau,der (maskulin),Stau,The Traffic Jam,Travel & Transportation,Auf dem Weg zur Arbeit stehe ich oft im Stau.,I often sit in a traffic jam on the way to work.,Staus,—
648,Der Wagen,der (maskulin),Wagen,The Vehicle / Car,Travel & Transportation,Mein Wagen ist schon zehn Jahre alt.,My vehicle is already ten years old.,Wagen,—
649,Die Autobahn,die (feminin),Autobahn,The Highway,Travel & Transportation,Auf der Autobahn darf man oft schneller fahren.,You can often drive faster on the highway.,Autobahnen,Autobahn
650,Die Bremse,die (feminin),Bremse,The Brake,Travel & Transportation,"Ich trete die Bremse, um zu stoppen.",I press the brake to stop.,Bremsen,Bremse
651,Die Fahrprüfung,die (feminin),Fahrprüfung,The Driving Test,Travel & Transportation,Ich habe meine Fahrprüfung beim zweiten Versuch bestanden.,I passed my driving test on the second try.,Fahrprüfungen,Fahrprüfung
652,Die Fahrspur,die (feminin),Fahrspur,The Lane,Travel & Transportation,"Wechsle die Fahrspur nur, wenn es sicher ist.",Change lanes only when it is safe.,Fahrspuren,Fahrspur
653,Die Geschwindigkeitsbegrenzung,die (feminin),Geschwindigkeitsbegrenzung,The Speed Limit,Travel & Transportation,Die Geschwindigkeitsbegrenzung ist hier 50 km/h.,The speed limit is 50 km/h here.,Geschwindigkeitsbegrenzungen,Geschwindigkeitsbegrenzung
654,Die Handbremse,die (feminin),Handbremse,The Handbrake,Travel & Transportation,"Vergiss nicht, die Handbremse vor der Fahrt zu lösen.",Don’t forget to release the handbrake before driving.,Handbremsen,Handbremse
655,Die Hupe,die (feminin),Hupe,The Horn,Travel & Transportation,Nutzt die Hupe nur in Gefahrensituationen.,Use the horn only in dangerous situations.,Hupen,Hupe
656,Die Tankstelle,die (feminin),Tankstelle,The Gas Station,Travel & Transportation,"Ich halte an der Tankstelle, um zu tanken.",I stop at the gas station to refuel.,Tankstellen,—
657,Die Vorfahrt,die (feminin),Vorfahrt,The Right Of Way,Travel & Transportation,Hier hat der Gegenverkehr Vorfahrt.,"On this road, oncoming traffic has the right of way.",—,—
658,Lustig,adjektiv,Lustig,Funny,Arts & Entertainment,Der Film war sehr lustig.,The movie was very funny.,—,—
659,Spannend,adjektiv,Spannend,Exciting,Arts & Entertainment,Die Handlung war sehr spannend.,The plot was very exciting.,—,—
660,Traurig,adjektiv,Traurig,Sad,Arts & Entertainment,Das Ende des Films war sehr traurig.,The ending of the movie was very sad.,—,—
661,Das Drama,das (neutrum),Drama,The Drama,Arts & Entertainment,Das Drama gewann viele Preise.,The drama won many awards.,Dramen,—
662,Das Drehbuch,das (neutrum),Drehbuch,The Screenplay,Arts & Entertainment,Das Drehbuch wurde von einem berühmten Autor geschrieben.,The screenplay was written by a famous author.,Drehbücher,—
663,Das Genre,das (neutrum),Genre,The Genre,Arts & Entertainment,Horror ist nicht mein Lieblingsgenre.,Horror is not my favorite genre.,Genres,—
664,Das Kino,das (neutrum),Kino,The Cinema,Arts & Entertainment,Wir treffen uns um 7 Uhr vor dem Kino.,We’ll meet at 7 o’clock in front of the cinema.,Kinos,—
665,Das Popcorn,das (neutrum),Popcorn,The Popcorn,Arts & Entertainment,Ich kaufe immer Popcorn im Kino.,I always buy popcorn at the cinema.,—,—
666,Der Abspann,der (maskulin),Abspann,The End Credits,Arts & Entertainment,"Wir blieben sitzen, um den Abspann zu sehen.",We stayed seated to watch the end credits.,—,—
667,Der Actionfilm,der (maskulin),Actionfilm,The Action Movie,Arts & Entertainment,Mein Bruder liebt Actionfilme.,My brother loves action movies.,Actionfilme,—
668,Der Film,der (maskulin),Film,The Movie,Arts & Entertainment,Hast du den neuen Film gesehen?,Have you seen the new movie?,Filme,—
669,Der Horrorfilm,der (maskulin),Horrorfilm,The Horror Film,Arts & Entertainment,Der Horrorfilm war sehr gruselig.,The horror film was very scary.,Horrorfilme,—
670,Der Regisseur,der (maskulin),Regisseur,The Director,Arts & Entertainment,Der Regisseur ist für seinen einzigartigen Stil bekannt.,The director is known for his unique style.,Regisseure,Regisseurin
671,Der Schauspieler,der (maskulin),Schauspieler,The Actor,Arts & Entertainment,Der Schauspieler hat eine großartige Leistung erbracht.,The actor gave a great performance.,Schauspieler,Schauspielerin
672,Der Sitzplatz,der (maskulin),Sitzplatz,The Seat,Arts & Entertainment,Unsere Sitzplätze sind in der Mitte.,Our seats are in the middle.,Sitzplätze,—
673,Der Soundtrack,der (maskulin),Soundtrack,The Soundtrack,Arts & Entertainment,Der Soundtrack des Films ist fantastisch.,The movie’s soundtrack is fantastic.,Soundtracks,—
674,Der Titel,der (maskulin),Titel,The Title,Arts & Entertainment,Wie lautet der Titel des Films?,What is the title of the movie?,Titel,—
675,Der Trailer,der (maskulin),Trailer,The Trailer,Arts & Entertainment,Hast du den neuen Trailer gesehen?,Did you see the new trailer?,Trailers,—
676,Der Zuschauer,der (maskulin),Zuschauer,The Viewer,Arts & Entertainment,Die Zuschauer waren begeistert.,The viewers were thrilled.,Zuschauer,—
677,Die Kamera,die (feminin),Kamera,The Camera,Arts & Entertainment,Die Kameraarbeit in diesem Film ist beeindruckend.,The cinematography in this film is impressive.,Kameras,Kamera
678,Die Komödie,die (feminin),Komödie,The Comedy,Arts & Entertainment,Die Komödie hat uns zum Lachen gebracht.,The comedy made us laugh.,Komödien,Komödie
679,Die Leinwand,die (feminin),Leinwand,The Screen,Arts & Entertainment,Der Film wurde auf einer großen Leinwand gezeigt.,The movie was shown on a big screen.,Leinwände,Leinwand
680,Die Pause,die (feminin),Pause,The Intermission,Arts & Entertainment,Es gab eine kurze Pause in der Mitte des Films.,There was a short intermission in the middle of the film.,Pausen,Pause
681,Die Premiere,die (feminin),Premiere,The Premiere,Arts & Entertainment,Die Premiere des Films ist nächsten Freitag.,The movie’s premiere is next Friday.,Premieren,Premiere
682,Die Rezension,die (feminin),Rezension,The Review,Arts & Entertainment,Die Rezension des Films war positiv.,The review of the movie was positive.,Rezensionen,Rezension
683,Die Schauspielerin,die (feminin),Schauspielerin,The Actress,Arts & Entertainment,Die Schauspielerin gewann einen Preis.,The actress won an award.,Schauspielerinnen,Schauspielerin
684,Die Szene,die (feminin),Szene,The Scene,Arts & Entertainment,Diese Szene war besonders beeindruckend.,That scene was particularly impressive.,Szenen,—
685,Filmen,Verb,Filmen,To Film,Arts & Entertainment,"Sie planen, in Berlin zu filmen.",They plan to film in Berlin.,—,—
686,Schneiden,Verb,Schneiden,To Cut,Arts & Entertainment,Sie müssen den Film noch schneiden.,They still need to edit the film.,—,—
687,Synchronisieren,Verb,Synchronisieren,To Dub,Arts & Entertainment,Der Film wurde ins Deutsche synchronisiert.,The film was dubbed into German.,—,—
688,Das Hemd,das (neutrum),Hemd,The Shirt,Shopping & Fashion,Er trägt ein weißes Hemd zur Arbeit.,He wears a white shirt to work.,Hemden,—
689,Das Kleid,das (neutrum),Kleid,The Dress,Shopping & Fashion,Laura trägt heute ein blaues Kleid.,Laura is wearing a blue dress today.,Kleider,—
690,Das T-Shirt,das (neutrum),T-Shirt,The T-Shirt,Shopping & Fashion,Er trägt ein blaues T-Shirt.,He is wearing a blue T-shirt.,T-Shirts,—
691,Der Anzug,der (maskulin),Anzug,The Suit,Shopping & Fashion,Tom kauft den schwarzen Anzug.,Tom buys the black suit.,Anzüge,—
692,Der Badeanzug,der (maskulin),Badeanzug,The Swimsuit,Shopping & Fashion,Tina trägt ihren neuen Badeanzug am Strand.,Tina wears her new swimsuit at the beach.,Badeanzüge,—
693,Der Bikini,der (maskulin),Bikini,The Bikini,Shopping & Fashion,Sie hat einen roten Bikini gekauft.,She bought a red bikini.,Bikinis,—
694,Der Hut,der (maskulin),Hut,The Hat,Shopping & Fashion,Meine Jacke hält mich im Herbst warm.,My jacket keeps me warm in autumn.,Hüte,—
695,Der Mantel,der (maskulin),Mantel,The Coat,Shopping & Fashion,Im Winter brauche ich meinen dicken Mantel.,I need my thick coat in winter.,Mäntel,—
696,Der Pullover,der (maskulin),Pullover,The Sweater,Shopping & Fashion,Mein Pullover ist aus Wolle.,My sweater is made of wool.,Pullover,—
697,Der Rock,der (maskulin),Rock,The Skirt,Shopping & Fashion,Sie trägt einen roten Rock.,She is wearing a red skirt.,Röcke,—
698,Der Schal,der (maskulin),Schal,The Scarf,Shopping & Fashion,Ich habe meinen Schal im Auto vergessen.,I left my scarf in the car.,Schals,—
699,Handschuh,der (maskulin),Handschuh,The Glove,Shopping & Fashion,Im Winter trage ich immer Handschuhe.,I always wear gloves in winter.,Handschuhe,—
700,Die Badehose,die (feminin),Badehose,The Swimming Trunks,Shopping & Fashion,Peter kauft eine neue Badehose.,Peter buys new swimming trunks.,Badehosen,Badehose
701,Die Bluse,die (feminin),Bluse,The Blouse,Shopping & Fashion,Die Bluse passt gut zu der Hose.,The blouse goes well with the trousers.,Blusen,Bluse
702,Die Brille,die (feminin),Brille,The Glasses,Shopping & Fashion,Peter braucht eine Brille zum Lesen.,Peter needs glasses to read.,Brillen,Brille
703,Die Hose,die (feminin),Hose,The Trousers,Shopping & Fashion,Sie hat eine neue schwarze Hose.,She has new black trousers.,Hosen,Hose
704,Die Jacke,die (feminin),Jacke,The Jacket,Shopping & Fashion,Diese Jeans sind sehr bequem.,These jeans are very comfortable.,Jacken,Jacke
705,Die Mütze,die (feminin),Mütze,The Cap,Shopping & Fashion,"Er trägt eine Mütze, weil es draußen kalt ist.",He’s wearing a hat because it’s cold outside.,Mützen,Mütze
706,Die Sonnenbrille,die (feminin),Sonnenbrille,The Sunglasses,Shopping & Fashion,Tom möchte eine neue Sonnenbrile kaufen.,Tom wants to buy new sunglasses.,Sonnenbrillen,—
707,Die Unterwäsche,die (feminin),Unterwäsche,The Underwear,Shopping & Fashion,Es gibt Unterwäsche im Angebot.,There’s underwear on offer.,—,—
708,Socke,die (feminin),Socke,The Sock,Shopping & Fashion,Diese Socken sind sehr warm und bequem.,These socks are very warm and comfortable.,Socken,—
709,Die Schuhe,Plural,Schuhe,The Shoes,Shopping & Fashion,Meine Schuhe sind neu und glänzen noch.,My shoes are new and still shiny.,—,—
710,Golden,adjektiv,Golden,Golden,Numbers & Colors,Das Schmuckstück ist golden.,The piece of jewelry is golden.,—,—
711,Silbern,adjektiv,Silbern,Silver,Numbers & Colors,Sie trägt silberne Ohrringe.,She is wearing silver earrings.,—,—
712,Dunkelblau,Farbe,Dunkelblau,Dark Blue,Numbers & Colors,Er trägt einen dunkelblauen Anzug.,He is wearing a dark blue suit.,—,—
713,Dunkelgrün,Farbe,Dunkelgrün,Dark Green,Numbers & Colors,Der Wald ist dunkelgrün.,The forest is dark green.,—,—
714,Hellblau,Farbe,Hellblau,Light Blue,Numbers & Colors,Sie trägt ein hellblaues Kleid.,She is wearing a light blue dress.,—,—
715,Hellgrün,Farbe,Hellgrün,Light Green,Numbers & Colors,Die Blätter sind hellgrün im Frühling.,The leaves are light green in spring.,—,—
716,Pink,Farbe,Pink,Pink,Numbers & Colors,Das Kinderzimmer ist pink gestrichen.,The children’s room is painted pink.,—,—
717,Türkis,Farbe,Türkis,Turquoise,Numbers & Colors,Das Meer ist türkis.,The sea is turquoise.,—,—
718,Violett,Farbe,Violett,Violet,Numbers & Colors,Der Abendhimmel ist violett.,The evening sky is violet.,—,—
719,Beige,Farbe/adjektiv,Beige,Beige,Numbers & Colors,Ich habe eine beige Jacke gekauft.,I bought a beige jacket.,—,—
720,Blau,Farbe/adjektiv,Blau,Blue,Numbers & Colors,Der Himmel ist heute blau.,The sky is blue today.,—,—
721,Braun,Farbe/adjektiv,Braun,Brown,Numbers & Colors,Sie hat braune Augen.,She has brown eyes.,—,—
722,Gelb,Farbe/adjektiv,Gelb,Yellow,Numbers & Colors,Die Sonne ist gelb.,The sun is yellow.,—,—
723,Grau,Farbe/adjektiv,Grau,Gray,Numbers & Colors,Heute ist ein grauer Tag.,Today is a gray day.,—,—
724,Grün,Farbe/adjektiv,Grün,Green,Numbers & Colors,Das Gras ist grün.,The grass is green.,—,—
725,Lila,Farbe/adjektiv,Lila,Purple,Numbers & Colors,Lila ist ihre Lieblingsfarbe.,Purple is her favorite color.,—,—
726,Orange,Farbe/adjektiv,Orange,Orange,Numbers & Colors,Er trägt einen orangenen Pullover.,He is wearing an orange sweater.,—,—
727,Rot,Farbe/adjektiv,Rot,Red,Numbers & Colors,Die Rose ist rot.,The rose is red.,—,—
728,Schwarz,Farbe/adjektiv,Schwarz,Black,Numbers & Colors,Die Katze ist schwarz.,The cat is black.,—,—
729,Weiß,Farbe/adjektiv,Weiß,White,Numbers & Colors,Der Schnee ist weiß.,The snow is white.,—,—
730,Das Besetztzeichen,das (neutrum),Besetztzeichen,The Busy Signal,Media & Communication,"Ich habe ihn angerufen, aber es gab nur das Besetztzeichen.","I called him, but there was only a busy signal.",Besetztzeichen,—
731,Das Mikrofon,das (neutrum),Mikrofon,The Microphone,Media & Communication,"Bitte überprüfen Sie, ob Ihr Mikrofon eingeschaltet ist.",Please check if your microphone is turned on.,Mikrofone,—
732,Das Signal,das (neutrum),Signal,The Signal,Media & Communication,Das Signal ist hier sehr schwach.,The signal is very weak here.,Signale,—
733,Das Telefongespräch,das (neutrum),Telefongespräch,The Phone Conversation,Media & Communication,Wir hatten ein langes Telefongespräch über das Projekt.,We had a long phone conversation about the project.,Telefongespräche,—
734,Das Telefonnetz,das (neutrum),Telefonnetz,The Telephone Network,Media & Communication,Das Telefonnetz ist momentan überlastet.,The telephone network is currently overloaded.,Telefonnetze,—
735,Das Wählton,der (maskulin),Wählton,The Dial Tone,Media & Communication,Ich höre keinen Wählton.,I don’t hear a dial tone.,Wieltöne,—
736,Der Anrufbeantworter,der (maskulin),Anrufbeantworter,The Answering Machine,Media & Communication,Bitte hinterlassen Sie eine Nachricht auf dem Anrufbeantworter.,Please leave a message on the answering machine.,Anrufbeantworter,—
737,Der Empfang,der (maskulin),Empfang,The Reception,Media & Communication,Hier im Gebäude ist der Empfang sehr schlecht.,The reception is very poor in this building.,Empfänge,—
738,Der Sprecher,der (maskulin),Sprecher,The Speaker,Media & Communication,Der Sprecher war in der Telefonkonferenz sehr deutlich.,The speaker was very clear in the conference call.,Sprecher,—
739,Der Telefonhörer,der (maskulin),Telefonhörer,The Telephone Receiver,Media & Communication,Er legte den Telefonhörer auf.,He hung up the telephone receiver.,Telefonhörer,—
740,Die Durchwahl,die (feminin),Durchwahl,The Extension Number,Media & Communication,Sie erreichen mich unter meiner Durchwahl 203.,You can reach me at my extension number 203.,Durchwahlen,Durchwahl
741,Die Gesprächsnotiz,die (feminin),Gesprächsnotiz,The Call Note,Media & Communication,Ich habe eine Gesprächsnotiz für Sie hinterlassen.,I left a call note for you.,Gesprächsnotizen,Gesprächsnotiz
742,Die Konferenzschaltung,die (feminin),Konferenzschaltung,The Conference Call,Media & Communication,Wir haben eine Konferenzschaltung mit dem Team in Berlin.,We have a conference call with the team in Berlin.,—,Konferenzschaltung
743,Die Leitung,die (feminin),Leitung,The Line,Media & Communication,"Die Leitung ist besetzt, rufen Sie später an.","The line is busy, call back later.",Leitungen,Leitung
744,Die Mailbox,die (feminin),Mailbox,The Voicemail,Media & Communication,"Meine Mailbox ist voll, ich muss Nachrichten löschen.","My voicemail is full, I need to delete messages.",Mailboxes,Mailbox
745,Die Rufnummer,die (feminin),Rufnummer,The Phone Number,Media & Communication,Können Sie mir Ihre Rufnummer geben?,Can you give me your phone number?,Rufnummern,Rufnummer
746,Die Weiterleitung,die (feminin),Weiterleitung,The Call Forwarding,Media & Communication,Ich habe die Anrufe auf mein Handy weitergeleitet.,I forwarded the calls to my mobile phone.,—,—
747,Das Backblech,das (neutrum),Backblech,The Baking Tray,Food & Dining,Ich lege das Backpapier auf das Backblech.,I put baking paper on the baking tray.,Backbleche,—
748,Das Mehl,das (neutrum),Mehl,The Flour,Food & Dining,Ich wiege das Mehl für den Kuchen ab.,I measure the flour for the cake.,—,—
749,Das Öl,das (neutrum),Öl,The Oil,Food & Dining,Wir verwenden Olivenöl zum Anbraten.,We use olive oil for frying.,—,—
750,Das Salz,das (neutrum),Salz,The Salt,Food & Dining,Eine Prise Salz gehört in jeden Teig.,A pinch of salt goes into every dough.,—,—
751,Das Sieb,das (neutrum),Sieb,The Sieve,Food & Dining,"Wir verwenden ein Sieb, um das Mehl zu sieben.",We use a sieve to sift the flour.,Siebe,—
752,Braten,der (maskulin),Braten,To Fry,Food & Dining,Man soll das Fleisch in der Pfanne braten.,You should fry the meat in the pan.,Braten,—
753,Der Apfelstrudel,der (maskulin),Apfelstrudel,The Apple Strudel,Food & Dining,Der Apfelstrudel duftet nach Zimt und Zucker.,The apple strudel smells of cinnamon and sugar.,Apfelstrudel,—
754,Der Kochlöffel,der (maskulin),Kochlöffel,The Cooking Spoon,Food & Dining,Mit dem Kochlöffel rühre ich die Sauce um.,I stir the sauce with the cooking spoon.,Kochlöffel,—
755,Der Sauerbraten,der (maskulin),Sauerbraten,The Sour Roast,Food & Dining,Wir bereiten heute einen traditionellen Sauerbraten zu.,We are preparing a traditional sour roast today.,—,—
756,Der Schneebesen,der (maskulin),Schneebesen,The Whisk,Food & Dining,Mit dem Schneebesen schlägt man das Eiweiß steif.,You use the whisk to beat egg whites until stiff.,Schneebesen,—
757,Der Teig,der (maskulin),Teig,The Dough,Food & Dining,Der Teig muss eine halbe Stunde ruhen.,The dough needs to rest for half an hour.,—,—
758,Der Topf,der (maskulin),Topf,The Pot,Food & Dining,Er erhitzt die Suppe im Topf.,He heats the soup in the pot.,Töpfe,—
759,Der Zucker,der (maskulin),Zucker,The Sugar,Food & Dining,Gib einen Löffel Zucker zum süßen hinzu.,Add a spoon of sugar to sweeten it.,—,—
760,Die Schwarzwälder Kirschtorte,der (maskulin),Schwarzwälder,The Black Forest Cake,Food & Dining,Die Schwarzwälder Kirschtorte ist ein berühmter deutscher Kuchen.,The Black Forest cake is a famous German cake.,—,—
761,Die Brezel,die (feminin),Brezel,The Pretzel,Food & Dining,Die frisch gebackene Brezel schmeckt sehr gut.,The freshly baked pretzel tastes very good.,Brezeln,Brezel
762,Die Hefe,die (feminin),Hefe,The Yeast,Food & Dining,Die Hefe hilft dem Teig beim Aufgehen.,The yeast helps the dough to rise.,— (Unzählbar),Hefe
763,Die Kartoffelsuppe,die (feminin),Kartoffelsuppe,The Potato Soup,Food & Dining,Meine Oma kocht oft eine leckere Kartoffelsuppe.,My grandma often cooks a tasty potato soup.,Kartoffelsuppen,Kartoffelsuppe
764,Die Küchenwaage,die (feminin),Küchenwaage,The Kitchen Scale,Food & Dining,Die Küchenwaage zeigt genau 200 Gramm an.,The kitchen scale shows exactly 200 grams.,Küchenwaagen,Küchenwaage
765,Die Pfanne,die (feminin),Pfanne,The Frying Pan,Food & Dining,"Er erhitzt die Pfanne, bevor er das Fleisch hinzufügt.",He heats up the frying pan before adding the meat.,Pfannen,Pfanne
766,Die Sahne,die (feminin),Sahne,The Cream,Food & Dining,"Füge Sahne hinzu, um die Sauce cremig zu machen.",Add cream to make the sauce creamy.,—,—
767,Die Gewürze,Plural,Gewürze,The Spices,Food & Dining,Die Gewürze verleihen der Suppe ein intensives Aroma.,The spices give the soup an intense flavor.,—,—
768,Mischen,Verb,Mischen,To Mix,Food & Dining,Bitte mische alle Zutaten gut durch.,Please mix all the ingredients thoroughly.,—,—
769,Umrühren,Verb,Umrühren,To Stir,Food & Dining,Man sollte die Sauce regelmäßig umrühren.,You should stir the sauce regularly.,—,—
770,Würzen,Verb,Würzen,To Season,Food & Dining,Bitte würze die Suppe nach deinem Geschmack.,Please season the soup to your taste.,—,—
771,Das Abendessen,das (neutrum),Abendessen,The Dinner,Daily Life & Routine,Wir essen um 19 Uhr zu Abend.,We have dinner at 7 PM.,Abendessen,—
772,Das Frühstück,das (neutrum),Frühstück,The Breakfast,Daily Life & Routine,Zum Frühstück esse ich Müsli.,I eat muesli for breakfast.,Frühstücke,—
773,Das Hobby,das (neutrum),Hobby,The Hobby,Daily Life & Routine,Sein Hobby ist das Fotografieren.,His hobby is photography.,Hobbys,—
774,Das Mittagessen,das (neutrum),Mittagessen,The Lunch,Daily Life & Routine,Das Mittagessen gibt es um 12 Uhr.,Lunch is served at 12 PM.,Mittagessen,—
775,Fernsehen,das (neutrum)/Verb,Fernsehen,To Watch Tv,Daily Life & Routine,Abends sehe ich oft fern.,I often watch television in the evening.,—,—
776,Der Abend,der (maskulin),Abend,The Evening,Daily Life & Routine,Am Abend gehe ich spazieren.,I go for a walk in the evening.,Abende,—
777,Der Mittag,der (maskulin),Mittag,The Midday,Daily Life & Routine,Ich gehe in der Mittagspause spazieren.,I go for a walk at lunchtime.,—,—
778,Der Nachmittag,der (maskulin),Nachmittag,The Afternoon,Daily Life & Routine,Am Nachmittag mache ich Sport.,I do sport in the afternoon.,Nachmittage,—
779,Der Tag,der (maskulin),Tag,The Day,Daily Life & Routine,Heute ist ein schöner Tag.,Today is a beautiful day.,Tage,—
780,Der Tagesablauf,der (maskulin),Tagesablauf,The Daily Routine,Daily Life & Routine,Mein Tagesablauf ist immer gleich.,My daily routine is always the same.,Tagesabläufe,—
781,Der Morgen,der (maskulin)/das (neutrum),Morgen,The Morning,Daily Life & Routine,Ich trinke immer Kaffee am Morgen.,I always drink coffee in the morning.,Morgen/Morgen,—
782,Die Nacht,die (feminin),Nacht,The Night,Daily Life & Routine,Manchmal höre ich in der Nacht Eulen.,I sometimes hear owls at night.,Nächte,Nacht
783,Nach Hause Kommen,Phrase,Nach Hause Kommen,To Come Home,Daily Life & Routine,Ich komme um 18 Uhr nach Hause.,I come home at 6 PM.,—,—
784,Schlafen Gehen,Phrase,Schlafen Gehen,To Go To Sleep,Daily Life & Routine,Ich gehe um 22 Uhr schlafen.,I go to sleep at 10 PM.,—,—
785,Zu Abend Essen,Phrase,Zu Abend Essen,To Have Dinner,Daily Life & Routine,"Wir essen zu Abend, nachdem wir nach Hause kommen.",We have dinner after we come home.,—,—
786,Zu Mittag Essen,Phrase,Zu Mittag Essen,To Have Lunch,Daily Life & Routine,Wir essen zu Mittag in einem Restaurant.,We have dinner at 7 PM.,—,—
787,Zur Arbeit Gehen,Phrase,Zur Arbeit Gehen,To Go To Work,Daily Life & Routine,Ich gehe um 8 Uhr zur Arbeit.,I go to work at 8 AM.,—,—
788,Zur Schule Gehen,Phrase,Zur Schule Gehen,To Go To School,Daily Life & Routine,Die Kinder gehen um 7:30 Uhr zur Schule.,The children go to school at 7:30 AM.,—,—
789,Aufstehen,Verb,Aufstehen,To Get Up,Daily Life & Routine,Ich stehe jeden Morgen um 6 Uhr auf.,I get up every morning at 6 AM.,—,—
790,Aufwachen,Verb,Aufwachen,To Wake Up,Daily Life & Routine,Ich wache meistens vor dem Wecker auf.,I usually wake up before the alarm.,—,—
791,Frühstücken,Verb,Frühstücken,To Have Breakfast,Daily Life & Routine,Wir frühstücken um 8 Uhr.,We have breakfast at 8 AM.,—,—
792,Lernen,Verb,Lernen,To Learn,Daily Life & Routine,Sie lernt jeden Tag Deutsch.,She studies German every day.,—,—
793,Sich Ausruhen,Verb (reflexiv),Sich Ausruhen,To Rest,Daily Life & Routine,Nach der Arbeit ruhe ich mich aus.,"After work, I take a rest.",—,—
794,Arbeiten,Verb/Nomen,Arbeiten,To Work,Daily Life & Routine,Er arbeitet in einem Büro.,He works in an office.,Arbeiten,—
795,Das Beispiel,das (neutrum),Beispiel,The Example,Education & Learning,Kannst du mir ein Beispiel geben?,Can you give me an example?,Beispiele,—
796,Das Lehrbuch,das (neutrum),Lehrbuch,The Textbook,Education & Learning,Das Lehrbuch kostet 30 Euro.,The textbook costs 30 euros.,Lehrbücher,—
797,Das Referat,das (neutrum),Referat,The Presentation,Education & Learning,Ich halte ein Referat über deutsche Geschichte.,I’m giving a presentation on German history.,Referate,—
798,Das Schulfach,das (neutrum),Schulfach,The School Subject,Education & Learning,Mein Lieblingsschulfach ist Biologie.,My favorite school subject is biology.,Schulfächer,—
799,Das Wörterbuch,das (neutrum),Wörterbuch,The Dictionary,Education & Learning,"Ich benutze ein Wörterbuch, um neue Wörter zu lernen.",I use a dictionary to learn new words.,Wörterbücher,—
800,Das Zeugnis,das (neutrum),Zeugnis,The Report Card,Education & Learning,Sie hat ein sehr gutes Zeugnis bekommen.,She received a very good report card.,Zeugnisse,—
801,Der Aufsatz,der (maskulin),Aufsatz,The Essay,Education & Learning,Ich muss einen Aufsatz über Umweltschutz schreiben.,I have to write an essay about environmental protection.,Aufsätze,—
802,Der Hochschulabschluss,der (maskulin),Hochschulabschluss,The University Degree,Education & Learning,Er hat seinen Hochschulabschluss in Informatik gemacht.,He earned his university degree in computer science.,Hochschulabschlüsse,—
803,Der Schreibtisch,der (maskulin),Schreibtisch,The Desk,Education & Learning,Mein Schreibtisch ist voller Bücher.,My desk is full of books.,Schreibtische,—
804,Der Schulabschluss,der (maskulin),Schulabschluss,The School Graduation,Education & Learning,Sie feiert ihren Schulabschluss im Juni.,She is celebrating her school graduation in June.,Schulabschlüsse,—
805,Der Test,der (maskulin),Test,The Test,Education & Learning,Der Test war schwieriger als erwartet.,The test was more difficult than expected.,Tests,—
806,Der Unterricht,der (maskulin),Unterricht,The Lesson,Education & Learning,Der Unterricht endet um 15 Uhr.,The lesson ends at 3 PM.,—,—
807,Der Lehrer/Die Lehrerin,der/die (maskulin/feminin),Lehrer/Die,The Teacher (Male/Female),Education & Learning,Die Lehrerin erklärt die Grammatik sehr gut.,The teacher explains the grammar very well.,Lehrer/Lehrerinnen,Lehrerin
808,Der Schüler/Die Schülerin,der/die (maskulin/feminin),Schüler/Die,The Student (Male/Female),Education & Learning,Die Schüler lernen für die Prüfungen.,The students are studying for the exams.,Schüler/Schülerinnen,Schülerin
809,Die Dozentin/Der Dozent,der/die (maskulin/feminin),Dozentin/Der,The Lecturer (Female/Male),Education & Learning,Der Dozent hält heute eine Vorlesung.,The lecturer is giving a lecture today.,Dozenten/Dozentinnen,Dozentin
810,Die Ausbildung,die (feminin),Ausbildung,The Training,Education & Learning,Sie macht eine Ausbildung zur Krankenschwester.,She is training to become a nurse.,Ausbildungen,Ausbildung
811,Die Bibliothek,die (feminin),Bibliothek,The Library,Education & Learning,Die Bibliothek ist bis 20 Uhr geöffnet.,The library is open until 8 PM.,Bibliotheken,Bibliothek
812,Die Forschung,die (feminin),Forschung,The Research,Education & Learning,Ihre Forschung konzentriert sich auf erneuerbare Energien.,Her research focuses on renewable energies.,—,Forschung
813,Die Grundschule,die (feminin),Grundschule,The Primary School,Education & Learning,Mein Sohn geht in die Grundschule.,My son attends primary school.,Grundschulen,Grundschule
814,Die Hausaufgabe,die (feminin),Hausaufgabe,The Homework,Education & Learning,Hast du die Hausaufgaben schon gemacht?,Have you done the homework yet?,Hausaufgaben,Hausaufgabe
815,Die Note,die (feminin),Note,The Grade,Education & Learning,Sie hat eine gute Note in Mathe bekommen.,She received a good grade in math.,Noten,Note
816,Die Oberschule,die (feminin),Oberschule,The Secondary School,Education & Learning,Nach der Grundschule geht er auf die Oberschule.,"After primary school, he goes to secondary school.",Oberschulen,Oberschule
817,Die Prüfung,die (feminin),Prüfung,The Exam,Education & Learning,Die Prüfung findet nächste Woche statt.,The exam takes place next week.,Prüfungen,Prüfung
818,Die Schule,die (feminin),Schule,The School,Education & Learning,Die Schule beginnt um 8 Uhr morgens.,School starts at 8 AM.,Schulen,—
819,Die Übung,die (feminin),Übung,The Exercise,Education & Learning,"Die Übung hilft, den Stoff besser zu verstehen.",The exercise helps to understand the material better.,Übungen,—
820,Die Universität,die (feminin),Universität,The University,Education & Learning,Er studiert an der Universität Berlin.,He studies at the University of Berlin.,Universitäten,—
821,Die Weiterbildung,die (feminin),Weiterbildung,The Further Education,Education & Learning,Sie macht eine Weiterbildung im Bereich Marketing.,She is doing further education in the field of marketing.,Weiterbildungen,—
822,Die Wissenschaft,die (feminin),Wissenschaft,The Science,Education & Learning,Die Wissenschaft entwickelt sich ständig weiter.,Science is constantly evolving.,Wissenschaften,—
823,Gefährlich,adjektiv,Gefährlich,Dangerous,"Safety, Emergencies & Social Interaction",Die Straße ist gefährlich.,The road is dangerous.,—,—
824,Krank,adjektiv,Krank,Sick,"Safety, Emergencies & Social Interaction",Ich fühle mich krank.,I feel sick.,—,—
825,Verletzt,adjektiv,Verletzt,Injured,"Safety, Emergencies & Social Interaction",Er ist verletzt.,He is injured.,—,—
826,Die Erste Hilfe,adjektiv/Substantiv,Erste,The First Aid,"Safety, Emergencies & Social Interaction",Kann jemand Erste Hilfe leisten?,Can someone provide first aid?,Ersten,Erste
827,Das Blut,das (neutrum),Blut,The Blood,"Safety, Emergencies & Social Interaction",Er verliert viel Blut.,He is losing a lot of blood.,— (Unzählbar),—
828,Das Krankenhaus,das (neutrum),Krankenhaus,The Hospital,"Safety, Emergencies & Social Interaction",Wo ist das nächste Krankenhaus?,Where is the nearest hospital?,Krankenhäuser,—
829,Das Problem,das (neutrum),Problem,The Problem,"Safety, Emergencies & Social Interaction",Es gibt ein Problem hier.,There is a problem here.,Probleme,—
830,Der Arzt,der (maskulin),Arzt,The Doctor,"Safety, Emergencies & Social Interaction",Ich muss zum Arzt gehen.,I need to see a doctor.,Ärzte,Ärztin
831,Der Brand,der (maskulin),Brand,The Fire,"Safety, Emergencies & Social Interaction",Es gibt einen Brand im Gebäude.,There is a fire in the building.,Brände,—
832,Der Diebstahl,der (maskulin),Diebstahl,The Theft,"Safety, Emergencies & Social Interaction",Ich möchte einen Diebstahl melden.,I want to report a theft.,Diebstähle,—
833,Der Feuerwehrmann,der (maskulin),Feuerwehrmann,The Firefighter,"Safety, Emergencies & Social Interaction",Der Feuerwehrmann löscht das Feuer.,The firefighter is extinguishing the fire.,Feuerwehrleute,Feuerwehrfrau
834,Der Krankenwagen,der (maskulin),Krankenwagen,The Ambulance,"Safety, Emergencies & Social Interaction",Rufen Sie einen Krankenwagen!,Call an ambulance!,Krankenwagen,—
835,Der Notfall,der (maskulin),Notfall,The Emergency,"Safety, Emergencies & Social Interaction",Das ist ein Notfall!,This is an emergency!,Notfälle,—
836,Der Notruf,der (maskulin),Notruf,The Emergency Call,"Safety, Emergencies & Social Interaction",Wählen Sie den Notruf 112.,Dial the emergency number 112.,Notrufe,—
837,Der Schmerz,der (maskulin),Schmerz,The Pain,"Safety, Emergencies & Social Interaction",Ich habe starke Schmerzen.,I have severe pain.,Schmerzen,—
838,Der Unfall,der (maskulin),Unfall,The Accident,"Safety, Emergencies & Social Interaction",Es gab einen Unfall auf der Straße.,There was an accident on the road.,Unfälle,—
839,Die Apotheke,die (feminin),Apotheke,The Pharmacy,"Safety, Emergencies & Social Interaction",Wo ist die nächste Apotheke?,Where is the nearest pharmacy?,Apotheken,Apotheke
840,Die Feuerwehr,die (feminin),Feuerwehr,The Fire Department,"Safety, Emergencies & Social Interaction",Rufen Sie die Feuerwehr an!,Call the fire department!,—,Feuerwehr
841,Die Gefahr,die (feminin),Gefahr,The Danger,"Safety, Emergencies & Social Interaction","Vorsicht, Gefahr!","Caution, danger!",—,Gefahr
842,Die Hilfe,die (feminin),Hilfe,The Help,"Safety, Emergencies & Social Interaction",Ich brauche Hilfe!,I need help!,— (Unzählbar),Hilfe
843,Die Krankheit,die (feminin),Krankheit,The Illness,"Safety, Emergencies & Social Interaction",Welche Krankheit haben Sie?,What illness do you have?,Krankheiten,Krankheit
844,Die Notaufnahme,die (feminin),Notaufnahme,The Emergency Room,"Safety, Emergencies & Social Interaction",Er wurde in die Notaufnahme gebracht.,He was taken to the emergency room.,Notaufnahmen,Notaufnahme
845,Die Polizei,die (feminin),Polizei,The Police,"Safety, Emergencies & Social Interaction",Wir müssen die Polizei informieren.,We need to inform the police.,—,Polizei
846,Die Rettung,die (feminin),Rettung,The Rescue,"Safety, Emergencies & Social Interaction",Die Rettung kommt bald.,Rescue is coming soon.,—,Rettung
847,Die Verletzung,die (feminin),Verletzung,The Injury,"Safety, Emergencies & Social Interaction",Die Verletzung ist nicht schwer.,The injury is not serious.,Verletzungen,—
848,Die Versicherung,die (feminin),Versicherung,The Insurance,"Safety, Emergencies & Social Interaction",Haben Sie eine Versicherung?,Do you have insurance?,Versicherungen,—
849,Die Medikamente,Plural,Medikamente,The Medicines,"Safety, Emergencies & Social Interaction",Ich muss meine Medikamente nehmen.,I need to take my medicines.,—,—
850,Bluten,Verb,Bluten,To Bleed,"Safety, Emergencies & Social Interaction",Meine Hand blutet.,My hand is bleeding.,—,—
851,Brennen,Verb,Brennen,To Burn,"Safety, Emergencies & Social Interaction",Das Haus brennt!,The house is burning!,—,—
852,Helfen,Verb,Helfen,To Help,"Safety, Emergencies & Social Interaction",Können Sie mir helfen?,Can you help me?,—,—
853,Aufgeregt,adjektiv,Aufgeregt,Excited,Emotions & Personality,Er ist aufgeregt wegen seines ersten Arbeitstages.,He is excited about his first day at work.,—,—
854,Begeistert,adjektiv,Begeistert,Enthusiastic,Emotions & Personality,Sie ist von dem neuen Buch begeistert.,She is enthusiastic about the new book.,—,—
855,Eifersüchtig,adjektiv,Eifersüchtig,Jealous,Emotions & Personality,"Er wird eifersüchtig, wenn sie mit anderen spricht.",He gets jealous when she talks to others.,—,—
856,Einsam,adjektiv,Einsam,Lonely,Emotions & Personality,In der neuen Stadt fühlt sie sich einsam.,She feels lonely in the new city.,—,—
857,Entspannt,adjektiv,Entspannt,Relaxed,Emotions & Personality,Nach dem Urlaub ist er sehr entspannt.,He is very relaxed after the vacation.,—,—
858,Enttäuscht,adjektiv,Enttäuscht,Disappointed,Emotions & Personality,Wir waren über das Ergebnis enttäuscht.,We were disappointed with the result.,—,—
859,Frustriert,adjektiv,Frustriert,Frustrated,Emotions & Personality,Sie ist frustriert über die Situation.,She is frustrated about the situation.,—,—
860,Gelangweilt,adjektiv,Gelangweilt,Bored,Emotions & Personality,Die Kinder sind gelangweilt und wollen spielen.,The children are bored and want to play.,—,—
861,Glücklich,adjektiv,Glücklich,Happy,Emotions & Personality,Er fühlt sich glücklich mit seinem Leben.,He feels happy with his life.,—,—
862,Hoffnungsvoll,adjektiv,Hoffnungsvoll,Hopeful,Emotions & Personality,Wir sind hoffnungsvoll für die Zukunft.,We are hopeful for the future.,—,—
863,Nervös,adjektiv,Nervös,Nervous,Emotions & Personality,Vor der Prüfung ist sie nervös.,She is nervous before the exam.,—,—
864,Schüchtern,adjektiv,Schüchtern,Shy,Emotions & Personality,Das Kind ist schüchtern und spricht wenig.,The child is shy and speaks little.,—,—
865,Verliebt,adjektiv,Verliebt,In Love,Emotions & Personality,Die beiden sind verliebt ineinander.,The two are in love with each other.,—,—
866,Verzweifelt,adjektiv,Verzweifelt,Desperate,Emotions & Personality,Er ist verzweifelt auf der Suche nach Arbeit.,He is desperately looking for work.,—,—
867,Wütend,adjektiv,Wütend,Angry,Emotions & Personality,Sie ist wütend über die Verspätung.,She is angry about the delay.,—,—
868,Zufrieden,adjektiv,Zufrieden,Content,Emotions & Personality,Er ist zufrieden mit dem Ergebnis.,He is content with the result.,—,—
869,Der Stolz,adjektiv/Substantiv,Stolz,The Pride,Emotions & Personality,Sie erfüllt ihre Arbeit mit Stolz.,She carries out her work with pride.,—,—
870,Das Glück,das (neutrum),Glück,The Happiness,Emotions & Personality,Glück ist für jeden etwas anderes.,Happiness means something different to everyone.,— (Unzählbar),—
871,Das Mitgefühl,das (neutrum),Mitgefühl,The Compassion,Emotions & Personality,Sie zeigte Mitgefühl für seine Situation.,She showed compassion for his situation.,—,—
872,Das Vertrauen,das (neutrum)/Verb,Vertrauen,The Trust,Emotions & Personality,Vertrauen ist die Basis jeder Beziehung.,Trust is the foundation of every relationship.,—,—
873,Der Ärger,der (maskulin),Ärger,The Anger,Emotions & Personality,Sein Ärger war deutlich zu spüren.,His anger was palpable.,— (Unzählbar),—
874,Der Hass,der (maskulin),Hass,The Hatred,Emotions & Personality,Hass führt nur zu mehr Problemen.,Hatred only leads to more problems.,— (Unzählbar),—
875,Der Mut,der (maskulin),Mut,The Courage,Emotions & Personality,"Es erfordert Mut, neue Wege zu gehen.",It takes courage to walk new paths.,—,—
876,Der Neid,der (maskulin),Neid,The Envy,Emotions & Personality,Neid ist eine negative Emotion.,Envy is a negative emotion.,—,—
877,Der Zorn,der (maskulin),Zorn,The Rage,Emotions & Personality,Sein Zorn verflog schnell.,His rage dissipated quickly.,—,—
878,Die Angst,die (feminin),Angst,The Fear,Emotions & Personality,Sie hat Angst vor Spinnen.,She is afraid of spiders.,Ängste,Angst
879,Die Aufregung,die (feminin),Aufregung,The Excitement,Emotions & Personality,Die Aufregung vor dem Konzert war groß.,The excitement before the concert was great.,—,Aufregung
880,Die Begeisterung,die (feminin),Begeisterung,The Enthusiasm,Emotions & Personality,Seine Begeisterung für Musik ist ansteckend.,His enthusiasm for music is contagious.,—,Begeisterung
881,Die Dankbarkeit,die (feminin),Dankbarkeit,The Gratitude,Emotions & Personality,Wir spürten tiefe Dankbarkeit für ihre Hilfe.,We felt deep gratitude for their help.,—,Dankbarkeit
882,Die Eifersucht,die (feminin),Eifersucht,The Jealousy,Emotions & Personality,Eifersucht kann Beziehungen zerstören.,Jealousy can destroy relationships.,—,Eifersucht
883,Die Einsamkeit,die (feminin),Einsamkeit,The Loneliness,Emotions & Personality,In der neuen Stadt fühlte er Einsamkeit.,He felt loneliness in the new city.,—,Einsamkeit
884,Die Enttäuschung,die (feminin),Enttäuschung,The Disappointment,Emotions & Personality,Die Enttäuschung war ihr ins Gesicht geschrieben.,The disappointment was written on her face.,Enttäuschungen,Enttäuschung
885,Die Erleichterung,die (feminin),Erleichterung,The Relief,Emotions & Personality,Nach der Prüfung spürte er große Erleichterung.,He felt great relief after the exam.,—,Erleichterung
886,Die Freude,die (feminin),Freude,The Joy,Emotions & Personality,Die Freude über das Geschenk war riesig.,The joy over the gift was immense.,Freuden,Freude
887,Die Gelassenheit,die (feminin),Gelassenheit,The Calmness,Emotions & Personality,Mit großer Gelassenheit meisterte sie die Situation.,She handled the situation with great calmness.,—,Gelassenheit
888,Die Hoffnung,die (feminin),Hoffnung,The Hope,Emotions & Personality,Die Hoffnung stirbt zuletzt.,Hope dies last.,Hoffnungen,Hoffnung
889,Die Liebe,die (feminin),Liebe,The Love,Emotions & Personality,Liebe ist das schönste Gefühl.,Love is the most beautiful feeling.,—,Liebe
890,Die Neugier,die (feminin),Neugier,The Curiosity,Emotions & Personality,"Neugier treibt uns an, mehr zu lernen.",Curiosity drives us to learn more.,—,Neugier
891,Die Scham,die (feminin),Scham,The Shame,Emotions & Personality,Er fühlte Scham über seinen Fehler.,He felt shame about his mistake.,—,—
892,Die Trauer,die (feminin),Trauer,The Grief,Emotions & Personality,Die Trauer war groß nach dem Verlust.,The grief was immense after the loss.,—,—
893,Die Verlegenheit,die (feminin),Verlegenheit,The Embarrassment,Emotions & Personality,Ihre Verlegenheit war offensichtlich.,Her embarrassment was obvious.,—,—
894,Die Verzweiflung,die (feminin),Verzweiflung,The Despair,Emotions & Personality,In seiner Verzweiflung wusste er nicht weiter.,"In his despair, he didn’t know what to do.",—,—
895,Die Wut,die (feminin),Wut,The Fury,Emotions & Personality,Die Wut ließ ihn unüberlegt handeln.,The fury made him act rashly.,—,—
896,Die Zufriedenheit,die (feminin),Zufriedenheit,The Contentment,Emotions & Personality,Zufriedenheit ist der Schlüssel zum Glück.,Contentment is the key to happiness.,—,—
897,Sich Sorgen Machen,Phrase,Sich Sorgen Machen,To Worry,Emotions & Personality,Eltern machen sich Sorgen um ihre Kinder.,Parents worry about their children.,—,—
898,Beruhigen,Verb,Beruhigen,To Calm Down,Emotions & Personality,"Der Lehrer versucht, die Schüler zu beruhigen.",The teacher tries to calm down the students.,—,—
899,Hassen,Verb,Hassen,To Hate,Emotions & Personality,"Sie hasst es, früh aufzustehen.",She hates getting up early.,—,—
900,Lieben,Verb,Lieben,To Love,Emotions & Personality,"Er sagt, dass er sie liebt.",He says that he loves her.,—,—
901,Trösten,Verb,Trösten,To Comfort,Emotions & Personality,"Sie versucht, ihn zu trösten.",She tries to comfort him.,—,—
902,Weinen,Verb,Weinen,To Cry,Emotions & Personality,Das Baby beginnt zu weinen.,The baby starts to cry.,—,—
903,Sich Ärgern,Verb (reflexiv),Sich Ärgern,To Be Annoyed,Emotions & Personality,Ich ärgere mich über den Stau.,I’m annoyed about the traffic jam.,—,—
904,Sich Freuen,Verb (reflexiv),Sich Freuen,To Be Happy,Emotions & Personality,Wir freuen uns auf das Wochenende.,We are happy about the weekend.,—,—
905,Bedauern,Verb/Nomen,Bedauern,To Regret,Emotions & Personality,Ich bedauere meine Entscheidung.,I regret my decision.,—,—
906,Lachen,Verb/Nomen,Lachen,To Laugh,Emotions & Personality,Die Freunde lachen über den Witz.,The friends are laughing at the joke.,—,—
907,Erneuerbar,adjektiv,Erneuerbar,Renewable,Nature & Environment,Wind und Sonne sind erneuerbare Ressourcen.,Wind and sun are renewable resources.,—,—
908,Nachhaltig,adjektiv,Nachhaltig,Sustainable,Nature & Environment,Nachhaltige Lösungen sind notwendig.,Sustainable solutions are necessary.,—,—
909,Das Abwasser,das (neutrum),Abwasser,The Wastewater,Nature & Environment,Das Abwasser wird in die Flüsse geleitet.,Wastewater is discharged into the rivers.,— (Unzählbar),—
910,Das Artensterben,das (neutrum),Artensterben,The Extinction Of Species,Nature & Environment,Das Artensterben nimmt weltweit zu.,The extinction of species is increasing worldwide.,—,—
911,Das Kohlenstoffdioxid,das (neutrum),Kohlenstoffdioxid,The Carbon Dioxide,Nature & Environment,Kohlenstoffdioxid trägt zum Treibhauseffekt bei.,Carbon dioxide contributes to the greenhouse effect.,—,—
912,Das Ozonloch,das (neutrum),Ozonloch,The Ozone Hole,Nature & Environment,Das Ozonloch wird größer.,The ozone hole is getting bigger.,Ozonlöcher,—
913,Das Recycling,das (neutrum),Recycling,The Recycling,Nature & Environment,Recycling hilft der Umwelt.,Recycling helps the environment.,—,—
914,Der Abfall,der (maskulin),Abfall,The Waste,Nature & Environment,Bitte werfen Sie den Abfall in den Mülleimer.,Please throw the waste into the trash can.,— (Unzählbar),—
915,Der Klimaschutz,der (maskulin),Klimaschutz,The Climate Protection,Nature & Environment,Klimaschutz sollte Priorität haben.,Climate protection should be a priority.,—,—
916,Der Klimawandel,der (maskulin),Klimawandel,The Climate Change,Nature & Environment,Der Klimawandel beeinflusst das Wetter.,Climate change affects the weather.,—,—
917,Der Müll,der (maskulin),Müll,The Garbage/Trash,Nature & Environment,Wir sollten weniger Müll produzieren.,We should produce less garbage.,—,—
918,Der Treibhauseffekt,der (maskulin),Treibhauseffekt,The Greenhouse Effect,Nature & Environment,Der Treibhauseffekt erwärmt die Erde.,The greenhouse effect warms the Earth.,—,—
919,Der Umweltschutz,der (maskulin),Umweltschutz,The Environmental Protection,Nature & Environment,Umweltschutz ist eine gemeinsame Verantwortung.,Environmental protection is a shared responsibility.,—,—
920,Die Abholzung,die (feminin),Abholzung,The Deforestation,Nature & Environment,Die Abholzung bedroht den Regenwald.,Deforestation threatens the rainforest.,Abholzungen,Abholzung
921,Die Emission,die (feminin),Emission,The Emission,Nature & Environment,Der CO2-Ausstoß muss reduziert werden.,CO2 emissions must be reduced.,Emissionen,Emission
922,Die Erderwärmung,die (feminin),Erderwärmung,The Global Warming,Nature & Environment,Die Erderwärmung ist ein globales Problem.,Global warming is a global problem.,—,Erderwärmung
923,Die Luftverschmutzung,die (feminin),Luftverschmutzung,The Air Pollution,Nature & Environment,Die Luftverschmutzung in Städten ist ein ernstes Problem.,Air pollution in cities is a serious problem.,—,Luftverschmutzung
924,Die Nachhaltigkeit,die (feminin),Nachhaltigkeit,The Sustainability,Nature & Environment,Nachhaltigkeit ist ein zentrales Thema.,Sustainability is a central issue.,—,Nachhaltigkeit
925,Die Naturkatastrophe,die (feminin),Naturkatastrophe,The Natural Disaster,Nature & Environment,Naturkatastrophen nehmen zu.,Natural disasters are increasing.,Naturkatastrophen,Naturkatastrophe
926,Die Ressource,die (feminin),Ressource,The Resource,Nature & Environment,Ressourcen müssen geschützt werden.,Resources must be protected.,Ressourcen,Ressource
927,Die Solarenergie,die (feminin),Solarenergie,The Solar Energy,Nature & Environment,Solarenergie ist eine saubere Energiequelle.,Solar energy is a clean energy source.,—,—
928,Die Umweltverschmutzung,die (feminin),Umweltverschmutzung,The Environmental Pollution,Nature & Environment,Umweltverschmutzung bedroht die Gesundheit.,Environmental pollution threatens health.,—,—
929,Die Verschmutzung,die (feminin),Verschmutzung,The Pollution,Nature & Environment,Die Verschmutzung der Meere ist alarmierend.,The pollution of the seas is alarming.,—,—
930,Die Wasserverschmutzung,die (feminin),Wasserverschmutzung,The Water Pollution,Nature & Environment,Wasserverschmutzung gefährdet das Leben im Wasser.,Water pollution endangers aquatic life.,—,—
931,Die Windenergie,die (feminin),Windenergie,The Wind Energy,Nature & Environment,Windenergie ist eine wichtige erneuerbare Energie.,Wind energy is an important renewable energy.,—,—
932,Die Erneuerbare Energie,Phrase,Erneuerbare Energie,The Renewable Energy,Nature & Environment,Erneuerbare Energien sind wichtig für die Zukunft.,Renewable energies are important for the future.,—,—
933,Recyceln,Verb,Recyceln,To Recycle,Nature & Environment,Wir sollten mehr recyceln.,We should recycle more.,—,—
934,Schützen,Verb,Schützen,To Protect,Nature & Environment,Wir müssen die Umwelt schützen.,We need to protect the environment.,—,—
935,Verschmutzen,Verb,Verschmutzen,To Pollute,Nature & Environment,Fabriken verschmutzen oft die Luft.,Factories often pollute the air.,—,—
936,Das Baby,das (neutrum),Baby,The Baby,Family & Life Stages,Das Baby schläft die ganze Nacht.,The baby sleeps all night.,Babys,—
937,Das Kind,das (neutrum),Kind,The Child,Family & Life Stages,Das Kind spielt mit seinem Hund im Garten.,The child is playing with its dog in the garden.,Kinder,—
938,Das Mädchen,das (neutrum),Mädchen,The Girl ⚠️ Neuter — Not Feminine!,Family & Life Stages,Das Mädchen spielt mit seiner Schwester.,The girl plays with her sister.,Mädchen,—
939,Der Bruder,der (maskulin),Bruder,The Brother,Family & Life Stages,Mein Bruder spielt Fußball im Park.,My brother plays soccer in the park.,Brüder,Schwester
940,Der Cousin,der (maskulin),Cousin,Cousin,Family & Life Stages,Mein Cousin ist sehr groß.,My cousin is very tall.,Cousins,—
941,Der Cousin / Der Kusin,der (maskulin),Cousin / Kusin,The Male Cousin,Family & Life Stages,Mein Cousin wohnt in Frankfurt.,My (male) cousin lives in Frankfurt.,Cousins,—
942,Der Ehemann,der (maskulin),Ehemann,The Husband (Formal/Legal),Family & Life Stages,Ihr Ehemann ist Arzt.,Her husband is a doctor.,Ehemänner,—
943,Der Enkel,der (maskulin),Enkel,The Grandson,Family & Life Stages,Der Enkel besucht seine Großeltern jedes Wochenende.,The grandson visits his grandparents every weekend.,Enkel,Enkelin
944,Der Enkelsohn,der (maskulin),Enkelsohn,Grandson,Family & Life Stages,Der Enkelsohn spielt Fußball.,The grandson plays football.,Enkelsöhne,—
945,Der Großvater,der (maskulin),Großvater,The Grandfather,Family & Life Stages,Meine Großmutter backt einen leckeren Kuchen.,My grandmother bakes a delicious cake.,Großväter,—
946,Der Junge,der (maskulin),Junge,The Boy,Family & Life Stages,Der Junge und das Mädchen spielen zusammen im Garten.,The boy and the girl play together in the garden.,Jungen,—
947,Der Mann,der (maskulin),Mann,The Man / Husband (Informal),Family & Life Stages,Ihr Mann arbeitet in München.,Her husband works in Munich.,Männer,Frau
948,Der Neffe,der (maskulin),Neffe,The Nephew,Family & Life Stages,Mein Neffe ist drei Jahre alt.,My nephew is three years old.,Neffen,—
949,Der Onkel,der (maskulin),Onkel,The Uncle,Family & Life Stages,Der Onkel kommt uns am Wochenende besuchen.,The uncle is visiting us this weekend.,Onkel,—
950,Der Opa,der (maskulin),Opa,The Grandpa (Informal),Family & Life Stages,"Der Opa mag es, im Garten zu arbeiten.",The grandpa likes working in the garden.,Oмас,—
951,Der Schwager,der (maskulin),Schwager,Brother-In-Law,Family & Life Stages,Mein Schwager spielt Gitarre.,My brother-in-law plays the guitar.,Schwäger,—
952,Der Schwiegersohn,der (maskulin),Schwiegersohn,Son-In-Law,Family & Life Stages,Der Schwiegersohn hilft im Garten.,The son-in-law helps in the garden.,Schwiegersöhne,—
953,Der Schwiegervater,der (maskulin),Schwiegervater,Father-In-Law,Family & Life Stages,Mein Schwiegervater ist sehr nett.,My father-in-law is very nice.,Schwiegerväter,—
954,Der Sohn,der (maskulin),Sohn,The Son,Family & Life Stages,Der Sohn geht noch zur Schule.,The son still goes to school.,Söhne,—
955,Der Vater,der (maskulin),Vater,The Father,Family & Life Stages,Der Vater arbeitet als Lehrer.,The father works as a teacher.,Väter,—
956,Der Verlobte,der/die (maskulin/feminin),Verlobte,Fiancé,Family & Life Stages,Ihr Verlobter ist Anwalt.,Her fiancé is a lawyer.,Verlobte,Verlobte
957,Die Cousine,die (feminin),Cousine,Cousin (Female),Family & Life Stages,Meine Cousine hat blonde Haare.,My cousin has blonde hair.,Cousinen,Cousine
958,Die Cousine / Die Kusine,die (feminin),Cousine / Kusine,The Female Cousin,Family & Life Stages,Meine Cousine ist sehr freundlich.,My (female) cousin is very friendly.,Cousinen,Cousine
959,Die Ehefrau,die (feminin),Ehefrau,The Wife (Formal/Legal),Family & Life Stages,Seine Ehefrau ist Lehrerin.,His wife is a teacher.,Ehefrauen,Ehefrau
960,Die Enkelin,die (feminin),Enkelin,The Granddaughter,Family & Life Stages,Die Enkelin hilft der Oma im Haushalt.,The granddaughter helps grandma with the housework.,Enkelinnen,Enkelin
961,Die Enkeltochter,die (feminin),Enkeltochter,Granddaughter,Family & Life Stages,Die Enkeltochter malt ein Bild.,The granddaughter paints a picture.,Enkelstöchter,Enkeltochter
962,Die Familie,die (feminin),Familie,The Family,Family & Life Stages,Die Familie wohnt in Berlin.,The family lives in Berlin.,Familien,Familie
963,Die Frau,die (feminin),Frau,The Woman / Wife (Informal),Family & Life Stages,Meine Frau kommt aus Österreich.,My wife comes from Austria.,Frauen,Frau
964,Die Großmutter,die (feminin),Großmutter,The Grandmother,Family & Life Stages,Mein Großvater erzählt immer lustige Geschichten.,My grandfather always tells funny stories.,Großmütter,Großmutter
965,Die Mutter,die (feminin),Mutter,The Mother,Family & Life Stages,Die Mutter kocht heute Abend.,The mother cooks this evening.,Mütter,Mutter
966,Die Nichte,die (feminin),Nichte,The Niece,Family & Life Stages,Meine Nichte geht in den Kindergarten.,My niece goes to kindergarten.,Nichten,Nichte
967,Die Oma,die (feminin),Oma,The Grandma (Informal),Family & Life Stages,Die Oma strickt jeden Abend.,The grandma knits every evening.,Omas,Oma
968,Die Schwägerin,die (feminin),Schwägerin,Sister-In-Law,Family & Life Stages,Meine Schwägerin arbeitet im Krankenhaus.,My sister-in-law works in the hospital.,Schwägerinnen,—
969,Die Schwester,die (feminin),Schwester,The Sister,Family & Life Stages,Die Schwester liest gern Bücher.,The sister likes reading books.,Schwestern,—
970,Die Schwiegermutter,die (feminin),Schwiegermutter,Mother-In-Law,Family & Life Stages,Meine Schwiegermutter kocht gerne.,My mother-in-law likes to cook.,Schwiegermütter,—
971,Die Schwiegertochter,die (feminin),Schwiegertochter,Daughter-In-Law,Family & Life Stages,Die Schwiegertochter liest ein Buch.,The daughter-in-law reads a book.,Schwiegertöchter,—
972,Die Tante,die (feminin),Tante,The Aunt,Family & Life Stages,Meine Tante arbeitet in einem Krankenhaus.,My aunt works in a hospital.,Tanten,—
973,Die Tochter,die (feminin),Tochter,The Daughter,Family & Life Stages,Die Tochter liebt es zu tanzen.,The daughter loves to dance.,Töchter,—
974,Die Eltern,Plural,Eltern,The Parents (Plural Only),Family & Life Stages,Meine Eltern fahren dieses Wochenende in den Urlaub.,My parents are going on vacation this weekend.,—,—
975,Die Geschwister,Plural,Geschwister,The Siblings (Plural Only),Family & Life Stages,Meine Geschwister sind sehr lustig.,My siblings are very funny.,—,—
976,Die Großeltern,Plural,Großeltern,The Grandparents (Plural Only),Family & Life Stages,Meine Großeltern besuchen uns oft.,My grandparents visit us often.,—,—
977,Amüsiert,adjektiv,Amüsiert,Amused,Emotions & Personality,Ich war sehr amüsiert.,I was very amused.,—,—
978,Angespannt,adjektiv,Angespannt,Tensed,Emotions & Personality,Die Stimmung war angespannt.,The atmosphere was tense.,—,—
979,Ängstlich,adjektiv,Ängstlich,Afraid,Emotions & Personality,Das Kind ist ängstlich.,The child is anxious.,—,—
980,Apathisch,adjektiv,Apathisch,Apathetic,Emotions & Personality,Er wirkte apathisch.,He seemed apathetic.,—,—
981,Bedrückt,adjektiv,Bedrückt,Depressed,Emotions & Personality,Sie sah bedrückt aus.,She looked depressed.,—,—
982,Befriedigt,adjektiv,Befriedigt,Satisfied,Emotions & Personality,Ich bin mit dem Ergebnis befriedigt.,I am satisfied with the result.,—,—
983,Beleidigt,adjektiv,Beleidigt,Offended,Emotions & Personality,Sie ist schnell beleidigt.,She gets offended easily.,—,—
984,Berührt,adjektiv,Berührt,Touched,Emotions & Personality,Die Geschichte hat mich berührt.,The story touched me.,—,—
985,Beschämt,adjektiv,Beschämt,Ashamed,Emotions & Personality,Er fühlte sich beschämt.,He felt ashamed.,—,—
986,Besorgt,adjektiv,Besorgt,Worried,Emotions & Personality,Die Mutter ist besorgt.,The mother is worried.,—,—
987,Beunruhigt,adjektiv,Beunruhigt,Concerned,Emotions & Personality,Die Nachricht hat mich beunruhigt.,The news worried me.,—,—
988,Bewegt,adjektiv,Bewegt,Moved,Emotions & Personality,Sie war sehr bewegt.,She was very moved.,—,—
989,Böse,adjektiv,Böse,Angry,Emotions & Personality,Er war sehr böse auf mich.,He was very angry with me.,—,—
990,Dankbar,adjektiv,Dankbar,Thankful,Emotions & Personality,Ich bin dir sehr dankbar.,I am very grateful to you.,—,—
991,Deprimiert,adjektiv,Deprimiert,Depressed,Emotions & Personality,Er ist oft deprimiert.,He is often depressed.,—,—
992,Durstig,adjektiv,Durstig,Thirsty,Emotions & Personality,Ich bin durstig.,I am thirsty.,—,—
993,Eingeschüchtert,adjektiv,Eingeschüchtert,Awed,Emotions & Personality,Er wirkte eingeschüchtert.,He seemed intimidated.,—,—
994,Entmutigt,adjektiv,Entmutigt,Discouraged,Emotions & Personality,Lass dich nicht entmutigen.,Don't get discouraged.,—,—
995,Erfreut,adjektiv,Erfreut,Pleased,Emotions & Personality,"Ich bin erfreut, Sie zu sehen.",I am pleased to see you.,—,—
996,Erleichtert,adjektiv,Erleichtert,Relieved,Emotions & Personality,Ich war sehr erleichtert.,I was very relieved.,—,—
997,Erschöpft,adjektiv,Erschöpft,Exhausted,Emotions & Personality,Nach dem Rennen war er erschöpft.,After the race he was exhausted.,—,—
998,Erschreckt,adjektiv,Erschreckt,Frightened,Emotions & Personality,Du hast mich erschreckt.,You frightened me.,—,—
999,Erschrocken,adjektiv,Erschrocken,Shocked,Emotions & Personality,Ich bin erschrocken.,I am startled.,—,—
1000,Erstaunt,adjektiv,Erstaunt,Astonished,Emotions & Personality,Ich war erstaunt über sein Wissen.,I was amazed at his knowledge.,—,—
1001,Erwartungsvoll,adjektiv,Erwartungsvoll,Expectant,Emotions & Personality,Sie schaute mich erwartungsvoll an.,She looked at me expectantly.,—,—
1002,Fasziniert,adjektiv,Fasziniert,Intrigued,Emotions & Personality,Ich bin fasziniert von dem Buch.,I am fascinated by the book.,—,—
1003,Froh,adjektiv,Froh,Glad,Emotions & Personality,"Ich bin froh, dass du hier bist.",I am glad you are here.,—,—
1004,Fröhlich,adjektiv,Fröhlich,Happy,Emotions & Personality,Die Kinder sind fröhlich.,The children are cheerful.,—,—
1005,Geringwertig,adjektiv,Geringwertig,Inferior,Emotions & Personality,Er fühlt sich geringwertig.,He feels inferior.,—,—
1006,Gleichgültig,adjektiv,Gleichgültig,Indifferent,Emotions & Personality,Das ist mir gleichgültig.,That is indifferent to me.,—,—
1007,Hilflos,adjektiv,Hilflos,Helpless,Emotions & Personality,Ich fühlte mich hilflos.,I felt helpless.,—,—
1008,Hoffnungslos,adjektiv,Hoffnungslos,Hopeless,Emotions & Personality,Die Situation ist hoffnungslos.,The situation is hopeless.,—,—
1009,Hungrig,adjektiv,Hungrig,Hungry,Emotions & Personality,Ich bin sehr hungrig.,I am very hungry.,—,—
1010,Inspiriert,adjektiv,Inspiriert,Inspired,Emotions & Personality,Ich fühle mich inspiriert.,I feel inspired.,—,—
1011,Interessiert,adjektiv,Interessiert,Interested,Emotions & Personality,Ich bin sehr interessiert.,I am very interested.,—,—
1012,Irritiert,adjektiv,Irritiert,Irritated,Emotions & Personality,Ich bin etwas irritiert.,I am a bit irritated.,—,—
1013,Nachdenklich,adjektiv,Nachdenklich,Thoughtful,Emotions & Personality,Er sah nachdenklich aus.,He looked thoughtful.,—,—
1014,Satt,adjektiv,Satt,Full (Had Enough),Emotions & Personality,"Danke, ich bin satt.","Thanks, I am full.",—,—
1015,Sorgenfrei,adjektiv,Sorgenfrei,Worriless,Emotions & Personality,Sie führt ein sorgenfreies Leben.,She leads a carefree life.,—,—
1016,Überrascht,adjektiv,Überrascht,Surprised,Emotions & Personality,Ich war angenehm überrascht.,I was pleasantly surprised.,—,—
1017,Überwältigt,adjektiv,Überwältigt,Overwhelmed,Emotions & Personality,Ich bin überwältigt von der Schönheit.,I am overwhelmed by the beauty.,—,—
1018,Unentschlossen,adjektiv,Unentschlossen,Undecided,Emotions & Personality,Er ist noch unentschlossen.,He is still undecided.,—,—
1019,Unglücklich,adjektiv,Unglücklich,Unhappy,Emotions & Personality,Sie ist unglücklich in ihrem Job.,She is unhappy in her job.,—,—
1020,Unruhig,adjektiv,Unruhig,Restless,Emotions & Personality,Die Kinder sind heute unruhig.,The children are restless today.,—,—
1021,Unsicher,adjektiv,Unsicher,Uncertain,Emotions & Personality,Ich bin mir unsicher.,I am unsure.,—,—
1022,Unzufrieden,adjektiv,Unzufrieden,Discontented,Emotions & Personality,Der Kunde war unzufrieden.,The customer was dissatisfied.,—,—
1023,Verängstigt,adjektiv,Verängstigt,Scared,Emotions & Personality,Das Tier war verängstigt.,The animal was frightened.,—,—
1024,Verärgert,adjektiv,Verärgert,Upset,Emotions & Personality,Er war verärgert über die Verspätung.,He was annoyed about the delay.,—,—
1025,Verblüfft,adjektiv,Verblüfft,Stunned,Emotions & Personality,Ich war völlig verblüfft.,I was completely baffled.,—,—
1026,Verletzlich,adjektiv,Verletzlich,Vulnerable,Emotions & Personality,Sie zeigte sich verletzlich.,She showed herself vulnerable.,—,—
1027,Verwirrt,adjektiv,Verwirrt,Confused,Emotions & Personality,Die Erklärung hat mich verwirrt.,The explanation confused me.,—,—
1028,Verwundert,adjektiv,Verwundert,Astonished,Emotions & Personality,Ich war sehr verwundert.,I was very surprised.,—,—
1029,Wahnsinnig,adjektiv,Wahnsinnig,Mad,Emotions & Personality,Das ist wahnsinnig teuer.,That is insanely expensive.,—,—
1030,Zögernd,adjektiv,Zögernd,Hesitant,Emotions & Personality,Er antwortete zögernd.,He answered hesitantly.,—,—
1031,Zornig,adjektiv,Zornig,Wrathful,Emotions & Personality,Der König war zornig.,The king was wrathful.,—,—
1032,Zuversichtlich,adjektiv,Zuversichtlich,Confident,Emotions & Personality,Ich bin zuversichtlich.,I am confident.,—,—
1033,Verlegen,Verb/adjektiv,Verlegen,Embarrassed,Emotions & Personality,Das machte ihn verlegen.,That made him embarrassed.,—,—
1034,Das Eigenkapital,das (neutrum),Eigenkapital,The Equity,Business & Finance,Ich investiere mein Eigenkapital in Aktienfonds.,I invest my equity in stock funds.,—,—
1035,Das Finanzportfolio,das (neutrum),Finanzportfolio,The Investment Portfolio,Business & Finance,Sie diversifiziert ihr Finanzportfolio.,She diversifies her investment portfolio.,Finanzportfolios,—
1036,Das Kapital,das (neutrum),Kapital,The Capital,Business & Finance,Er braucht mehr Kapital für das nächste Projekt.,He needs more capital for the next project.,Kapitalien,—
1037,Das Risiko,das (neutrum),Risiko,The Risk,Business & Finance,Jede Investition hat ein gewisses Risiko.,Every investment carries some risk.,Risiken,—
1038,Das Wertpapier,das (neutrum),Wertpapier,The Security (Financial Instrument),Business & Finance,Dieses Wertpapier ist an mehreren Börsen notiert.,This security is listed on multiple exchanges.,Wertpapiere,—
1039,Der Aktienkurs,der (maskulin),Aktienkurs,The Share Price,Business & Finance,Der Aktienkurs ist heute stark gestiegen.,The share price rose sharply today.,Aktienkurse,—
1040,Der Anleger,der (maskulin),Anleger,The Investor,Business & Finance,Der Anleger sucht sichere Anlagen.,The investor looks for safe investments.,Anleger,Anlegerin
1041,Der Bärenmarkt,der (maskulin),Bärenmarkt,The Bear Market,Business & Finance,Ein Bärenmarkt kann hohe Verluste bedeuten.,A bear market can mean heavy losses.,Bärenmärkte,—
1042,Der Börsencrash,der (maskulin),Börsencrash,The Stock Market Crash,Business & Finance,Ein plötzlicher Börsencrash schockierte die Anleger.,A sudden stock market crash shocked the investors.,Börsencrashs,—
1043,Der Broker,der (maskulin),Broker,The Broker,Business & Finance,Der Broker gibt mir täglich neue Empfehlungen.,The broker gives me new recommendations every day.,Broker,Brokerin
1044,Der Bullenmarkt,der (maskulin),Bullenmarkt,The Bull Market,Business & Finance,In einem Bullenmarkt steigen viele Kurse.,"In a bull market, many prices increase.",Bullenmärkte,—
1045,Der Ertrag,der (maskulin),Ertrag,The Yield / Profit,Business & Finance,Der Ertrag war höher als erwartet.,The yield was higher than expected.,Erträge,—
1046,Der Kredit,der (maskulin),Kredit,The Loan / Credit,Business & Finance,Der Kredit hat einen festen Zinssatz.,The loan has a fixed interest rate.,Kredite,—
1047,Der Kursgewinn,der (maskulin),Kursgewinn,The Gain In Share Price,Business & Finance,Wir haben einen unerwarteten Kursgewinn erzielt.,We achieved an unexpected gain in share price.,Kursgewinne,—
1048,Der Kursverlust,der (maskulin),Kursverlust,The Loss In Share Price,Business & Finance,Der Kursverlust war leider sehr hoch.,The loss in share price was unfortunately very high.,Kursverluste,—
1049,Der Zinssatz,der (maskulin),Zinssatz,The Interest Rate,Business & Finance,Der Zinssatz bei diesem Kredit ist sehr niedrig.,The interest rate on this loan is very low.,Zinssätze,—
1050,Die Anlegerin,die (feminin),Anlegerin,The Female Investor,Business & Finance,Die Anlegerin hat ihr Portfolio erweitert.,The female investor expanded her portfolio.,Anlegerinnen,Anlegerin
1051,Die Börse,die (feminin),Börse,The Stock Exchange,Business & Finance,Die Börse öffnet jeden Morgen um neun Uhr.,The stock exchange opens at nine o’clock each morning.,Börsen,Börse
1052,Die Dividende,die (feminin),Dividende,The Dividend,Business & Finance,Wir erhalten jedes Jahr eine hohe Dividende.,We receive a high dividend each year.,Dividenden,Dividende
1053,Die Inflation,die (feminin),Inflation,The Inflation,Business & Finance,Die Inflation beeinflusst die Kaufkraft.,Inflation affects purchasing power.,—,Inflation
1054,Die Liquidität,die (feminin),Liquidität,The Liquidity,Business & Finance,Die Liquidität des Unternehmens bleibt stabil.,The company’s liquidity remains stable.,—,Liquidität
1055,Die Rendite,die (feminin),Rendite,The Return (On Investment),Business & Finance,Wir hoffen auf eine bessere Rendite nächstes Jahr.,We hope for a better return next year.,Renditen,Rendite
1056,Die Spekulation,die (feminin),Spekulation,The Speculation,Business & Finance,Die Spekulation kann große Gewinne oder Verluste bringen.,Speculation can lead to large gains or losses.,Spekulationen,—
1057,Das Bier,das (neutrum),Bier,The Beer,Food & Dining,"Ein Bier, bitte!","A beer, please!",Bier/Biere,—
1058,Das Brot,das (neutrum),Brot,The Bread,Food & Dining,Wir haben frisches Brot gekauft.,We bought fresh bread.,Brote,—
1059,Das Ei,das (neutrum),Ei,The Egg,Food & Dining,Das Ei ist hart gekocht.,The egg is hard-boiled.,Eier,—
1060,Das Fleisch,das (neutrum),Fleisch,The Meat,Food & Dining,Ich esse kein Fleisch.,I don’t eat meat.,—,—
1061,Das Gemüse,das (neutrum),Gemüse,The Vegetable(S),Food & Dining,Gemüse ist gesund.,Vegetables are healthy.,—,—
1062,Das Getränk,das (neutrum),Getränk,The Drink/Beverage,Food & Dining,Was ist dein Lieblingsgetränk?,What is your favorite drink?,Getränke,—
1063,Das Wasser,das (neutrum),Wasser,The Water,Food & Dining,Wasser ist wichtig für die Gesundheit.,Water is important for health.,—,—
1064,Der Apfel,der (maskulin),Apfel,The Apple,Food & Dining,Ich esse jeden Tag einen Apfel.,I eat an apple every day.,Äpfel,—
1065,Der Fisch,der (maskulin),Fisch,The Fish,Food & Dining,Der Fisch ist frisch gefangen.,The fish is freshly caught.,Fische,—
1066,Der Kaffee,der (maskulin),Kaffee,The Coffee,Food & Dining,Der Kaffee ist noch heiß.,The coffee is still hot.,— (Unzählbar),—
1067,Der Käse,der (maskulin),Käse,The Cheese,Food & Dining,Ich mag Käse auf meinem Brot.,I like cheese on my bread.,— (Unzählbar),—
1068,Der Kuchen,der (maskulin),Kuchen,The Cake,Food & Dining,Der Kuchen ist selbstgebacken.,The cake is homemade.,Kuchen,—
1069,Der Reis,der (maskulin),Reis,The Rice,Food & Dining,Ich koche heute Reis.,I’m cooking rice today.,—,—
1070,Der Saft,der (maskulin),Saft,The Juice,Food & Dining,Ich trinke gern Orangensaft.,I like to drink orange juice.,—,—
1071,Der Tee,der (maskulin),Tee,The Tea,Food & Dining,Trinken Sie Tee oder Kaffee?,Do you drink tea or coffee?,—,—
1072,Die Banane,die (feminin),Banane,The Banana,Food & Dining,Die Banane ist sehr süß.,The banana is very sweet.,Bananen,Banane
1073,Die Butter,die (feminin),Butter,The Butter,Food & Dining,Kannst du mir die Butter reichen?,Can you pass me the butter?,— (Unzählbar),Butter
1074,Die Kartoffel,die (feminin),Kartoffel,The Potato,Food & Dining,Kartoffeln sind ein Grundnahrungsmittel.,Potatoes are a staple food.,Kartoffeln,Kartoffel
1075,Die Milch,die (feminin),Milch,The Milk,Food & Dining,Die Milch ist im Kühlschrank.,The milk is in the fridge.,—,Milch
1076,Die Schokolade,die (feminin),Schokolade,The Chocolate,Food & Dining,Kinder lieben Schokolade.,Children love chocolate.,—,—
1077,Die Suppe,die (feminin),Suppe,The Soup,Food & Dining,Die Suppe ist sehr heiß.,The soup is very hot.,Suppen,—
1078,Die Nudeln,Plural,Nudeln,The Noodles/Pasta,Food & Dining,Nudeln sind mein Lieblingsessen.,Pasta is my favorite food.,—,—
1079,Kochen,Verb,Kochen,To Cook,Food & Dining,Tina kocht jeden Tag.,Tina cooks every day.,—,—
1080,Trinken,Verb,Trinken,To Drink,Food & Dining,Ich trinke jeden Morgen Kaffee.,I drink coffee every morning.,—,—
1081,Das Essen,Verb/Nomen,Essen,The Food,Food & Dining,Das Essen in diesem Restaurant ist sehr lecker.,The food in this restaurant is very tasty.,—,—
1082,Das Bett,das (neutrum),Bett,The Bed,Home & Living,Das Bett ist sehr bequem.,The bed is very comfortable.,Betten,—
1083,Das Bücherregal,das (neutrum),Bücherregal,The Bookshelf,Home & Living,Meine Bücher stehen im Bücherregal.,My books are on the bookshelf.,Bücherregale,—
1084,Das Doppelbett,das (neutrum),Doppelbett,The Double Bed,Home & Living,Im Gästezimmer steht ein Doppelbett.,There is a double bed in the guest room.,Doppelbetten,—
1085,Das Einzelbett,das (neutrum),Einzelbett,The Single Bed,Home & Living,Das Kinderzimmer hat ein Einzelbett.,The children’s room has a single bed.,Einzelbetten,—
1086,Das Regal,das (neutrum),Regal,The Shelf,Home & Living,Die Trophäen stehen auf dem Regal.,The trophies are on the shelf.,Regale,—
1087,Das Sofa,das (neutrum),Sofa,The Sofa,Home & Living,Das Sofa ist groß und bequem.,The sofa is large and comfortable.,Sofas,—
1088,Der Beistelltisch,der (maskulin),Beistelltisch,The Side Table,Home & Living,Ich stelle die Lampe auf den Beistelltisch.,I put the lamp on the side table.,Beistelltische,—
1089,Der Bürostuhl,der (maskulin),Bürostuhl,The Office Chair,Home & Living,Ein ergonomischer Bürostuhl ist wichtig.,An ergonomic office chair is important.,Bürostühle,—
1090,Der Couchtisch,der (maskulin),Couchtisch,The Coffee Table,Home & Living,Die Zeitschriften liegen auf dem Couchtisch.,The magazines are on the coffee table.,Couchtische,—
1091,Der Esstisch,der (maskulin),Esstisch,The Dining Table,Home & Living,Wir essen gemeinsam am Esstisch.,We eat together at the dining table.,Esstische,—
1092,Der Fernsehtisch,der (maskulin),Fernsehtisch,The Tv Stand,Home & Living,Der Fernseher steht auf dem Fernsehtisch.,The TV is on the TV stand.,Fernsehtische,—
1093,Der Hocker,der (maskulin),Hocker,The Stool,Home & Living,Ich sitze gerne auf dem Hocker.,I like sitting on the stool.,Hocker,—
1094,Der Kamin,der (maskulin),Kamin,The Fireplace,Home & Living,Im Winter machen wir ein Feuer im Kamin.,"In winter, we make a fire in the fireplace.",Kamine,—
1095,Der Kleiderschrank,der (maskulin),Kleiderschrank,The Closet,Home & Living,Meine Kleidung hängt im Kleiderschrank.,My clothes are hanging in the closet.,Kleiderschränke,—
1096,Der Nachttisch,der (maskulin),Nachttisch,The Nightstand,Home & Living,Mein Wecker steht auf dem Nachttisch.,My alarm clock is on the nightstand.,Nachttische,—
1097,Der Schaukelstuhl,der (maskulin),Schaukelstuhl,The Rocking Chair,Home & Living,Oma sitzt gerne im Schaukelstuhl.,Grandma likes sitting in the rocking chair.,Schaukelstühle,—
1098,Der Schrank,der (maskulin),Schrank,The Cupboard,Home & Living,Die Teller sind im Schrank.,The plates are in the cupboard.,Schränke,—
1099,Der Schuhschrank,der (maskulin),Schuhschrank,The Shoe Cabinet,Home & Living,Die Schuhe sind im Schuhschrank.,The shoes are in the shoe cabinet.,Schuhschränke,—
1100,Der Sessel,der (maskulin),Sessel,The Armchair,Home & Living,Er liest ein Buch im Sessel.,He is reading a book in the armchair.,Sessel,—
1101,Der Spiegel,der (maskulin),Spiegel,The Mirror,Home & Living,Sie schaut in den Spiegel.,She looks in the mirror.,Spiegel,—
1102,Der Stuhl,der (maskulin),Stuhl,The Chair,Home & Living,Es gibt vier Stühle am Tisch.,There are four chairs at the table.,Stühle,—
1103,Die Couch,die (feminin),Couch,The Couch,Home & Living,Wir entspannen uns auf der Couch.,We relax on the couch.,Couches,Couch
1104,Die Garderobe,die (feminin),Garderobe,The Wardrobe (Hallway),Home & Living,Hänge deine Jacke an die Garderobe.,Hang your jacket on the wardrobe.,Garderoben,Garderobe
1105,Die Kommode,die (feminin),Kommode,The Dresser,Home & Living,Socken sind in der obersten Schublade der Kommode.,Socks are in the top drawer of the dresser.,Kommoden,Kommode
1106,Die Matratze,die (feminin),Matratze,The Mattress,Home & Living,Eine gute Matratze ist wichtig für den Schlaf.,A good mattress is important for sleep.,Matratzen,Matratze
1107,Die Truhe,die (feminin),Truhe,The Chest,Home & Living,Alte Fotos sind in der Truhe.,Old photos are in the chest.,Truhen,—
1108,Die Vitrine,die (feminin),Vitrine,The Display Cabinet,Home & Living,Die Sammlung ist in der Vitrine ausgestellt.,The collection is displayed in the display cabinet.,Vitrinen,—
1109,Das Computerspiel,das (neutrum),Computerspiel,The Computer Game,Leisure & Hobbies,Dieses Computerspiel hat eine unglaubliche Grafik.,This computer game has amazing graphics.,Computerspiele,—
1110,Das Koop-Spiel,das (neutrum),Koop-Spiel,The Co-Op Game,Leisure & Hobbies,Ein Koop-Spiel macht mit Freunden mehr Spaß.,A co-op game is more fun with friends.,Koop-Spiele,—
1111,Das Level,das (neutrum),Level,The Level,Leisure & Hobbies,Ich habe das höchste Level im Spiel erreicht.,I reached the highest level in the game.,Levels,—
1112,Das Rollenspiel,das (neutrum),Rollenspiel,The Role-Playing Game,Leisure & Hobbies,Dieses Rollenspiel hat eine sehr spannende Geschichte.,This role-playing game has a very exciting story.,Rollenspiele,—
1113,Das Spielziel,das (neutrum),Spielziel,The Game Objective,Leisure & Hobbies,"Das Spielziel ist es, alle Artefakte zu sammeln.",The game objective is to collect all artifacts.,Spielziele,—
1114,Das Videospiel,das (neutrum),Videospiel,The Video Game,Leisure & Hobbies,Das Videospiel wurde weltweit veröffentlicht.,The video game was released worldwide.,Videospiele,—
1115,Der Patch,das (neutrum),Patch,The Patch,Leisure & Hobbies,Der Patch behebt einige Fehler im Spiel.,The patch fixes some bugs in the game.,Patches,—
1116,Der Avatar,der (maskulin),Avatar,The Avatar,Leisure & Hobbies,Mein Avatar hat eine neue Rüstung erhalten.,My avatar received new armor.,Avatare,—
1117,Der Bosskampf,der (maskulin),Bosskampf,The Boss Fight,Leisure & Hobbies,"Der Bosskampf war sehr schwer, aber wir haben es geschafft.","The boss fight was very difficult, but we made it.",Bosskämpfe,—
1118,Der Controller,der (maskulin),Controller,The Controller,Leisure & Hobbies,Mit diesem Controller kann ich viel präziser zielen.,"With this controller, I can aim much more precisely.",Controller,—
1119,Der Ladebildschirm,der (maskulin),Ladebildschirm,The Loading Screen,Leisure & Hobbies,Der Ladebildschirm zeigt Tipps für neue Spieler.,The loading screen shows tips for new players.,Ladebildschirme,—
1120,Der Mehrspielermodus,der (maskulin),Mehrspielermodus,The Multiplayer Mode,Leisure & Hobbies,Im Mehrspielermodus können bis zu 10 Spieler teilnehmen.,"In multiplayer mode, up to 10 players can join.",Mehrspielermodi,—
1121,Der Punktestand,der (maskulin),Punktestand,The Score,Leisure & Hobbies,Mein Punktestand ist nach diesem Spiel deutlich gestiegen.,My score has increased significantly after this game.,Punktestände,—
1122,Der Spielcharakter,der (maskulin),Spielcharakter,The Game Character,Leisure & Hobbies,Mein Spielcharakter ist ein Magier mit mächtigen Fähigkeiten.,My game character is a wizard with powerful abilities.,Spielcharaktere,—
1123,Der Spieler,der (maskulin),Spieler,The Player,Leisure & Hobbies,Der Spieler mit der höchsten Punktzahl gewinnt.,The player with the highest score wins.,Spieler,—
1124,Der Spielfortschritt,der (maskulin),Spielfortschritt,The Game Progress,Leisure & Hobbies,Der Spielfortschritt wird nach jeder Mission gespeichert.,The game progress is saved after every mission.,Spielfortschritte,—
1125,Die Belohnung,die (feminin),Belohnung,The Reward,Leisure & Hobbies,Nach dem Sieg über den Boss gab es eine große Belohnung.,"After defeating the boss, there was a big reward.",Belohnungen,Belohnung
1126,Die Steuerung,die (feminin),Steuerung,The Controls,Leisure & Hobbies,Die Steuerung ist einfach zu lernen.,The controls are easy to learn.,Steuerungen,—
1127,Die Waffe,die (feminin),Waffe,The Weapon,Leisure & Hobbies,Meine Waffe hat jetzt mehr Schaden.,My weapon now deals more damage.,Waffen,—
1128,Das Flachland,das (neutrum),Flachland,The Lowland,Nature & Environment,Das Flachland eignet sich gut für die Landwirtschaft.,The lowland is well suited for agriculture.,—,—
1129,Das Tal,das (neutrum),Tal,The Valley,Nature & Environment,Das Tal liegt zwischen zwei hohen Bergen.,The valley lies between two high mountains.,Täler,—
1130,Der Fels,der (maskulin),Fels,The Rock,Nature & Environment,Der Fels ist durch die Erosion geformt.,The rock is shaped by erosion.,Felsen,—
1131,Der Gipfel,der (maskulin),Gipfel,The Summit,Nature & Environment,Vom Gipfel aus hat man eine atemberaubende Aussicht.,"From the summit, you have a breathtaking view.",Gipfel,—
1132,Der Kontinent,der (maskulin),Kontinent,The Continent,Nature & Environment,Antarktis ist der kälteste Kontinent der Erde.,Antarctica is the coldest continent on Earth.,Kontinente,—
1133,Der Krater,der (maskulin),Krater,The Crater,Nature & Environment,Der Krater des Vulkans ist riesig.,The crater of the volcano is huge.,Krater,—
1134,Der Küstenstreifen,der (maskulin),Küstenstreifen,The Coastline,Nature & Environment,Der Küstenstreifen zieht viele Touristen an.,The coastline attracts many tourists.,Küstenstreifen,—
1135,Der Ozean,der (maskulin),Ozean,The Ocean,Nature & Environment,Der Ozean bedeckt einen Großteil der Erde.,The ocean covers a large part of the Earth.,Ozeane,—
1136,Der Sumpf,der (maskulin),Sumpf,The Swamp,Nature & Environment,Der Sumpf ist Lebensraum für viele Tiere.,The swamp is a habitat for many animals.,Sümpfe,—
1137,Der Vulkan,der (maskulin),Vulkan,The Volcano,Nature & Environment,Der Vulkan kann jederzeit ausbrechen.,The volcano can erupt at any time.,Vulkane,—
1138,Der Wasserfall,der (maskulin),Wasserfall,The Waterfall,Nature & Environment,Der Wasserfall rauscht mit großer Kraft.,The waterfall rushes with great force.,Wasserfälle,—
1139,Der Windkanal,der (maskulin),Windkanal,The Wind Tunnel,Nature & Environment,Der Windkanal wird für aerodynamische Tests genutzt.,The wind tunnel is used for aerodynamic testing.,Windkanäle,—
1140,Die Bucht,die (feminin),Bucht,The Bay,Nature & Environment,Die Bucht bietet einen perfekten Platz zum Schwimmen.,The bay offers a perfect place for swimming.,Buchten,Bucht
1141,Die Düne,die (feminin),Düne,The Dune,Nature & Environment,Die Düne schützt das Land vor Überschwemmungen.,The dune protects the land from flooding.,Dünen,Düne
1142,Die Höhle,die (feminin),Höhle,The Cave,Nature & Environment,Die Höhle ist durch natürliche Prozesse entstanden.,The cave was formed by natural processes.,Höhlen,Höhle
1143,Die Insel,die (feminin),Insel,The Island,Nature & Environment,Die Insel ist von tropischen Pflanzen umgeben.,The island is surrounded by tropical plants.,Inseln,Insel
1144,Die Schlucht,die (feminin),Schlucht,The Gorge,Nature & Environment,Die Schlucht ist sehr tief und gefährlich.,The gorge is very deep and dangerous.,Schluchten,Schlucht
1145,Die Stationäre Behandlung,adjektiv,Stationäre,The Inpatient Treatment,Health & Wellness,Eine stationäre Behandlung war nach dem Unfall notwendig.,Inpatient treatment was necessary after the accident.,—,—
1146,Der Anspruch,der (maskulin),Anspruch,The Claim,Health & Wellness,Sie hat einen Anspruch auf Erstattung der Kosten.,She has a claim for a reimbursement of the costs.,Ansprüche,—
1147,Der Facharzt,der (maskulin),Facharzt,The Specialist Doctor,Health & Wellness,Der Facharzt hat eine genaue Diagnose gestellt.,The specialist doctor provided an exact diagnosis.,Fachärzte,Fachärztin
1148,Der Krankenhausaufenthalt,der (maskulin),Krankenhausaufenthalt,The Hospital Stay,Health & Wellness,Sein Krankenhausaufenthalt dauerte eine Woche.,His hospital stay lasted one week.,Krankenhausaufenthalte,—
1149,Der Rettungswagen,der (maskulin),Rettungswagen,The Ambulance,Health & Wellness,Der Rettungswagen kam innerhalb von zehn Minuten an.,The ambulance arrived within ten minutes.,Rettungswagen,—
1150,Der Schadensfall,der (maskulin),Schadensfall,The Claim Case,Health & Wellness,Der Schadensfall wurde sofort bei der Versicherung gemeldet.,The claim case was reported to the insurer right away.,Schadensfälle,—
1151,Der Versicherungsbeitrag,der (maskulin),Versicherungsbeitrag,The Insurance Premium,Health & Wellness,Der Versicherungsbeitrag wird monatlich abgebucht.,The insurance premium is deducted monthly.,Versicherungsbeiträge,—
1152,Der Versicherungsschutz,der (maskulin),Versicherungsschutz,The Insurance Coverage,Health & Wellness,Sein Versicherungsschutz gilt auch im Ausland.,His insurance coverage is also valid abroad.,—,—
1153,Die Erstattung,die (feminin),Erstattung,The Reimbursement,Health & Wellness,Wir warten noch auf die Erstattung der Behandlungskosten.,We are still waiting for the reimbursement of the treatment fees.,Erstattungen,Erstattung
1154,Die Gesundheitskarte,die (feminin),Gesundheitskarte,The Health Insurance Card,Health & Wellness,Zeig bitte deine Gesundheitskarte an der Rezeption vor.,Please show your health insurance card at the reception.,Gesundheitskarten,Gesundheitskarte
1155,Die Krankenkasse,die (feminin),Krankenkasse,The Health Insurance Provider,Health & Wellness,Die Krankenkasse übernimmt einen Teil der Kosten.,The health insurance provider covers part of the expenses.,Krankenkassen,Krankenkasse
1156,Die Krankmeldung,die (feminin),Krankmeldung,The Sick Note,Health & Wellness,Sie reichte ihre Krankmeldung beim Arbeitgeber ein.,She submitted her sick note to her employer.,Krankmeldungen,Krankmeldung
1157,Die Pflegeversicherung,die (feminin),Pflegeversicherung,The Nursing Care Insurance,Health & Wellness,Die Pflegeversicherung deckt langfristige Betreuungsleistungen ab.,The nursing care insurance covers long-term care services.,—,Pflegeversicherung
1158,Die Rehabilitation,die (feminin),Rehabilitation,The Rehabilitation,Health & Wellness,Nach der Operation folgte eine mehrwöchige Rehabilitation.,"After the surgery, she had several weeks of rehabilitation.",—,—
1159,Die Selbstbeteiligung,die (feminin),Selbstbeteiligung,The Deductible,Health & Wellness,Ihre Selbstbeteiligung beträgt 100 Euro pro Jahr.,Her deductible is 100 euros per year.,—,—
1160,Die Versicherungspolice,die (feminin),Versicherungspolice,The Insurance Policy,Health & Wellness,Bitte bewahren Sie Ihre Versicherungspolice an einem sicheren Ort auf.,Please keep your insurance policy in a safe place.,Versicherungspolicen,—
1161,Die Vorsorgeuntersuchung,die (feminin),Vorsorgeuntersuchung,The Preventive Check-Up,Health & Wellness,Bei der jährlichen Vorsorgeuntersuchung checkt der Arzt deine Gesundheit.,"At the yearly preventive check-up, the doctor checks your health.",Vorsorgeuntersuchungen,—
1162,Die Zusatzversicherung,die (feminin),Zusatzversicherung,The Supplementary Insurance,Health & Wellness,Eine Zusatzversicherung kann private Leistungen abdecken.,A supplementary insurance can cover private services.,Zusatzversicherungen,—
1163,Die Ambulante Behandlung,Phrase,Ambulante Behandlung,The Outpatient Treatment,Health & Wellness,Nach der ambulanten Behandlung konnte er sofort nach Hause gehen.,"After the outpatient treatment, he could go home immediately.",—,—
1164,Die Ärztliche Untersuchung,Phrase,Ärztliche Untersuchung,The Medical Examination,Health & Wellness,Die ärztliche Untersuchung dauerte etwa 20 Minuten.,The medical examination took about 20 minutes.,—,—
1165,Brettspiele Spielen,Phrase,Brettspiele Spielen,To Play Board Games,Leisure & Hobbies,Wir spielen abends Brettspiele.,We play board games in the evenings.,—,—
1166,Computerspiele Spielen,Phrase,Computerspiele Spielen,To Play Computer Games,Leisure & Hobbies,Mein Bruder spielt oft Computerspiele.,My brother often plays computer games.,—,—
1167,Das Hobby Haben,Phrase,Hobby Haben,To Have A Hobby,Leisure & Hobbies,Hast du ein interessantes Hobby?,Do you have an interesting hobby?,—,—
1168,Freizeit Haben,Phrase,Freizeit Haben,To Have Free Time,Leisure & Hobbies,In meiner Freizeit lese ich Bücher.,I read books in my free time.,—,—
1169,Rad Fahren,Phrase,Rad Fahren,To Ride A Bike,Leisure & Hobbies,Wir fahren gern Rad.,We like to ride bikes.,—,—
1170,Sich Mit Freunden Treffen,Phrase,Sich Mit Freunden Treffen,To Meet With Friends,Leisure & Hobbies,Am Freitag treffe ich mich mit Freunden.,I meet with friends on Friday.,—,—
1171,Ski Fahren,Phrase,Ski Fahren,To Ski,Leisure & Hobbies,Im Winter gehen wir Ski fahren.,We go skiing in the winter.,—,—
1172,Sport Treiben,Phrase,Sport Treiben,To Do Sports,Leisure & Hobbies,Er treibt viel Sport.,He does a lot of sports.,—,—
1173,Campen,Verb,Campen,To Camp,Leisure & Hobbies,Im Sommer gehen wir gerne campen.,We like to go camping in the summer.,—,—
1174,Fahren,Verb,Fahren,"To Drive (Ride, Etc.)",Leisure & Hobbies,Am Wochenende fahre ich Motorrad.,I ride my motorcycle on the weekend.,—,—
1175,Fotografieren,Verb,Fotografieren,To Take Photos,Leisure & Hobbies,Er fotografiert gerne Landschaften.,He likes to take photos of landscapes.,—,—
1176,Gärtnern,Verb,Gärtnern,To Garden,Leisure & Hobbies,Meine Großeltern gärtnern jeden Tag.,My grandparents garden every day.,—,—
1177,Joggen,Verb,Joggen,To Jog,Leisure & Hobbies,Ich gehe morgens joggen.,I go jogging in the morning.,—,—
1178,Klettern,Verb,Klettern,To Climb,Leisure & Hobbies,Sie klettert gerne auf Berge.,She likes climbing mountains.,—,—
1179,Laufen,Verb,Laufen,To Run,Leisure & Hobbies,Er läuft jeden Tag fünf Kilometer.,He runs five kilometers every day.,—,—
1180,Malen,Verb,Malen,To Paint,Leisure & Hobbies,Ich male ein Bild.,I am painting a picture.,—,—
1181,Musizieren,Verb,Musizieren,To Make Music,Leisure & Hobbies,Die Band musiziert im Park.,The band is making music in the park.,—,—
1182,Reiten,Verb,Reiten,To Ride (A Horse),Leisure & Hobbies,Er reitet jedes Wochenende.,He rides horses every weekend.,—,—
1183,Sammeln,Verb,Sammeln,To Collect,Leisure & Hobbies,Ich sammle Briefmarken.,I collect stamps.,—,—
1184,Schwimmen,Verb,Schwimmen,To Swim,Leisure & Hobbies,Wir gehen im See schwimmen.,We go swimming in the lake.,—,—
1185,Singen,Verb,Singen,To Sing,Leisure & Hobbies,Er singt im Chor.,He sings in the choir.,—,—
1186,Surfen,Verb,Surfen,To Surf,Leisure & Hobbies,Ich möchte lernen zu surfen.,I want to learn to surf.,—,—
1187,Tauchen,Verb,Tauchen,To Dive,Leisure & Hobbies,Sie taucht im Meer.,She dives in the sea.,—,—
1188,Wandern,Verb,Wandern,To Hike,Leisure & Hobbies,Am Wochenende gehen wir wandern.,We go hiking on the weekend.,—,—
1189,Zeichnen,Verb,Zeichnen,To Draw,Leisure & Hobbies,Er zeichnet ein Portrait.,He is drawing a portrait.,—,—
1190,Angeln,Verb/Nomen,Angeln,To Fish,Leisure & Hobbies,Am Wochenende gehe ich angeln.,I go fishing on the weekend.,—,—
1191,Backen,Verb/Nomen,Backen,To Bake,Leisure & Hobbies,Meine Mutter liebt es zu backen.,My mother loves to bake.,—,—
1192,Basteln,Verb/Nomen,Basteln,To Do Crafts,Leisure & Hobbies,Die Kinder basteln gerne mit Papier.,The children like to do crafts with paper.,—,—
1193,Tanzen,Verb/Nomen,Tanzen,To Dance,Leisure & Hobbies,Wir tanzen gerne Salsa.,We like dancing salsa.,—,—
1194,Das Erntedankfest,das (neutrum),Erntedankfest,The Harvest Festival / Thanksgiving,Travel & Transportation,Wir feiern das Erntedankfest mit einem großen Essen.,We celebrate the harvest festival with a big meal.,Erntedankfeste,—
1195,Das Feuerwerk,das (neutrum),Feuerwerk,The Fireworks / The Firework Display,Travel & Transportation,Um Mitternacht schauen wir uns das Feuerwerk an.,At midnight we watch the fireworks.,Feuerwerke,—
1196,Das Geschenk,das (neutrum),Geschenk,The Gift / The Present,Travel & Transportation,Sie bekommt ein schönes Geschenk zum Geburtstag.,She receives a nice present for her birthday.,Geschenke,—
1197,Das Jubiläum,das (neutrum),Jubiläum,The Anniversary / The Jubilee,Travel & Transportation,Das Unternehmen begeht sein 50-jähriges Jubiläum.,The company is celebrating its 50th anniversary.,Jubiläen,—
1198,Das Kostüm,das (neutrum),Kostüm,The Costume,Travel & Transportation,Zum Karneval trägt sie ein lustiges Kostüm.,She wears a funny costume for carnival.,Kostüme,—
1199,Das Neujahr,das (neutrum),Neujahr,(The) New Year’S Day,Travel & Transportation,Wir begrüßen das Neujahr mit Sekt und guten Wünschen.,We welcome the New Year with sparkling wine and good wishes.,—,—
1200,Ostern,das (neutrum),Ostern,Easter,Travel & Transportation,Ostern feiern wir mit der ganzen Familie.,We celebrate Easter with the whole family.,—,—
1201,Silvester,das (neutrum),Silvester,New Year’S Eve,Travel & Transportation,An Silvester stoßen wir mit Sekt auf das neue Jahr an.,"On New Year’s Eve, we toast the new year with sparkling wine.",—,—
1202,Das Fest,das (neutrum)/adjektiv,Fest,The Festival / The Celebration,Travel & Transportation,Das Fest dauert bis spät in die Nacht.,The party lasts until late at night.,Feste,—
1203,(Der) Nikolaus,der (maskulin),Nikolaus,St. Nicholas,Travel & Transportation,Der Nikolaus bringt am 6. Dezember kleine Geschenke.,St. Nicholas brings small gifts on December 6.,—,—
1204,Der Advent,der (maskulin),Advent,The Advent,Travel & Transportation,Der Advent beginnt vier Sonntage vor Weihnachten.,The Advent starts four Sundays before Christmas.,—,—
1205,Der Adventskranz,der (maskulin),Adventskranz,The Advent Wreath,Travel & Transportation,Wir zünden jeden Sonntag eine Kerze am Adventskranz an.,We light a candle on the Advent wreath each Sunday.,Adventskränze,—
1206,Der Feiertag,der (maskulin),Feiertag,The (Public) Holiday,Travel & Transportation,An einem Feiertag haben viele Geschäfte geschlossen.,Many stores are closed on a public holiday.,Feiertage,—
1207,Der Geburtstag,der (maskulin),Geburtstag,The Birthday,Travel & Transportation,Ich habe heute Geburtstag und lade meine Familie ein.,"Today is my birthday, and I am inviting my family.",Geburtstage,—
1208,Der Heiligabend,der (maskulin),Heiligabend,(The) Christmas Eve,Travel & Transportation,Am Heiligabend gehen wir in die Kirche.,We go to church on Christmas Eve.,—,—
1209,Der Hochzeitstag,der (maskulin),Hochzeitstag,The Wedding Anniversary,Travel & Transportation,Wir feiern unseren Hochzeitstag mit einem Ausflug.,We celebrate our wedding anniversary with a trip.,Hochzeitstage,—
1210,Der Karneval,der (maskulin),Karneval,The Carnival,Travel & Transportation,Der Karneval bringt viele bunte Umzüge.,The carnival features many colorful parades.,—,—
1211,Der Osterhase,der (maskulin),Osterhase,The Easter Bunny,Travel & Transportation,Der Osterhase versteckt Schokoladeneier im Garten.,The Easter Bunny hides chocolate eggs in the garden.,Osterhasen,—
1212,Der Weihnachtsbaum,der (maskulin),Weihnachtsbaum,The Christmas Tree,Travel & Transportation,Der Weihnachtsbaum steht im Wohnzimmer.,The Christmas tree is in the living room.,Weihnachtsbäume,—
1213,Die Dekoration,die (feminin),Dekoration,The Decoration,Travel & Transportation,Die Dekoration macht das Zimmer festlich.,The decoration makes the room festive.,Dekorationen,Dekoration
1214,Die Einladung,die (feminin),Einladung,The Invitation,Travel & Transportation,Ich schicke die Einladung an meine Freunde.,I am sending the invitation to my friends.,Einladungen,Einladung
1215,Die Feier,die (feminin),Feier,The Celebration / The Party,Travel & Transportation,Die Feier findet im Garten statt.,The celebration takes place in the garden.,Feiern,Feier
1216,Die Geburtstagsfeier,die (feminin),Geburtstagsfeier,The Birthday Party,Travel & Transportation,Die Geburtstagsfeier ist im Garten geplant.,The birthday party is planned in the garden.,Geburtstagsfeiern,Geburtstagsfeier
1217,Die Tradition,die (feminin),Tradition,The Tradition,Travel & Transportation,"Die Tradition verlangt, dass wir einen Tannenbaum schmücken.",The tradition calls for us to decorate a Christmas tree.,Traditionen,—
1218,Weihnachten,Plural,Weihnachten,Christmas,Travel & Transportation,Weihnachten ist für viele Menschen ein Familienfest.,Christmas is a family celebration for many people.,—,—
1219,Das Badezimmer,das (neutrum),Badezimmer,The Bathroom,Home & Living,Wir renovieren das Badezimmer im Frühjahr.,We are renovating the bathroom in spring.,Badezimmer,—
1220,Das Dach,das (neutrum),Dach,The Roof,Home & Living,Das Dach muss dringend repariert werden.,The roof needs urgent repair.,Dächer,—
1221,Das Fenster,das (neutrum),Fenster,The Window,Home & Living,"Öffne das Fenster, es ist zu warm hier drinnen.","Open the window, it’s too warm inside.",Fenster,—
1222,Das Haus,das (neutrum),Haus,The House,Home & Living,Das Haus wurde 1904 erbaut.,The house was built in 1904.,Häuser,—
1223,Das Schlafzimmer,das (neutrum),Schlafzimmer,The Bedroom,Home & Living,Das Schlafzimmer ist sehr geräumig.,The bedroom is very spacious.,Schlafzimmer,—
1224,Das Wohnzimmer,das (neutrum),Wohnzimmer,The Living Room,Home & Living,Das Wohnzimmer ist gemütlich eingerichtet.,The living room is cozily furnished.,Wohnzimmer,—
1225,Das Zimmer,das (neutrum),Zimmer,The Room,Home & Living,Das Zimmer wird mein neues Büro.,The room will be my new office.,Zimmer,—
1226,Der Balkon,der (maskulin),Balkon,The Balcony,Home & Living,Der Balkon bietet einen herrlichen Ausblick.,The balcony offers a magnificent view.,Balkone,—
1227,Der Flur,der (maskulin),Flur,The Corridor,Home & Living,Im Flur steht eine antike Kommode.,There is an antique chest of drawers in the corridor.,Flure,—
1228,Der Garten,der (maskulin),Garten,The Garden,Home & Living,Der Garten blüht im Sommer vollständig auf.,The garden fully blooms in the summer.,Gärten,—
1229,Der Mieter,der (maskulin),Mieter,The Tenant,Home & Living,Der Mieter zahlt seine Miete immer pünktlich.,The tenant always pays his rent on time.,Mieter,Mieterin
1230,Der Umzug,der (maskulin),Umzug,The Move,Home & Living,Der Umzug war anstrengender als erwartet.,The move was more exhausting than expected.,Umzüge,—
1231,Der Vermieter,der (maskulin),Vermieter,The Landlord,Home & Living,Der Vermieter hat die Reparaturen versprochen.,The landlord has promised the repairs.,Vermieter,—
1232,Die Adresse,die (feminin),Adresse,The Address,Home & Living,Die neue Adresse ist leicht zu merken.,The new address is easy to remember.,Adressen,Adresse
1233,Die Küche,die (feminin),Küche,The Kitchen,Home & Living,Die Küche ist das Herz des Hauses.,The kitchen is the heart of the home.,Küchen,Küche
1234,Die Miete,die (feminin),Miete,The Rent,Home & Living,Die Miete steigt jedes Jahr.,The rent increases every year.,Mieten,Miete
1235,Die Mieterin,die (feminin),Mieterin,The Tenant (Female),Home & Living,Die Mieterin hat sich über Lärm beschwert.,The female tenant complained about noise.,Mieterinnen,Mieterin
1236,Die Treppe,die (feminin),Treppe,The Stairs,Home & Living,Die Treppe knarrt bei jedem Schritt.,The stairs creak with every step.,Treppen,—
1237,Die Tür,die (feminin),Tür,The Door,Home & Living,Die Tür klemmt im Winter.,The door jams in the winter.,Türen,—
1238,Die Wohnung,die (feminin),Wohnung,The Flat,Home & Living,Die Wohnung liegt im dritten Stock.,The flat is on the third floor.,Wohnungen,—
1239,Umziehen,Verb,Umziehen,To Move,Home & Living,Nächstes Jahr werden wir nach Berlin umziehen.,"Next year, we will move to Berlin.",—,—
1240,Besetzt,adjektiv,Besetzt,Occupied,Accommodation,Leider sind alle Zimmer besetzt.,"Unfortunately, all rooms are occupied.",—,—
1241,Frei/Verfügbar,adjektiv,Frei/Verfügbar,Available,Accommodation,Haben Sie noch Zimmer frei?,Do you have any rooms available?,—,—
1242,Das Doppelzimmer,das (neutrum),Doppelzimmer,The Double Room,Accommodation,Wir hätten gern ein Doppelzimmer mit Meerblick.,We would like a double room with a sea view.,Doppelzimmer,—
1243,Das Einzelzimmer,das (neutrum),Einzelzimmer,The Single Room,Accommodation,Gibt es noch ein Einzelzimmer frei?,Is there a single room still available?,Einzelzimmer,—
1244,Das Hostel,das (neutrum),Hostel,The Hostel,Accommodation,Das Hostel bietet günstige Übernachtungen.,The hostel offers affordable accommodations.,Hostels,—
1245,Der Aufenthalt,der (maskulin),Aufenthalt,The Stay,Accommodation,"Ich hoffe, Sie genießen Ihren Aufenthalt.",I hope you enjoy your stay.,Aufenthalte,—
1246,Der Aufzug,der (maskulin),Aufzug,The Elevator,Accommodation,Der Aufzug befindet sich neben der Rezeption.,The elevator is located next to the reception.,Aufzüge,—
1247,Der Fernseher,der (maskulin),Fernseher,The Television,Accommodation,Der Fernseher in meinem Zimmer funktioniert nicht.,The television in my room isn’t working.,Fernseher,—
1248,Der Frühstücksraum,der (maskulin),Frühstücksraum,The Breakfast Room,Accommodation,Der Frühstücksraum ist im Erdgeschoss.,The breakfast room is on the ground floor.,Frühstücksräume,—
1249,Der Gast,der (maskulin),Gast,The Guest,Accommodation,Jeder Gast erhält ein Willkommensgetränk.,Every guest receives a welcome drink.,Gäste,gastin
1250,Der Safe,der (maskulin),Safe,The Safe,Accommodation,Sie können Ihre Wertsachen im Safe aufbewahren.,You can store your valuables in the safe.,Safes,—
1251,Der Schlüssel,der (maskulin),Schlüssel,The Key,Accommodation,Hier ist Ihr Schlüssel für Zimmer 101.,Here is your key for room 101.,Schlüssel,—
1252,Der Service,der (maskulin),Service,The Service,Accommodation,Der Service im Hotel ist ausgezeichnet.,The service at the hotel is excellent.,Services,—
1253,Der Zimmerservice,der (maskulin),Zimmerservice,The Room Service,Accommodation,Der Zimmerservice ist bis 22 Uhr verfügbar.,Room service is available until 10 PM.,—,—
1254,Die Buchung,die (feminin),Buchung,The Booking,Accommodation,Haben Sie eine Buchungsbestätigung?,Do you have a booking confirmation?,Buchungen,Buchung
1255,Die Klimaanlage,die (feminin),Klimaanlage,The Air Conditioning,Accommodation,Die Klimaanlage ist individuell einstellbar.,The air conditioning can be adjusted individually.,Klimaanlagen,Klimaanlage
1256,Die Reservierung,die (feminin),Reservierung,The Reservation,Accommodation,Ich habe eine Reservierung auf den Namen Müller.,I have a reservation under the name Müller.,Reservierungen,Reservierung
1257,Die Rezeption,die (feminin),Rezeption,The Reception,Accommodation,Die Rezeption ist rund um die Uhr besetzt.,The reception is staffed around the clock.,—,Rezeption
1258,Die Übernachtung,die (feminin),Übernachtung,The Overnight Stay,Accommodation,Die Übernachtung beinhaltet Frühstück.,The overnight stay includes breakfast.,Übernachtungen,—
1259,Auschecken,Verb,Auschecken,To Check Out,Accommodation,Wir möchten morgen früh auschecken.,We would like to check out early tomorrow.,—,—
1260,Buchen,Verb,Buchen,To Book,Accommodation,Ich möchte ein Zimmer für zwei Nächte buchen.,I would like to book a room for two nights.,—,—
1261,Einchecken,Verb,Einchecken,To Check In,Accommodation,Ab wann können wir einchecken?,From what time can we check in?,—,—
1262,Das Bügeleisen,das (neutrum),Bügeleisen,The Iron,Home & Living,Ich stelle das Bügeleisen auf die richtige Temperatur.,I set the iron to the correct temperature.,Bügeleisen,—
1263,Das Geschirr,das (neutrum),Geschirr,The Dishes,Home & Living,Das Geschirr steht auf dem Tisch.,The dishes are on the table.,— (Unzählbar),—
1264,Das Putzmittel,das (neutrum),Putzmittel,The Cleaning Agent,Home & Living,Wir benutzen ein mildes Putzmittel.,We use a mild cleaning agent.,Putzmittel,—
1265,Das Waschmittel,das (neutrum),Waschmittel,The Laundry Detergent,Home & Living,Wir kaufen ein duftendes Waschmittel.,We buy a scented laundry detergent.,—,—
1266,Der Abwasch,der (maskulin),Abwasch,The Washing Up,Home & Living,Der Abwasch ist schon erledigt.,The washing up is already done.,—,—
1267,Der Besen,der (maskulin),Besen,The Broom,Home & Living,"Sie nimmt den Besen, um den Boden zu fegen.",She takes the broom to sweep the floor.,Besen,—
1268,Der Eimer,der (maskulin),Eimer,The Bucket,Home & Living,Ich fülle den Eimer mit Wasser.,I fill the bucket with water.,Eimer,—
1269,Der Lappen,der (maskulin),Lappen,The Rag,Home & Living,Wir haben einen sauberen Lappen in der Küche.,We have a clean rag in the kitchen.,Lappen,—
1270,Der Mopp,der (maskulin),Mopp,The Mop,Home & Living,Er holt den Mopp aus der Abstellkammer.,He takes the mop from the storage room.,Moppe,—
1271,Der Staubsauger,der (maskulin),Staubsauger,The Vacuum Cleaner,Home & Living,Der Staubsauger steht im Flur.,The vacuum cleaner is in the hallway.,Staubsauger,—
1272,Die Spülmaschine Ausräumen,die (feminin),Spülmaschine,To Empty The Dishwasher,Home & Living,"Ich räume die Spülmaschine aus, wenn sie fertig ist.",I empty the dishwasher when it is done.,Spülmaschinen,—
1273,Das Geschirr Spülen,Phrase,Geschirr Spülen,To Wash The Dishes,Home & Living,Ich spüle nach dem Essen das Geschirr.,I wash the dishes after the meal.,—,—
1274,Die Wäsche Aufhängen,Phrase,Wäsche Aufhängen,To Hang Up The Laundry,Home & Living,Sie hängt die Wäsche im Garten auf.,She hangs up the laundry in the yard.,—,—
1275,Staub Saugen,Phrase,Staub Saugen,To Vacuum,Home & Living,Ich muss heute Staub saugen.,I need to vacuum today.,—,—
1276,Staub Wischen,Phrase,Staub Wischen,To Wipe Dust,Home & Living,Er wischt Staub auf den Möbeln.,He wipes dust on the furniture.,—,—
1277,Abstauben,Verb,Abstauben,To Dust,Home & Living,Sie staubt das Regal ab.,She dusts the shelf.,—,—
1278,Abtrocknen,Verb,Abtrocknen,To Dry,Home & Living,Sie trocknet das Geschirr ab.,She dries the dishes.,—,—
1279,Aufräumen,Verb,Aufräumen,To Tidy Up,Home & Living,Wir räumen das Wohnzimmer auf.,We tidy up the living room.,—,—
1280,Bügeln,Verb,Bügeln,To Iron,Home & Living,Ich bügle meine Hemden am Wochenende.,I iron my shirts on the weekend.,—,—
1281,Lüften,Verb,Lüften,To Air Out,Home & Living,Wir lüften jeden Tag die Zimmer.,We air out the rooms every day.,—,—
1282,Wischen,Verb,Wischen,To Mop,Home & Living,Er wischt den Boden in der Küche.,He mops the floor in the kitchen.,—,—
1283,Das Arbeitszeugnis,das (neutrum),Arbeitszeugnis,The Employment Reference,Work & Career,Das Arbeitszeugnis ist eine schriftliche Referenz des Arbeitgebers.,The employment reference is a written reference from the employer.,Arbeitszeugnisse,—
1284,Das Bewerbungsformular,das (neutrum),Bewerbungsformular,The Application Form,Work & Career,Das Bewerbungsformular muss vollständig ausgefüllt werden.,The application form must be completely filled out.,Bewerbungsformulare,—
1285,Das Vorstellungsgespräch,das (neutrum),Vorstellungsgespräch,The Job Interview,Work & Career,Das Vorstellungsgespräch findet nächste Woche statt.,The job interview takes place next week.,Vorstellungsgespräche,—
1286,Der Bewerbungsprozess,der (maskulin),Bewerbungsprozess,The Application Process,Work & Career,Der Bewerbungsprozess umfasst drei Runden.,The application process includes three rounds.,Bewerbungsprozesse,—
1287,Der Lebenslauf,der (maskulin),Lebenslauf,The Cv/Resume,Work & Career,Der Lebenslauf enthält detaillierte Informationen zu meinen bisherigen Arbeitsstellen.,The CV contains detailed information about my previous jobs.,Lebensläufe,—
1288,Der Lohn,der (maskulin),Lohn,The Wage,Work & Career,Der Lohn wird monatlich überwiesen.,The wage is transferred monthly.,—,—
1289,Der Personalberater,der (maskulin),Personalberater,The Hr Consultant,Work & Career,Der Personalberater hat mir bei der Jobsuche geholfen.,The HR consultant helped me with my job search.,Personalberater,Personalberaterin
1290,Der Stellenwechsel,der (maskulin),Stellenwechsel,The Job Change,Work & Career,Ein Stellenwechsel kann neue Chancen eröffnen.,A job change can open up new opportunities.,Stellenwechsel,—
1291,Die Gehaltsvorstellung,die (feminin),Gehaltsvorstellung,The Salary Expectation,Work & Career,Die Gehaltsvorstellung wurde im Bewerbungsgespräch besprochen.,The salary expectation was discussed during the interview.,Gehaltsvorstellungen,Gehaltsvorstellung
1292,Die Kündigung,die (feminin),Kündigung,The Termination,Work & Career,Die Kündigung wurde per Post zugestellt.,The termination was sent by mail.,Kündigungen,Kündigung
1293,Die Personalabteilung,die (feminin),Personalabteilung,The Hr Department,Work & Career,Die Personalabteilung hilft bei Fragen zu Gehaltsabrechnungen.,The HR department assists with payroll questions.,Personalabteilungen,Personalabteilung
1294,Die Probezeit,die (feminin),Probezeit,The Probationary Period,Work & Career,Während der Probezeit wird meine Leistung genau beobachtet.,"During the probationary period, my performance is closely monitored.",—,—
1295,Die Stellenanzeige,die (feminin),Stellenanzeige,The Job Advertisement,Work & Career,Die Stellenanzeige wurde auf der Firmenwebsite veröffentlicht.,The job advertisement was posted on the company’s website.,Stellenanzeigen,—
1296,Die Vergütung,die (feminin),Vergütung,The Compensation,Work & Career,Die Vergütung wird jährlich überprüft.,The compensation is reviewed annually.,Vergütungen,—
1297,Die Zeitarbeit,die (feminin),Zeitarbeit,The Temporary Work,Work & Career,Viele Unternehmen nutzen Zeitarbeit für kurzfristige Projekte.,Many companies use temporary work for short-term projects.,—,—
1298,Das Nachrichtenportal,das (neutrum),Nachrichtenportal,The News Portal,Media & Communication,Viele Menschen lesen Nachrichten auf Online-Nachrichtenportalen.,Many people read news on online news portals.,Nachrichtenportale,—
1299,Das Online-Magazin,das (neutrum),Online-Magazin,The Online Magazine,Media & Communication,Das Online-Magazin bietet interessante Artikel über Technologie.,The online magazine offers interesting articles about technology.,Online-Magazine,—
1300,Der Artikel,der (maskulin),Artikel,The Article,Media & Communication,Der Artikel wurde in einer bekannten Zeitung veröffentlicht.,The article was published in a well-known newspaper.,Artikel,—
1301,Der Journalismus,der (maskulin),Journalismus,The Journalism,Media & Communication,Journalismus sollte immer objektiv und unabhängig sein.,Journalism should always be objective and independent.,—,—
1302,Der Kommentar,der (maskulin),Kommentar,The Commentary,Media & Communication,Sein Kommentar zum Thema war sehr kontrovers.,His commentary on the topic was very controversial.,Kommentare,—
1303,Der Leitartikel,der (maskulin),Leitartikel,The Editorial / Lead Article,Media & Communication,Der Leitartikel befasst sich mit aktuellen politischen Themen.,The editorial deals with current political issues.,Leitartikel,—
1304,Der Podcast,der (maskulin),Podcast,The Podcast,Media & Communication,Wir hören jeden Morgen einen politischen Podcast.,We listen to a political podcast every morning.,Podcasts,—
1305,Der Redakteur,der (maskulin),Redakteur,The Editor,Media & Communication,Der Redakteur überarbeitet die Texte vor der Veröffentlichung.,The editor revises the texts before publication.,Redakteure,Redakteurin
1306,Die Berichterstattung,die (feminin),Berichterstattung,The Reporting,Media & Communication,Die Berichterstattung über das Ereignis war sehr ausführlich.,The reporting on the event was very detailed.,—,Berichterstattung
1307,Die Journalistin,die (feminin),Journalistin,The Female Journalist,Media & Communication,Die Journalistin interviewte mehrere Experten.,The female journalist interviewed several experts.,Journalistinnen,Journalistin
1308,Die Kategorie,die (feminin),Kategorie,The Category,Media & Communication,Die Nachrichten werden in verschiedene Kategorien eingeteilt.,The news is divided into different categories.,Kategorien,Kategorie
1309,Die Meinungsfreiheit,die (feminin),Meinungsfreiheit,The Freedom Of Speech,Media & Communication,Wir setzen uns für Meinungsfreiheit ein.,We advocate for freedom of speech.,—,Meinungsfreiheit
1310,Die Presse,die (feminin),Presse,The Press,Media & Communication,Die Presse spielt eine wichtige Rolle in der Gesellschaft.,The press plays an important role in society.,—,—
1311,Die Pressefreiheit,die (feminin),Pressefreiheit,The Press Freedom,Media & Communication,Pressefreiheit ist ein Grundrecht in vielen Ländern.,Press freedom is a fundamental right in many countries.,—,—
1312,Die Quelle,die (feminin),Quelle,The Source,Media & Communication,Die Quelle des Artikels wurde nicht genannt.,The source of the article was not mentioned.,Quellen,Quelle
1313,Die Redakteurin,die (feminin),Redakteurin,The Female Editor,Media & Communication,Die Redakteurin entscheidet über die Inhalte der Zeitung.,The female editor decides on the content of the newspaper.,Redakteurinnen,Redakteurin
1314,Die Redaktion,die (feminin),Redaktion,The Editorial Office,Media & Communication,Die Redaktion arbeitet an der neuen Ausgabe.,The editorial office is working on the new issue.,Redaktionen,Redaktion
1315,Die Reportage,die (feminin),Reportage,The Report,Media & Communication,Die Reportage dokumentiert das Leben in der Großstadt.,The report documents life in the big city.,Reportagen,Reportage
1316,Die Schlagzeile,die (feminin),Schlagzeile,The Headline,Media & Communication,Die Schlagzeile des Tages handelt von einer wichtigen Entscheidung.,The headline of the day is about an important decision.,Schlagzeilen,Schlagzeile
1317,Die Zensur,die (feminin),Zensur,The Censorship,Media & Communication,Zensur von Medien ist ein großes Problem in einigen Ländern.,Censorship of media is a big problem in some countries.,—,—
1318,Die Medien,Plural,Medien,The Media,Media & Communication,Die Medien berichten über den Vorfall weltweit.,The media report on the incident worldwide.,—,—
1319,Die Nachrichten,Plural,Nachrichten,The News,Media & Communication,Die Nachrichten informieren uns täglich über das Weltgeschehen.,The news inform us daily about world events.,—,—
1320,Rechtlich,adjektiv,Rechtlich,Legal,"Society, Politics & Legal",Das ist rechtlich nicht erlaubt.,That is legally not allowed.,—,—
1321,Schuldig,adjektiv,Schuldig,Guilty,"Society, Politics & Legal",Der Mann ist schuldig.,The man is guilty.,—,—
1322,Unschuldig,adjektiv,Unschuldig,Innocent,"Society, Politics & Legal",Er ist unschuldig.,He is innocent.,—,—
1323,Der Anwalt,der (maskulin),Anwalt,Lawyer,"Society, Politics & Legal",Der Anwalt verteidigt ihn.,The lawyer defends him.,Anwälte,Anwältin
1324,Der Betrug,der (maskulin),Betrug,Fraud,"Society, Politics & Legal",Das ist ein schwerer Betrug.,That is a serious fraud.,— (Unzählbar),—
1325,Der Beweis,der (maskulin),Beweis,Evidence,"Society, Politics & Legal",Wir brauchen einen Beweis.,We need proof.,Beweise,—
1326,Der Mord,der (maskulin),Mord,Murder,"Society, Politics & Legal",Der Mord wird untersucht.,The murder is being investigated.,—,—
1327,Der Raub,der (maskulin),Raub,Robbery,"Society, Politics & Legal",Der Raub passierte gestern.,The robbery happened yesterday.,—,—
1328,Der Richter,der (maskulin),Richter,Judge,"Society, Politics & Legal",Der Richter spricht das Urteil.,The judge pronounces the verdict.,Richter,Richterin
1329,Der Schaden,der (maskulin),Schaden,Damage,"Society, Politics & Legal",Der Schaden ist groß.,The damage is big.,Schäden,—
1330,Der Zeuge,der (maskulin),Zeuge,Witness,"Society, Politics & Legal",Der Zeuge sagt die Wahrheit.,The witness tells the truth.,Zeugen,—
1331,Die Festnahme,die (feminin),Festnahme,Arrest,"Society, Politics & Legal",Die Festnahme erfolgte schnell.,The arrest happened quickly.,Festnahmen,Festnahme
1332,Das Fieber,das (neutrum),Fieber,The Fever,Health & Wellness,Sie hat hohes Fieber.,She has a high fever.,—,—
1333,Das Medikament,das (neutrum),Medikament,The Medication,Health & Wellness,Das Medikament hilft gegen die Schmerzen.,The medication helps against the pain.,Medikamente,—
1334,Das Rezept,das (neutrum),Rezept,The Prescription,Health & Wellness,Der Arzt schreibt ein Rezept aus.,The doctor writes a prescription.,Rezepte,—
1335,Der Blutdruck,der (maskulin),Blutdruck,The Blood Pressure,Health & Wellness,Der Arzt misst seinen Blutdruck.,The doctor is measuring his blood pressure.,—,—
1336,Der Patient,der (maskulin),Patient,The Patient – Male,Health & Wellness,Der Patient wartet auf den Arzt.,The patient is waiting for the doctor.,Patienten,Patientin
1337,Die Allergie,die (feminin),Allergie,The Allergy,Health & Wellness,Er hat eine starke Allergie gegen Nüsse.,He has a strong allergy to nuts.,Allergien,Allergie
1338,Die Ärztin,die (feminin),Ärztin,The Doctor – Female,Health & Wellness,Die Ärztin hat viel Erfahrung.,The doctor has a lot of experience.,Ärztinnen,Ärztin
1339,Die Arztpraxis,die (feminin),Arztpraxis,The Doctor’S Office,Health & Wellness,Die Arztpraxis ist montags geschlossen.,The doctor’s office is closed on Mondays.,Arztpraxen,Arztpraxis
1340,Die Behandlung,die (feminin),Behandlung,The Treatment,Health & Wellness,Die Behandlung dauert zwei Wochen.,The treatment lasts two weeks.,Behandlungen,Behandlung
1341,Die Diagnose,die (feminin),Diagnose,The Diagnosis,Health & Wellness,Die Diagnose wurde gestern gestellt.,The diagnosis was made yesterday.,Diagnosen,Diagnose
1342,Die Grippe,die (feminin),Grippe,The Flu,Health & Wellness,Er erkrankt oft an der Grippe.,He often gets the flu.,—,Grippe
1343,Die Infektion,die (feminin),Infektion,The Infection,Health & Wellness,Die Infektion muss behandelt werden.,The infection needs to be treated.,Infektionen,Infektion
1344,Die Krankenversicherung,die (feminin),Krankenversicherung,Health Insurance,Health & Wellness,Sie muss ihre Krankenversicherung aktualisieren.,She needs to update her health insurance.,Krankenversicherungen,Krankenversicherung
1345,Die Operation,die (feminin),Operation,The Surgery,Health & Wellness,Die Operation war erfolgreich.,The surgery was successful.,Operationen,Operation
1346,Die Patientin,die (feminin),Patientin,The Patient – Female,Health & Wellness,Die Patientin hat eine Erkältung.,The female patient has a cold.,Patientinnen,Patientin
1347,Die Salbe,die (feminin),Salbe,The Ointment,Health & Wellness,Die Salbe hilft gegen den Ausschlag.,The ointment helps against the rash.,Salben,Salbe
1348,Die Sprechstunde,die (feminin),Sprechstunde,Consultation Hour,Health & Wellness,Die Sprechstunde beginnt um 10 Uhr.,The consultation hour starts at 10 AM.,Sprechstunden,—
1349,Die Untersuchung,die (feminin),Untersuchung,The Examination,Health & Wellness,Die Untersuchung dauert etwa eine Stunde.,The examination takes about an hour.,Untersuchungen,—
1350,Die Wartezeit,die (feminin),Wartezeit,Waiting Time,Health & Wellness,Die Wartezeit im Arztzimmer war kurz.,The waiting time in the doctor’s office was short.,Wartezeiten,—
1351,Bauchschmerzen,Plural,Bauchschmerzen,Abdominal Pain,Health & Wellness,Ich habe starke Bauchschmerzen.,I have severe abdominal pains.,—,—
1352,Halsschmerzen,Plural,Halsschmerzen,Sore Throat,Health & Wellness,Sie hat Halsschmerzen und Husten.,She has a sore throat and cough.,—,—
1353,Kopfschmerzen,Plural,Kopfschmerzen,Headache,Health & Wellness,Er hat seit gestern Kopfschmerzen.,He has had a headache since yesterday.,—,—
1354,Symptome,Plural,Symptome,Symptoms,Health & Wellness,Die Symptome sind Fieber und Husten.,The symptoms are fever and cough.,—,—
1355,Der Husten,Verb/Nomen,Husten,The Cough,Health & Wellness,Der Husten wird schlimmer.,The cough is getting worse.,—,—
1356,Der April,der (maskulin),April,The April,Time & Calendar,Im April blühen die Blumen.,"In April, the flowers bloom.",—,—
1357,Der August,der (maskulin),August,The August,Time & Calendar,Der August ist oft sehr heiß.,August is often very hot.,—,—
1358,Der Dezember,der (maskulin),Dezember,The December,Time & Calendar,Wir feiern Weihnachten im Dezember.,We celebrate Chri,—,—
1359,Der Februar,der (maskulin),Februar,The February,Time & Calendar,Der Februar hat manchmal 29 Tage.,February sometimes has 29 days.,—,—
1360,Der Januar,der (maskulin),Januar,The January,Time & Calendar,Das neue Jahr beginnt im Januar.,The new year starts in January.,—,—
1361,Der Juli,der (maskulin),Juli,The July,Time & Calendar,Im Juli haben wir Sommerferien.,"In July, we have summer holidays.",—,—
1362,Der Juni,der (maskulin),Juni,The June,Time & Calendar,Der Sommer beginnt im Juni.,Summer starts in June.,—,—
1363,Der Mai,der (maskulin),Mai,The May,Time & Calendar,Im Mai feiern wir den Tag der Arbeit.,"In May, we celebrate Labor Day.",—,—
1364,Der März,der (maskulin),März,The March,Time & Calendar,Im März wird das Wetter wärmer.,"In March, the weather gets warmer.",—,—
1365,Der November,der (maskulin),November,The November,Time & Calendar,Im November fallen die Blätter von den Bäumen.,"In November, the leaves fall from the trees.",—,—
1366,Der Oktober,der (maskulin),Oktober,The October,Time & Calendar,Das Oktoberfest findet im Oktober statt.,The Oktoberfest takes place in October.,—,—
1367,Der September,der (maskulin),September,The September,Time & Calendar,Die Schule beginnt wieder im September.,School starts again in September.,—,—
1368,Das Cello,das (neutrum),Cello,The Cello,Arts & Entertainment,"Das Cello hat einen tiefen, warmen Klang.","The cello has a deep, warm sound.",Cellos,—
1369,Das Klavier,das (neutrum),Klavier,The Piano,Arts & Entertainment,Er übt täglich eine Stunde auf dem Klavier.,He practices the piano for an hour every day.,Klaviere,—
1370,Das Saxophon,das (neutrum),Saxophon,The Saxophone,Arts & Entertainment,Er spielt ein Solo auf dem Saxophon.,He plays a solo on the saxophone.,Saxophone,—
1371,Das Schlagzeug,das (neutrum),Schlagzeug,The Drums,Arts & Entertainment,Das Schlagzeug gibt den Rhythmus vor.,The drums set the rhythm.,—,—
1372,Der Dudelsack,der (maskulin),Dudelsack,The Bagpipes,Arts & Entertainment,Der Dudelsack ist ein traditionelles schottisches Instrument.,The bagpipes are a traditional Scottish instrument.,Dudelsäcke,—
1373,Der Flügel,der (maskulin),Flügel,The Grand Piano,Arts & Entertainment,In der Konzerthalle steht ein großer Flügel.,There is a large grand piano in the concert hall.,Flügel,—
1374,Der Kontrabass,der (maskulin),Kontrabass,The Double Bass,Arts & Entertainment,Ein Kontrabass sorgt für einen starken Bass in der Band.,A double bass provides a strong bass in the band.,Kontrabässe,—
1375,Die Akustikgitarre,die (feminin),Akustikgitarre,The Acoustic Guitar,Arts & Entertainment,Er spielt jeden Abend auf seiner Akustikgitarre.,He plays his acoustic guitar every evening.,Akustikgitarren,Akustikgitarre
1376,Die E-Gitarre,die (feminin),E-Gitarre,The Electric Guitar,Arts & Entertainment,Viele Rockmusiker spielen E-Gitarre.,Many rock musicians play electric guitar.,E-Gitarren,E-Gitarre
1377,Die Geige,die (feminin),Geige,The Violin,Arts & Entertainment,Sie hat eine Geige zum Geburtstag bekommen.,She received a violin for her birthday.,Geigen,Geige
1378,Die Klarinette,die (feminin),Klarinette,The Clarinet,Arts & Entertainment,Die Klarinette klingt besonders schön im Jazz.,The clarinet sounds especially nice in jazz.,Klarinetten,Klarinette
1379,Die Mundharmonika,die (feminin),Mundharmonika,The Harmonica,Arts & Entertainment,Mein Großvater spielt gerne Mundharmonika.,My grandfather enjoys playing the harmonica.,Mundharmonikas,Mundharmonika
1380,Die Oboe,die (feminin),Oboe,The Oboe,Arts & Entertainment,Die Oboe hat einen klaren und hohen Ton.,The oboe has a clear and high tone.,Oboen,Oboe
1381,Die Orgel,die (feminin),Orgel,The Organ,Arts & Entertainment,Die Kirche hat eine beeindruckende Orgel.,The church has an impressive organ.,Orgeln,Orgel
1382,Die Popmusik,die (feminin),Popmusik,Pop Music,Arts & Entertainment,Popmusik wird weltweit gehört.,Pop music is listened to worldwide.,—,—
1383,Die Trompete,die (feminin),Trompete,The Trumpet,Arts & Entertainment,Die Trompete ist in vielen Musikstilen zu finden.,The trumpet can be found in many music styles.,Trompeten,—
1384,Die Tuba,die (feminin),Tuba,The Tuba,Arts & Entertainment,Die Tuba spielt die tiefsten Töne im Orchester.,The tuba plays the lowest notes in the orchestra.,Tubas,—
1385,Die Volksmusik,die (feminin),Volksmusik,Folk Music,Arts & Entertainment,Volksmusik ist in Bayern sehr beliebt.,Folk music is very popular in Bavaria.,—,—
1386,Das Gebirge,das (neutrum),Gebirge,The Mountain Range,Nature & Environment,Das Gebirge ist mit Schnee bedeckt.,The mountain range is covered with snow.,Gebirge,—
1387,Das Gras,das (neutrum),Gras,The Grass,Nature & Environment,Die Kühe fressen das Gras.,The cows eat the grass.,Gräser,—
1388,Das Insekt,das (neutrum),Insekt,The Insect,Nature & Environment,Das Insekt sitzt auf der Blume.,The insect is sitting on the flower.,Insekten,—
1389,Das Meer,das (neutrum),Meer,The Sea,Nature & Environment,Das Meer ist ruhig heute.,The sea is calm today.,Meere,—
1390,Das Tier,das (neutrum),Tier,The Animal,Nature & Environment,Das Tier lebt im Wald.,The animal lives in the forest.,Tiere,—
1391,Der Bach,der (maskulin),Bach,The Stream,Nature & Environment,Wir wandern entlang des Baches.,We are hiking along the stream.,Bäche,—
1392,Der Baum,der (maskulin),Baum,The Tree,Nature & Environment,Der Baum ist sehr hoch.,The tree is very tall.,Bäume,—
1393,Der Berg,der (maskulin),Berg,The Mountain,Nature & Environment,Wir klettern auf den Berg.,We are climbing the mountain.,Berge,—
1394,Der Felsen,der (maskulin),Felsen,The Rock,Nature & Environment,Der Felsen liegt am Strand.,The rock is on the beach.,Felsen,—
1395,Der Fluss,der (maskulin),Fluss,The River,Nature & Environment,Der Fluss fließt ins Meer.,The river flows into the sea.,Flüsse,—
1396,Der Himmel,der (maskulin),Himmel,The Sky,Nature & Environment,Der Himmel ist blau.,The sky is blue.,—,—
1397,Der Mond,der (maskulin),Mond,The Moon,Nature & Environment,Der Mond scheint hell.,The moon shines brightly.,Monde,—
1398,Der Regen,der (maskulin),Regen,The Rain,Nature & Environment,Der Regen fällt leise.,The rain falls softly.,—,—
1399,Der Schnee,der (maskulin),Schnee,The Snow,Nature & Environment,Im Winter gibt es viel Schnee.,In winter there is a lot of snow.,—,—
1400,Der Strand,der (maskulin),Strand,The Beach,Nature & Environment,Die Kinder spielen am Strand.,The children are playing on the beach.,Strände,—
1401,Der Sturm,der (maskulin),Sturm,The Storm,Nature & Environment,Ein Sturm zieht auf.,A storm is coming.,Stürme,—
1402,Der Wald,der (maskulin),Wald,The Forest,Nature & Environment,Der Wald ist dicht und grün.,The forest is dense and green.,Wälder,—
1403,Der Wind,der (maskulin),Wind,The Wind,Nature & Environment,Der Wind weht stark.,The wind is blowing hard.,—,—
1404,Der See,der (maskulin)/die (feminin),See,The Lake,Nature & Environment,Wir schwimmen im See.,We are swimming in the lake.,Seen,—
1405,Die Blume,die (feminin),Blume,The Flower,Nature & Environment,Die Blume ist schön.,The flower is beautiful.,Blumen,Blume
1406,Die Küste,die (feminin),Küste,The Coast,Nature & Environment,Wir machen Urlaub an der Küste.,We are vacationing on the coast.,Küsten,Küste
1407,Die Natur,die (feminin),Natur,The Nature,Nature & Environment,Ich liebe die Natur.,I love nature.,Naturen,Natur
1408,Die Pflanze,die (feminin),Pflanze,The Plant,Nature & Environment,Die Pflanze braucht Wasser.,The plant needs water.,Pflanzen,Pflanze
1409,Die Sonne,die (feminin),Sonne,The Sun,Nature & Environment,Die Sonne scheint.,The sun is shining.,—,—
1410,Die Umwelt,die (feminin),Umwelt,The Environment,Nature & Environment,Wir müssen die Umwelt schützen.,We must protect the environment.,—,—
1411,Die Wiese,die (feminin),Wiese,The Meadow,Nature & Environment,Die Wiese ist voller Blumen.,The meadow is full of flowers.,Wiesen,—
1412,Die Wolke,die (feminin),Wolke,The Cloud,Nature & Environment,Die Wolken sind weiß und fluffig.,The clouds are white and fluffy.,Wolken,—
1413,Die Wüste,die (feminin),Wüste,The Desert,Nature & Environment,Die Wüste ist heiß und trocken.,The desert is hot and dry.,Wüsten,—
1414,Acht,die (feminin),Acht,Eight,Numbers & Colors,Eine Spinne hat acht Beine.,A spider has eight legs.,Achten,Acht
1415,Achtundneunzig,Zahl,Achtundneunzig,Ninety-Eight,Numbers & Colors,Wir haben achtundneunzig Flaschen.,We have ninety-eight bottles.,—,—
1416,Achtundvierzig,Zahl,Achtundvierzig,Fourty-Eight,Numbers & Colors,Ein Tag hat achtundvierzig halbe Stunden.,A day has forty-eight half hours.,—,—
1417,Achtzehn,Zahl,Achtzehn,Eighteen,Numbers & Colors,Er wird morgen achtzehn.,He turns eighteen tomorrow.,—,—
1418,Achtzig,Zahl,Achtzig,Eighty,Numbers & Colors,Das Buch hat achtzig Seiten.,The book has eighty pages.,—,—
1419,Drei,Zahl,Drei,Three,Numbers & Colors,Wir sind drei Personen.,We are three people.,—,—
1420,Dreißig,Zahl,Dreißig,Thirty,Numbers & Colors,Der Monat hat dreißig Tage.,The month has thirty days.,—,—
1421,Dreiundsiebzig,Zahl,Dreiundsiebzig,Seventy-Three,Numbers & Colors,Meine Oma ist dreiundsiebzig.,My grandma is seventy-three.,—,—
1422,Dreiundvierzig,Zahl,Dreiundvierzig,Fourty-Three,Numbers & Colors,Wir haben dreiundvierzig Gäste.,We have forty-three guests.,—,—
1423,Dreiundzwanzig,Zahl,Dreiundzwanzig,Twenty-Three,Numbers & Colors,Er ist dreiundzwanzig.,He is twenty-three.,—,—
1424,Dreizehn,Zahl,Dreizehn,Thirteen,Numbers & Colors,Dreizehn ist meine Glückszahl.,Thirteen is my lucky number.,—,—
1425,Eins,Zahl,Eins,One,Numbers & Colors,Nummer eins ist der Gewinner.,Number one is the winner.,—,—
1426,Einundachtzig,Zahl,Einundachtzig,Eighty-One,Numbers & Colors,Er hat einundachtzig Punkte.,He has eighty-one points.,—,—
1427,Einunddreißig,Zahl,Einunddreißig,Thirty-One,Numbers & Colors,Der Januar hat einunddreißig Tage.,January has thirty-one days.,—,—
1428,Einundsechzig,Zahl,Einundsechzig,Sixty-One,Numbers & Colors,Er wohnt in Hausnummer einundsechzig.,He lives at house number sixty-one.,—,—
1429,Elf,Zahl,Elf,Eleven,Numbers & Colors,Eine Fußballmannschaft hat elf Spieler.,A football team has eleven players.,—,—
1430,Fünf,Zahl,Fünf,Five,Numbers & Colors,Ich habe fünf Äpfel.,I have five apples.,—,—
1431,Fünfundsechzig,Zahl,Fünfundsechzig,Sixty-Five,Numbers & Colors,Sie geht mit fünfundsechzig in Rente.,She retires at sixty-five.,—,—
1432,Fünfundsechzig,Zahl,Fünfundsechzig,Sixty-Five,Numbers & Colors,Sie geht mit fünfundsechzig in Rente.,She retires at sixty-five.,—,—
1433,Fünfundsiebzig,Zahl,Fünfundsiebzig,Seventy-Five,Numbers & Colors,Wir haben fünfundsiebzig Prozent erreicht.,We have reached seventy-five percent.,—,—
1434,Fünfzehn,Zahl,Fünfzehn,Fifteen,Numbers & Colors,Das Spiel dauert fünfzehn Minuten.,The game lasts fifteen minutes.,—,—
1435,Fünfzig,Zahl,Fünfzig,Fifty,Numbers & Colors,Er ist fünfzig Jahre alt.,He is fifty years old.,—,—
1436,Hundert,Zahl,Hundert,Hundred,Numbers & Colors,Das kostet hundert Euro.,That costs a hundred euros.,—,—
1437,Neun,Zahl,Neun,Nine,Numbers & Colors,Eine Katze hat neun Leben.,A cat has nine lives.,—,—
1438,Neunundsechzig,Zahl,Neunundsechzig,Sixty-Nine,Numbers & Colors,Das Auto fährt neunundsechzig Meilen.,The car drives sixty-nine miles.,—,—
1439,Neunundsiebzig,Zahl,Neunundsiebzig,Seventy-Nine,Numbers & Colors,Das Jahr neunundsiebzig war wichtig.,The year seventy-nine was important.,—,—
1440,Neunundzwanzig,Zahl,Neunundzwanzig,Twenty-Nine,Numbers & Colors,Februar hat manchmal neunundzwanzig Tage.,February sometimes has twenty-nine days.,—,—
1441,Neunzehn,Zahl,Neunzehn,Nineteen,Numbers & Colors,Sie ist neunzehn Jahre alt.,She is nineteen years old.,—,—
1442,Neunzig,Zahl,Neunzig,Ninety,Numbers & Colors,Mein Opa ist neunzig Jahre alt.,My grandpa is ninety years old.,—,—
1443,Null,Zahl,Null,Zero,Numbers & Colors,Es ist null Grad draußen.,It is zero degrees outside.,—,—
1444,Sechs,Zahl,Sechs,Six,Numbers & Colors,Der Würfel hat sechs Seiten.,The dice has six sides.,—,—
1445,Sechsunddreißig,Zahl,Sechsunddreißig,Thirty-Six,Numbers & Colors,Das Thermometer zeigt sechsunddreißig Grad.,The thermometer shows thirty-six degrees.,—,—
1446,Sechsundfünfzig,Zahl,Sechsundfünfzig,Fifty-Six,Numbers & Colors,Ich habe sechsundfünfzig Euro.,I have fifty-six euros.,—,—
1447,Sechsundneunzig,Zahl,Sechsundneunzig,Ninety-Six,Numbers & Colors,Das Spiel endete sechsundneunzig zu hundert.,The game ended ninety-six to a hundred.,—,—
1448,Sechzehn,Zahl,Sechzehn,Sixteen,Numbers & Colors,Mein Bruder ist sechzehn.,My brother is sixteen.,—,—
1449,Sechzig,Zahl,Sechzig,Sixty,Numbers & Colors,Eine Minute hat sechzig Sekunden.,One minute has sixty seconds.,—,—
1450,Siebenundachtzig,Zahl,Siebenundachtzig,Eighty-Seven,Numbers & Colors,Siebenundachtzig Leute sind hier.,Eighty-seven people are here.,—,—
1451,Siebenundvierzig,Zahl,Siebenundvierzig,Fourty-Seven,Numbers & Colors,Das ist Seite siebenundvierzig.,That is page forty-seven.,—,—
1452,Siebenundzwanzig,Zahl,Siebenundzwanzig,Twenty-Seven,Numbers & Colors,Das kostet siebenundzwanzig Euro.,That costs twenty-seven euros.,—,—
1453,Siebzehn,Zahl,Siebzehn,Seventeen,Numbers & Colors,Ich bin siebzehn Jahre alt.,I am seventeen years old.,—,—
1454,Siebzig,Zahl,Siebzig,Seventy,Numbers & Colors,Sie fährt siebzig km/h.,She drives seventy km/h.,—,—
1455,Vier,Zahl,Vier,Four,Numbers & Colors,Das Auto hat vier Räder.,The car has four wheels.,—,—
1456,Vierundachtzig,Zahl,Vierundachtzig,Eighty-Four,Numbers & Colors,Das Buch hat vierundachtzig Kapitel.,The book has eighty-four chapters.,—,—
1457,Vierunddreißig,Zahl,Vierunddreißig,Thirty-Four,Numbers & Colors,Meine Mutter ist vierunddreißig.,My mother is thirty-four.,—,—
1458,Vierundfünfzig,Zahl,Vierundfünfzig,Fifty-Four,Numbers & Colors,Das Paket wiegt vierundfünfzig Kilo.,The package weighs fifty-four kilos.,—,—
1459,Vierzehn,Zahl,Vierzehn,Fourteen,Numbers & Colors,Ein Pfund sind vierzehn Unzen.,A pound is fourteen ounces.,—,—
1460,Vierzig,Zahl,Vierzig,Fourty,Numbers & Colors,Wir brauchen vierzig Stühle.,We need forty chairs.,—,—
1461,Zehn,Zahl,Zehn,Ten,Numbers & Colors,Ich habe zehn Finger.,I have ten fingers.,—,—
1462,Zwanzig,Zahl,Zwanzig,Twenty,Numbers & Colors,Ich habe zwanzig Euro.,I have twenty euros.,—,—
1463,Zwei,Zahl,Zwei,Two,Numbers & Colors,Ich habe zwei Schwestern.,I have two sisters.,—,—
1464,Zweiundfünfzig,Zahl,Zweiundfünfzig,Fifty-Two,Numbers & Colors,Ein Jahr hat zweiundfünfzig Wochen.,A year has fifty-two weeks.,—,—
1465,Zweiundneunzig,Zahl,Zweiundneunzig,Ninety-Two,Numbers & Colors,Das Element hat die Nummer zweiundneunzig.,The element has the number ninety-two.,—,—
1466,Zwölf,Zahl,Zwölf,Twelve,Numbers & Colors,Es ist zwölf Uhr.,It is twelve o'clock.,—,—
1467,Sieben,Zahl/Verb,Sieben,Seven,Numbers & Colors,Eine Woche hat sieben Tage.,A week has seven days.,—,—
1468,Das Angebot,das (neutrum),Angebot,The Offer,Work & Career,Das Angebot ist nur bis morgen gültig.,The offer is valid only until tomorrow.,Angebote,—
1469,Das Büro,das (neutrum),Büro,The Office,Work & Career,Das Büro ist modern eingerichtet.,The office is modernly furnished.,Büros,—
1470,Das Gehalt,das (neutrum),Gehalt,The Salary,Work & Career,Sie ist mit ihrem Gehalt zufrieden.,She is satisfied with her salary.,Gehälter,—
1471,Das Meeting,das (neutrum),Meeting,The Meeting,Work & Career,Das Meeting wurde auf nächste Woche verschoben.,The meeting was postponed to next week.,Meetings,—
1472,Das Papier,das (neutrum),Papier,The Paper,Work & Career,Wir müssen mehr Papier bestellen.,We need to order more paper.,—,—
1473,Das Praktikum,das (neutrum),Praktikum,The Internship,Work & Career,Sie macht ein Praktikum in einem großen Unternehmen.,She is doing an internship at a large company.,Praktika,—
1474,Das Projekt,das (neutrum),Projekt,The Project,Work & Career,Wir arbeiten an einem neuen Projekt.,We are working on a new project.,Projekte,—
1475,Das Telefon,das (neutrum),Telefon,The Phone,Work & Career,Das Telefon klingelt ständig.,The phone keeps ringing.,Telefone,—
1476,Der Anruf,der (maskulin),Anruf,The Phone Call,Work & Career,Er hat einen wichtigen Anruf verpasst.,He missed an important phone call.,Anrufe,—
1477,Der Arbeitsplatz,der (maskulin),Arbeitsplatz,The Workplace,Work & Career,Der Arbeitsplatz sollte ergonomisch gestaltet sein.,The workplace should be ergonomically designed.,Arbeitsplätze,—
1478,Der Bericht,der (maskulin),Bericht,The Report,Work & Career,Der Bericht muss bis Freitag fertig sein.,The report must be completed by Friday.,Berichte,—
1479,Der Besprechungsraum,der (maskulin),Besprechungsraum,The Meeting Room,Work & Career,Der Besprechungsraum ist im dritten Stock.,The meeting room is on the third floor.,Besprechungsräume,—
1480,Der Bildschirm,der (maskulin),Bildschirm,The Monitor,Work & Career,Der neue Bildschirm ist sehr groß.,The new monitor is very large.,Bildschirme,—
1481,Der Chef,der (maskulin),Chef,The Boss (Male/Female),Work & Career,Unsere Chefin ist sehr freundlich.,Our boss is very friendly.,Chefs,Chefin
1482,Der Computer,der (maskulin),Computer,The Computer,Work & Career,Der Computer ist abgestürzt.,The computer crashed.,Computer,—
1483,Der Drucker,der (maskulin),Drucker,The Printer,Work & Career,Der Drucker hat kein Papier mehr.,The printer is out of paper.,Drucker,—
1484,Der Kollege,der (maskulin),Kollege,The Colleague (Male/Female),Work & Career,Meine Kollegen sind sehr hilfsbereit.,My colleagues are very helpful.,Kollegen,Kollegin
1485,Der Kopierer,der (maskulin),Kopierer,The Copier,Work & Career,Der Kopierer ist schon wieder kaputt.,The copier is broken again.,Kopierer,—
1486,Der Laptop,der (maskulin),Laptop,The Laptop,Work & Career,Ich arbeite gerne mit meinem Laptop im Café.,I like working with my laptop in the café.,Laptops,—
1487,Der Mitarbeiter,der (maskulin),Mitarbeiter,The Employee,Work & Career,Die Mitarbeiter haben hart gearbeitet.,The employees have worked hard.,Mitarbeiter,Mitarbeiterin
1488,Der Notizblock,der (maskulin),Notizblock,The Notepad,Work & Career,Ich notiere die Ideen in meinem Notizblock.,I jot down the ideas in my notepad.,Notizblöcke,—
1489,Der Terminkalender,der (maskulin),Terminkalender,The Appointment Calendar,Work & Career,Mein Terminkalender ist diese Woche voll.,My appointment calendar is full this week.,Terminkalender,—
1490,Der Vertrag,der (maskulin),Vertrag,The Contract,Work & Career,Der Vertrag läuft Ende des Jahres aus.,The contract expires at the end of the year.,Verträge,—
1491,Die Abteilung,die (feminin),Abteilung,The Department,Work & Career,Er arbeitet in der Marketingabteilung.,He works in the marketing department.,Abteilungen,Abteilung
1492,Die Akte,die (feminin),Akte,The File (Document),Work & Career,Bitte legen Sie die Akte auf meinen Schreibtisch.,Please put the file on my desk.,Akten,Akte
1493,Die Aufgabe,die (feminin),Aufgabe,The Task,Work & Career,"Meine Aufgabe ist es, den Bericht zu schreiben.",My task is to write the report.,Aufgaben,Aufgabe
1494,Die Besprechung,die (feminin),Besprechung,The Meeting/Discussion,Work & Career,Die Besprechung beginnt um 9 Uhr.,The meeting starts at 9 o’clock.,Besprechungen,Besprechung
1495,Die Büroklammer,die (feminin),Büroklammer,The Paper Clip,Work & Career,Ich brauche eine Büroklammer für diese Papiere.,I need a paper clip for these documents.,Büroklammern,Büroklammer
1496,Die E-Mail,die (feminin),E-Mail,The Email,Work & Career,Ich habe Ihre E-Mail erhalten.,I received your email.,E-Mails,E-Mail
1497,Die Frist,die (feminin),Frist,The Deadline,Work & Career,Die Frist für die Bewerbung endet morgen.,The deadline for the application ends tomorrow.,Fristen,Frist
1498,Die Gehaltserhöhung,die (feminin),Gehaltserhöhung,The Salary Increase,Work & Career,Er hofft auf eine Gehaltserhöhung.,He hopes for a salary increase.,Gehaltserhöhungen,Gehaltserhöhung
1499,Die Präsentation,die (feminin),Präsentation,The Presentation,Work & Career,Die Präsentation war sehr informativ.,The presentation was very informative.,Präsentationen,Präsentation
1500,Die Tastatur,die (feminin),Tastatur,The Keyboard,Work & Career,Die Tastatur funktioniert nicht richtig.,The keyboard isn’t working properly.,Tastaturen,—
1501,Die Teilzeit,die (feminin),Teilzeit,The Part-Time,Work & Career,Sie arbeitet in Teilzeit.,She works part-time.,—,—
1502,Die Überstunde,die (feminin),Überstunde,The Overtime,Work & Career,Ich muss heute Überstunden machen.,I have to work overtime today.,Überstunden,—
1503,Die Vollzeit,die (feminin),Vollzeit,The Full-Time,Work & Career,Er arbeitet jetzt in Vollzeit.,He is now working full-time.,—,—
1504,Den Vertrag Unterschreiben,Phrase,Vertrag Unterschreiben,To Sign The Contract,Work & Career,Sie haben den Vertrag gestern unterschrieben.,They signed the contract yesterday.,—,—
1505,Eine E-Mail Schreiben,Phrase,Eine E-Mail Schreiben,To Write An Email,Work & Career,Er muss dem Kunden eine E-Mail schreiben.,He needs to write an email to the client.,—,—
1506,Anrufen,Verb,Anrufen,To Call (Phone),Work & Career,Ich werde den Kunden später anrufen.,I will call the client later.,—,—
1507,Besprechen,Verb,Besprechen,To Discuss,Work & Career,Wir müssen das Projekt morgen besprechen.,We need to discuss the project tomorrow.,—,—
1508,Einstellen,Verb,Einstellen,To Hire,Work & Career,"Die Firma plant, neue Mitarbeiter einzustellen.",The company plans to hire new employees.,—,—
1509,Kündigen,Verb,Kündigen,To Resign,Work & Career,"Sie hat beschlossen, zu kündigen.",She has decided to resign.,—,—
1510,Planen,Verb,Planen,To Plan,Work & Career,Wir planen eine Firmenfeier.,We are planning a company party.,—,—
1511,Teilnehmen,Verb,Teilnehmen,To Participate,Work & Career,Möchten Sie an dem Workshop teilnehmen?,Would you like to participate in the workshop?,—,—
1512,Sich Bewerben,Verb (reflexiv),Sich Bewerben,To Apply (For A Job),Work & Career,Ich möchte mich um diese Stelle bewerben.,I want to apply for this position.,—,—
1513,Das Cybermobbing,das (neutrum),Cybermobbing,The Cyberbullying,Media & Communication,Cybermobbing ist ein ernstes Problem in sozialen Netzwerken.,Cyberbullying is a serious issue on social networks.,—,—
1514,Das Profil,das (neutrum),Profil,The Profile,Media & Communication,"Ein ansprechendes Profil hilft dir, mehr Follower zu gewinnen.",An appealing profile helps you gain more followers.,Profile,—
1515,Das Soziale Netzwerk,das (neutrum),Soziale Netzwerk,The Social Network,Media & Communication,Viele Menschen verbinden sich über ein soziales Netzwerk.,Many people connect through a social network.,Soziale Netzwerke,—
1516,Der Beitrag,der (maskulin),Beitrag,The Post / Contribution,Media & Communication,Sie hat einen spannenden Beitrag über Online-Sicherheit geschrieben.,She wrote an exciting post about online security.,Beiträge,—
1517,Der Benutzername,der (maskulin),Benutzername,The Username,Media & Communication,Wähle einen sicheren Benutzernamen für dein neues Konto.,Choose a secure username for your new account.,Benutzernamen,—
1518,Der Chat,der (maskulin),Chat,The Chat,Media & Communication,Wir hatten einen langen Chat über neue Trends im Internet.,We had a long chat about new trends on the internet.,Chats,—
1519,Der Hashtag,der (maskulin),Hashtag,The Hashtag,Media & Communication,"Verwende den Hashtag, um deine Themen zu markieren.",Use the hashtag to tag your topics.,Hashtags,—
1520,Der Livestream,der (maskulin),Livestream,The Live Stream,Media & Communication,In meinem Livestream beantworte ich Fragen in Echtzeit.,"In my live stream, I answer questions in real time.",Livestreams,—
1521,Posten,der (maskulin),Posten,To Post,Media & Communication,Sie möchte morgen ein neues Video auf ihrem Profil posten.,She wants to post a new video on her profile tomorrow.,Posten,—
1522,Die Abmeldung,die (feminin),Abmeldung,The Logout,Media & Communication,Bitte vergiss nicht die Abmeldung nach der Sitzung.,Please do not forget to log out after the session.,Abmeldungen,Abmeldung
1523,Die Anmeldung,die (feminin),Anmeldung,The Login / Sign-Up,Media & Communication,Für die Anmeldung musst du deine E-Mail-Adresse eingeben.,"For the login, you need to enter your email address.",Anmeldungen,Anmeldung
1524,Die Datenschutzerklärung,die (feminin),Datenschutzerklärung,The Privacy Policy,Media & Communication,"Die Datenschutzerklärung erläutert, wie deine Daten verwendet werden.",The privacy policy explains how your data is used.,Datenschutzerklärungen,Datenschutzerklärung
1525,Die Freundschaftsanfrage,die (feminin),Freundschaftsanfrage,The Friend Request,Media & Communication,Ich habe deine Freundschaftsanfrage sofort akzeptiert.,I accepted your friend request right away.,Freundschaftsanfragen,Freundschaftsanfrage
1526,Die Nachricht,die (feminin),Nachricht,The Message,Media & Communication,Ich sende dir gleich eine Nachricht mit weiteren Details.,I will send you a message with more details shortly.,Nachrichten,Nachricht
1527,Die Privatsphäre,die (feminin),Privatsphäre,The Privacy,Media & Communication,Man sollte seine Privatsphäre-Einstellungen regelmäßig überprüfen.,You should regularly check your privacy settings.,—,—
1528,Die Story,die (feminin),Story,"The Story (E.G., On Instagram/Snapchat)",Media & Communication,Ich habe heute eine lustige Story hochgeladen.,I uploaded a funny story today.,Stories,—
1529,Die Videokonferenz,die (feminin),Videokonferenz,The Video Conference,Media & Communication,Die Videokonferenz findet morgen um 10 Uhr statt.,The video conference takes place tomorrow at 10 AM.,Videokonferenzen,—
1530,Die Webseite,die (feminin),Webseite,The Website,Media & Communication,Die Webseite ist übersichtlich und lädt schnell.,The website is clear and loads quickly.,Webseiten,—
1531,Googlen,Verb,Googlen,To Google,Media & Communication,Man kann die meisten Informationen einfach googlen.,You can just google most information.,—,—
1532,Skypen,Verb,Skypen,To Skype,Media & Communication,"Wir können heute Abend skypen, um alles zu besprechen.",We can Skype tonight to discuss everything.,—,—
1533,Das Geschwisterkind,das (neutrum),Geschwisterkind,The Sibling,Family & Life Stages,Geschwisterkinder haben oft Vorrang bei der Kita-Platzvergabe.,Siblings often get priority for daycare spots.,Geschwisterkinder,—
1534,Das Kindergeld,das (neutrum),Kindergeld,The Child Benefit,Family & Life Stages,Kindergeld wird monatlich ausgezahlt.,Child benefit is paid out monthly.,—,—
1535,Das Spielzeug,das (neutrum),Spielzeug,The Toy,Family & Life Stages,Das Spielzeug sollte sicher und altersgerecht sein.,The toy should be safe and age-appropriate.,—,—
1536,Das Taschengeld,das (neutrum),Taschengeld,The Pocket Money,Family & Life Stages,Viele Kinder bekommen Taschengeld einmal pro Woche.,Many children receive pocket money once a week.,—,—
1537,Der Betreuungsschlüssel,der (maskulin),Betreuungsschlüssel,The Child-To-Staff Ratio,Family & Life Stages,Der Betreuungsschlüssel ist in dieser Kita sehr gut.,The child-to-staff ratio is very good in this daycare.,Betreuungsschlüssel,—
1538,Der Erziehungsstil,der (maskulin),Erziehungsstil,The Parenting Style,Family & Life Stages,Jeder hat einen anderen Erziehungsstil.,Everyone has a different parenting style.,Erziehungsstile,—
1539,Der Geburtsvorbereitungskurs,der (maskulin),Geburtsvorbereitungskurs,The Prenatal Class,Family & Life Stages,Der Geburtsvorbereitungskurs hilft werdenden Eltern.,The prenatal class helps expecting parents.,Geburtsvorbereitungskurse,—
1540,Der Kindergarten,der (maskulin),Kindergarten,The Kindergarten,Family & Life Stages,Im Kindergarten lernen die Kinder spielerisch.,"In kindergarten, children learn through play.",Kindergärten,—
1541,Der Pädagoge,der (maskulin),Pädagoge,The Educator,Family & Life Stages,Ein erfahrener Pädagoge betreut die Kinder.,An experienced educator takes care of the children.,Pädagogen,Pädagogin
1542,Die Elternzeit,die (feminin),Elternzeit,The Parental Leave,Family & Life Stages,Er nimmt sechs Monate Elternzeit.,He is taking six months of parental leave.,—,Elternzeit
1543,Die Förderung,die (feminin),Förderung,The Support,Family & Life Stages,Die Förderung von Kindern ist wichtig für ihre Entwicklung.,The support of children is important for their development.,Förderungen,Förderung
1544,Die Kita (Kindertagesstätte),die (feminin),Kita,The Daycare Center,Family & Life Stages,Unsere Tochter besucht eine Kita in der Nähe.,Our daughter attends a daycare center nearby.,Kitas,Kita
1545,Die Mutterschutzfrist,die (feminin),Mutterschutzfrist,The Maternity Leave Period,Family & Life Stages,Die Mutterschutzfrist beträgt sechs Wochen vor der Geburt.,The maternity leave period is six weeks before birth.,—,Mutterschutzfrist
1546,Die Nachmittagsbetreuung,die (feminin),Nachmittagsbetreuung,The Afternoon Care,Family & Life Stages,Viele Schulen bieten Nachmittagsbetreuung an.,Many schools offer afternoon care.,—,Nachmittagsbetreuung
1547,Die Sprachförderung,die (feminin),Sprachförderung,The Language Support,Family & Life Stages,Die Sprachförderung beginnt früh im Kindergarten.,Language support starts early in kindergarten.,—,—
1548,Die Tagesmutter,die (feminin),Tagesmutter,The Childminder,Family & Life Stages,Eine Tagesmutter betreut meist kleine Gruppen.,A childminder usually takes care of small groups.,Tagesmütter,—
1549,Die U-Untersuchung,die (feminin),U-Untersuchung,The Child Health Check-Up,Family & Life Stages,Die U-Untersuchung ist für die frühzeitige Erkennung von Krankheiten wichtig.,The child health check-up is important for the early detection of illnesses.,U-Untersuchungen,—
1550,Die Betreuungskosten,Plural,Betreuungskosten,The Childcare Costs,Family & Life Stages,Die Betreuungskosten variieren je nach Stadt.,The childcare costs vary depending on the city.,—,—
1551,Geschieden,adjektiv,Geschieden,Divorced,Family & Life Stages,Meine Eltern sind seit drei Jahren geschieden.,My parents have been divorced for three years.,—,—
1552,Getrennt,adjektiv,Getrennt,Separated,Family & Life Stages,Sie leben zurzeit getrennt.,They are currently living separated.,—,—
1553,Ledig,adjektiv,Ledig,Single,Family & Life Stages,Er ist noch ledig.,He is still single.,—,—
1554,Verheiratet,adjektiv,Verheiratet,Married,Family & Life Stages,Sind Sie verheiratet oder ledig?,Are you married or single?,—,—
1555,Verlobt,adjektiv,Verlobt,Engaged,Family & Life Stages,Sie sind seit einem Monat verlobt.,They have been engaged for a month.,—,—
1556,Das Ehepaar,das (neutrum),Ehepaar,The Couple,Family & Life Stages,Das Ehepaar feiert goldene Hochzeit.,The married couple is celebrating their golden anniversary.,Ehepaare,—
1557,Das Geburtsdatum,das (neutrum),Geburtsdatum,The Date Of Birth,Family & Life Stages,Bitte geben Sie Ihr Geburtsdatum an.,Please state your date of birth.,Geburtsdaten,—
1558,Das Grab,das (neutrum),Grab,The Grave,Family & Life Stages,Das Grab ist mit Blumen geschmückt.,The grave is decorated with flowers.,Gräber,—
1559,Das Krematorium,das (neutrum),Krematorium,The Crematorium,Family & Life Stages,Die Trauerfeier fand im Krematorium statt.,The funeral service took place in the crematorium.,Krematorien,—
1560,Das Legat,das (neutrum),Legat,The Legacy,Family & Life Stages,Sie erhielt ein großzügiges Legat.,She received a generous legacy.,Legate,—
1561,Das Standesamt,das (neutrum),Standesamt,The Registry Office,Family & Life Stages,Sie haben auf dem Standesamt geheiratet.,They got married at the registry office.,Standesämter,—
1562,Das Testament,das (neutrum),Testament,The Will,Family & Life Stages,Er hat sein Testament noch nicht gemacht.,He has not yet made his will.,Testamente,—
1563,Der Erbe,das (neutrum),Erbe,The Heir,Family & Life Stages,Er ist der alleinige Erbe des Vermögens.,He is the sole heir to the fortune.,Erben,Erbin
1564,Der Ehebruch,der (maskulin),Ehebruch,Adultery,Family & Life Stages,Der Ehebruch war der Grund für die Scheidung.,Adultery was the reason for the divorce.,—,—
1565,Der Familienstand,der (maskulin),Familienstand,Marital Status,Family & Life Stages,Wie ist Ihr Familienstand?,What is your marital status?,—,—
1566,Der Fötus,der (maskulin),Fötus,The Fetus,Family & Life Stages,Der Fötus entwickelt sich schnell.,The fetus develops quickly.,Föten/Fötusse,—
1567,Der Freund,der (maskulin),Freund,The Friend,Family & Life Stages,Er ist ein guter Freund von mir.,He is a good friend of mine.,Freunde,Freundin
1568,Der Friedhof,der (maskulin),Friedhof,The Cemetery,Family & Life Stages,Wir haben Blumen auf den Friedhof gebracht.,We brought flowers to the cemetery.,Friedhöfe,—
1569,Der Hochstuhl,der (maskulin),Hochstuhl,The High Chair,Family & Life Stages,Das Kind sitzt in seinem Hochstuhl.,The child sits in its high chair.,Hochstühle,—
1570,Der Nachlaß,der (maskulin),Nachlaß,The Estate,Family & Life Stages,Der Nachlass wurde unter den Kindern aufgeteilt.,The estate was divided among the children.,—,—
1571,Der Pate,der (maskulin),Pate,The Godfather,Family & Life Stages,Er ist der Pate meines Sohnes.,He is the godfather of my son.,Paten,Patin
1572,Der Patenonkel,der (maskulin),Patenonkel,The Godfather,Family & Life Stages,Mein Patenonkel hat mir ein Fahrrad geschenkt.,My godfather gave me a bicycle.,Patenonkel,—
1573,Der Sarg,der (maskulin),Sarg,The Coffin,Family & Life Stages,Der Sarg war aus dunklem Holz.,The coffin was made of dark wood.,Särge,—
1574,Der Tod,der (maskulin),Tod,The Death,Family & Life Stages,Der Tod kam völlig unerwartet.,The death came completely unexpectedly.,—,—
1575,Der Trauschein,der (maskulin),Trauschein,The Marriage Certificate,Family & Life Stages,Sie haben ihren Trauschein verloren.,They lost their marriage certificate.,—,—
1576,Der Trauzeuge,der (maskulin),Trauzeuge,The Best Man,Family & Life Stages,Er war mein Trauzeuge.,He was my best man.,Trauzeugen,—
1577,Der Gestorbene,der/die (maskulin/feminin),Gestorbene,The Deceased,Family & Life Stages,Der Gestorbene war ein bekannter Künstler.,The deceased was a well-known artist.,Gestorbene,Gestorbene
1578,Die Asche,die (feminin),Asche,The Ashes,Family & Life Stages,Die Asche wurde im Meer verstreut.,The ashes were scattered in the sea.,— (Unzählbar),Asche
1579,Die Beerdigung,die (feminin),Beerdigung,The Funeral,Family & Life Stages,Die Beerdigung fand im engsten Familienkreis statt.,The funeral took place in the closest family circle.,Beerdigungen,Beerdigung
1580,Die Bestattung,die (feminin),Bestattung,The Funeral,Family & Life Stages,Die Bestattung war sehr feierlich.,The burial was very solemn.,Bestattungen,Bestattung
1581,Die Braut,die (feminin),Braut,The Bride,Family & Life Stages,Die Braut trug ein wunderschönes weißes Kleid.,The bride wore a beautiful white dress.,Bräute,Braut
1582,Die Ehe,die (feminin),Ehe,The Marriage,Family & Life Stages,Ihre Ehe ist sehr glücklich.,Their marriage is very happy.,—,Ehe
1583,Die Einäscherung,die (feminin),Einäscherung,The Cremation,Family & Life Stages,Er wünschte sich eine Einäscherung.,He wished for a cremation.,—,Einäscherung
1584,Die Empfängis,die (feminin),Empfängis,The Conception,Family & Life Stages,Die Empfängnis ist der Beginn der Schwangerschaft.,Conception is the beginning of pregnancy.,—,Empfängis
1585,Die Erbin,die (feminin),Erbin,The Heiress,Family & Life Stages,Sie ist eine reiche Erbin.,She is a rich heiress.,Erbinnen,Erbin
1586,Die Geburt,die (feminin),Geburt,The Birth,Family & Life Stages,Die Geburt verlief ohne Komplikationen.,The birth went without complications.,Geburten,Geburt
1587,Die Heirat,die (feminin),Heirat,The Marriage,Family & Life Stages,Die Heirat war eine große Überraschung.,The marriage was a big surprise.,—,Heirat —
1588,Die Hochzeit,die (feminin),Hochzeit,The Wedding,Family & Life Stages,Die Hochzeit wird im Sommer stattfinden.,The wedding will take place in summer.,Hochzeiten,Hochzeit
1589,Die Kirche,die (feminin),Kirche,The Church,Family & Life Stages,Wir gehen am Sonntag in die Kirche.,We go to church on Sunday.,Kirchen,Kirche
1590,Die Leiche,die (feminin),Leiche,The Corpse,Family & Life Stages,Die Polizei hat eine Leiche gefunden.,The police found a corpse.,Leichen,Leiche
1591,Die Scheidung,die (feminin),Scheidung,The Divorce,Family & Life Stages,Die Scheidung war sehr schmerzhaft.,The divorce was very painful.,Scheidungen,Scheidung
1592,Die Taufe,die (feminin),Taufe,The Baptism,Family & Life Stages,Die Taufe findet am Sonntag statt.,The baptism takes place on Sunday.,Taufen,—
1593,Die Trennung,die (feminin),Trennung,The Separation,Family & Life Stages,Die Trennung fiel ihnen sehr schwer.,The separation was very difficult for them.,Trennungen,—
1594,Die Urne,die (feminin),Urne,The Urn,Family & Life Stages,Die Urne wurde beigesetzt.,The urn was interred.,Urnen,—
1595,Die Verlobung,die (feminin),Verlobung,The Engagement,Family & Life Stages,Sie haben gestern ihre Verlobung bekannt gegeben.,They announced their engagement yesterday.,Verlobungen,—
1596,Die Witwe,die (feminin),Witwe,The Widow,Family & Life Stages,Die Witwe trug schwarze Kleidung.,The widow wore black clothing.,Witwen,—
1597,Die Zeremonie,die (feminin),Zeremonie,The Ceremony,Family & Life Stages,Die Zeremonie dauerte zwei Stunden.,The ceremony lasted two hours.,Zeremonien,—
1598,Abstillen,Verb,Abstillen,Weaning,Family & Life Stages,Sie möchte das Baby bald abstillen.,She wants to wean the baby soon.,—,—
1599,Begehen,Verb,Begehen,Commit,Family & Life Stages,Er wollte Selbstmord begehen.,He wanted to commit suicide.,—,—
1600,Gebären,Verb,Gebären,Give Birth,Family & Life Stages,Sie wird bald ein Kind gebären.,She will soon give birth to a child.,—,—
1601,Gratulieren,Verb,Gratulieren,Congratulate,Family & Life Stages,Ich möchte dir herzlich gratulieren.,I would like to congratulate you warmly.,—,—
1602,Heiraten,Verb,Heiraten,Marry,Family & Life Stages,Sie wollen nächstes Jahr heiraten.,They want to get married next year.,—,—
1603,Töten,Verb,Töten,Kill,Family & Life Stages,Der Jäger wollte das Tier töten.,The hunter wanted to kill the animal.,—,—
1604,Trauern,Verb,Trauern,Mourn,Family & Life Stages,Wir trauern um unseren Freund.,We mourn for our friend.,—,—
1605,Umbringen,Verb,Umbringen,Kill,Family & Life Stages,"Er hat versucht, sie umzubringen.",He tried to kill her.,—,—
1606,Das Deo,das (neutrum),Deo,The Deodorant,Health & Wellness,Dein Deo riecht frisch und angenehm.,Your deodorant smells fresh and pleasant.,Deos,—
1607,Das Duschgel,das (neutrum),Duschgel,The Shower Gel,Health & Wellness,Das Duschgel riecht nach Lavendel.,The shower gel smells like lavender.,—,—
1608,Das Handtuch,das (neutrum),Handtuch,The Towel,Health & Wellness,Das Handtuch hängt am Haken.,The towel hangs on the hook.,Handtücher,—
1609,Das Mundwasser,das (neutrum),Mundwasser,The Mouthwash,Health & Wellness,Spüle deinen Mund mit Mundwasser.,Rinse your mouth with mouthwash.,—,—
1610,Das Rasiergel,das (neutrum),Rasiergel,The Shaving Gel,Health & Wellness,Das Rasiergel sorgt für eine glatte Rasur.,The shaving gel provides a smooth shave.,—,—
1611,Das Shampoo,das (neutrum),Shampoo,The Shampoo,Health & Wellness,Dieses Shampoo macht die Haare glänzend.,This shampoo makes hair shiny.,Shampoos,—
1612,Der Föhn,der (maskulin),Föhn,The Hair Dryer,Health & Wellness,Der Föhn ist kaputt.,The hair dryer is broken.,Föhne,—
1613,Der Kamm,der (maskulin),Kamm,The Comb,Health & Wellness,Er hat einen Kamm in seiner Tasche.,He has a comb in his bag.,Kämme,—
1614,Der Nagelknipser,der (maskulin),Nagelknipser,The Nail Clipper,Health & Wellness,Ein Nagelknipser ist im Set enthalten.,A nail clipper is included in the set.,Nagelknipser,—
1615,Der Rasierer,der (maskulin),Rasierer,The Razor,Health & Wellness,Er benutzt einen elektrischen Rasierer.,He uses an electric razor.,Rasierer,—
1616,Die Bürste,die (feminin),Bürste,The Brush,Health & Wellness,"Ich benutze eine Bürste, um meine Haare zu kämmen.",I use a brush to comb my hair.,Bürsten,Bürste
1617,Die Hautcreme,die (feminin),Hautcreme,The Skin Cream,Health & Wellness,Ich trage jeden Morgen Hautcreme auf.,I apply skin cream every morning.,Hautcremes,Hautcreme
1618,Die Nagelfeile,die (feminin),Nagelfeile,The Nail File,Health & Wellness,"Tina benutzt eine Nagelfeile, um ihre Nägel zu glätten.",Tina uses a nail file to smooth her nails.,Nagelfeilen,Nagelfeile
1619,Die Schere,die (feminin),Schere,The Scissors,Health & Wellness,Ich habe die Schere in der Schublade gefunden.,I found the scissors in the drawer.,Scheren,Schere
1620,Die Seife,die (feminin),Seife,The Soap,Health & Wellness,Die Seife liegt auf dem Waschbecken.,The soap is on the sink.,Seifen,—
1621,Die Sonnencreme,die (feminin),Sonnencreme,The Sunscreen,Health & Wellness,"Vergiss nicht, Sonnencreme aufzutragen.",Don’t forget to apply sunscreen.,Sonnencremes,—
1622,Die Zahnbürste,die (feminin),Zahnbürste,The Toothbrush,Health & Wellness,Jede Zahnbürste hat eine andere Farbe.,Each toothbrush has a different color.,Zahnbürsten,—
1623,Die Zahnpasta,die (feminin),Zahnpasta,The Toothpaste,Health & Wellness,Ich brauche neue Zahnpasta.,I need new toothpaste.,—,—
1624,Abergläubisch,adjektiv,Abergläubisch,Superstitious,Emotions & Personality,Viele Sportler sind abergläubisch.,Many athletes are superstitious.,—,—
1625,Aggressiv,adjektiv,Aggressiv,Aggressive,Emotions & Personality,Der Hund ist aggressiv.,The dog is aggressive.,—,—
1626,Angenehm,adjektiv,Angenehm,Pleasant,Emotions & Personality,Das Wetter ist angenehm.,The weather is pleasant.,—,—
1627,Anhänglich,adjektiv,Anhänglich,Clinging,Emotions & Personality,Der Hund ist sehr anhänglich.,The dog is very affectionate.,—,—
1628,Anziehend,adjektiv,Anziehend,Attractive,Emotions & Personality,Sie findet ihn anziehend.,She finds him attractive.,—,—
1629,Arrogant,adjektiv,Arrogant,Arrogant,Emotions & Personality,Sein Verhalten ist arrogant.,His behavior is arrogant.,—,—
1630,Aufmerksam,adjektiv,Aufmerksam,Attentive,Emotions & Personality,Die Schüler hören aufmerksam zu.,The students listen attentively.,—,—
1631,Ausdauernd,adjektiv,Ausdauernd,Persistent,Emotions & Personality,Man muss ausdauernd sein.,One has to be persevering.,—,—
1632,Bescheiden,adjektiv,Bescheiden,Modest,Emotions & Personality,"Er ist reich, aber bescheiden.","He is rich, but modest.",—,—
1633,Bezaubernd,adjektiv,Bezaubernd,Charming,Emotions & Personality,Sie hat ein bezauberndes Lächeln.,She has an enchanting smile.,—,—
1634,Cholerisch,adjektiv,Cholerisch,Choleric,Emotions & Personality,Mein Chef ist cholerisch.,My boss is choleric.,—,—
1635,Diszipliniert,adjektiv,Diszipliniert,Disciplined,Emotions & Personality,Der Sportler ist sehr diszipliniert.,The athlete is very disciplined.,—,—
1636,Dumm,adjektiv,Dumm,Stupid,Emotions & Personality,Das war ein dummer Fehler.,That was a stupid mistake.,—,—
1637,Dynamisch,adjektiv,Dynamisch,Dynamic,Emotions & Personality,Das Team ist jung und dynamisch.,The team is young and dynamic.,—,—
1638,Egoistisch,adjektiv,Egoistisch,Selfish,Emotions & Personality,Das ist egoistisch.,That is selfish.,—,—
1639,Ehrgeizig,adjektiv,Ehrgeizig,Ambitious,Emotions & Personality,Sie ist sehr ehrgeizig.,She is very ambitious.,—,—
1640,Ehrlich,adjektiv,Ehrlich,Honest,Emotions & Personality,Bitte sei ehrlich zu mir.,Please be honest with me.,—,—
1641,Eifrig,adjektiv,Eifrig,Eager,Emotions & Personality,Der Schüler lernt eifrig.,The student learns eagerly.,—,—
1642,Einfühlsam,adjektiv,Einfühlsam,Empathetic,Emotions & Personality,Sie ist sehr einfühlsam.,She is very empathetic.,—,—
1643,Eingebildet,adjektiv,Eingebildet,Conceited,Emotions & Personality,Sie ist sehr eingebildet.,She is very conceited.,—,—
1644,Entschlossen,adjektiv,Entschlossen,Determined,Emotions & Personality,Er ist fest entschlossen.,He is firmly determined.,—,—
1645,Fair,adjektiv,Fair,Fair,Emotions & Personality,Das Spiel war fair.,The game was fair.,—,—
1646,Faul,adjektiv,Faul,Lazy,Emotions & Personality,Der Schüler ist faul.,The student is lazy.,—,—
1647,Fleißig,adjektiv,Fleißig,Diligent,Emotions & Personality,Er arbeitet fleißig.,He works diligently.,—,—
1648,Gebildet,adjektiv,Gebildet,Educated,Emotions & Personality,Sie ist eine gebildete Frau.,She is an educated woman.,—,—
1649,Geduldig,adjektiv,Geduldig,Patient,Emotions & Personality,Du musst geduldig sein.,You have to be patient.,—,—
1650,Geizig,adjektiv,Geizig,Stingy,Emotions & Personality,"Er ist reich, aber geizig.",He is rich but stingy.,—,—
1651,Geschickt,adjektiv,Geschickt,Skilled,Emotions & Personality,Er ist handwerklich geschickt.,He is skillful with his hands.,—,—
1652,Gierig,adjektiv,Gierig,Greedy,Emotions & Personality,Er isst gierig.,He eats greedily.,—,—
1653,Großzügig,adjektiv,Großzügig,Generous,Emotions & Personality,Sie ist sehr großzügig.,She is very generous.,—,—
1654,Hartnäckig,adjektiv,Hartnäckig,Stubborn,Emotions & Personality,Er ist sehr hartnäckig.,He is very stubborn.,—,—
1655,Hilfsbereit,adjektiv,Hilfsbereit,Helpful,Emotions & Personality,Meine Nachbarn sind hilfsbereit.,My neighbors are helpful.,—,—
1656,Hinterhältig,adjektiv,Hinterhältig,Devious,Emotions & Personality,Das war ein hinterhältiger Angriff.,That was a sneaky attack.,—,—
1657,Höflich,adjektiv,Höflich,Polite,Emotions & Personality,Sei höflich zu den Gästen.,Be polite to the guests.,—,—
1658,Humorvoll,adjektiv,Humorvoll,Humorous,Emotions & Personality,Er ist ein humorvoller Mensch.,He is a humorous person.,—,—
1659,Idealistisch,adjektiv,Idealistisch,Idealistic,Emotions & Personality,Sie hat idealistische Vorstellungen.,She has idealistic ideas.,—,—
1660,Intelligent,adjektiv,Intelligent,Intelligent,Emotions & Personality,Er ist hoch intelligent.,He is highly intelligent.,—,—
1661,Komisch,adjektiv,Komisch,Strange,Emotions & Personality,Der Film war komisch.,The movie was funny.,—,—
1662,Kommunikativ,adjektiv,Kommunikativ,Communicative,Emotions & Personality,Sie ist sehr kommunikativ.,She is very communicative.,—,—
1663,Kompetent,adjektiv,Kompetent,Competent,Emotions & Personality,Der Arzt ist sehr kompetent.,The doctor is very competent.,—,—
1664,Kompliziert,adjektiv,Kompliziert,Complicated,Emotions & Personality,Die Aufgabe ist kompliziert.,The task is complicated.,—,—
1665,Konsequent,adjektiv,Konsequent,Consequent,Emotions & Personality,Er handelt sehr konsequent.,He acts very consistently.,—,—
1666,Kreativ,adjektiv,Kreativ,Creative,Emotions & Personality,Meine Schwester ist kreativ.,My sister is creative.,—,—
1667,Launisch,adjektiv,Launisch,Moody,Emotions & Personality,Das Wetter ist im April launisch.,The weather is moody in April.,—,—
1668,Loyal,adjektiv,Loyal,Loyal,Emotions & Personality,Ein guter Freund ist loyal.,A good friend is loyal.,—,—
1669,Misstrauisch,adjektiv,Misstrauisch,Distrustful,Emotions & Personality,Ich bin etwas misstrauisch.,I am a bit suspicious.,—,—
1670,Moralisch,adjektiv,Moralisch,Ethical,Emotions & Personality,Das ist eine moralische Frage.,That is a moral question.,—,—
1671,Motiviert,adjektiv,Motiviert,Motivated,Emotions & Personality,Die Schüler sind motiviert.,The students are motivated.,—,—
1672,Mutig,adjektiv,Mutig,Brave,Emotions & Personality,Der Feuerwehrmann ist mutig.,The firefighter is brave.,—,—
1673,Neugierig,adjektiv,Neugierig,Curious,Emotions & Personality,Ich bin neugierig auf das Geschenk.,I am curious about the gift.,—,—
1674,Optimistisch,adjektiv,Optimistisch,Optimistic,Emotions & Personality,Ich bin optimistisch für die Zukunft.,I am optimistic about the future.,—,—
1675,Pessimistisch,adjektiv,Pessimistisch,Pessimistic,Emotions & Personality,Er sieht alles pessimistisch.,He sees everything pessimistically.,—,—
1676,Pünktlich,adjektiv,Pünktlich,Punctual,Emotions & Personality,Der Zug ist pünktlich.,The train is on time.,—,—
1677,Realistisch,adjektiv,Realistisch,Realistic,Emotions & Personality,Das ist ein realistisches Ziel.,That is a realistic goal.,—,—
1678,Redegewandt,adjektiv,Redegewandt,Eloquent,Emotions & Personality,Der Politiker ist redegewandt.,The politician is eloquent.,—,—
1679,Romantisch,adjektiv,Romantisch,Romantic,Emotions & Personality,Der Film war sehr romantisch.,The movie was very romantic.,—,—
1680,Ruhig,adjektiv,Ruhig,Calm,Emotions & Personality,Das Meer ist heute ruhig.,The sea is calm today.,—,—
1681,Sarkastisch,adjektiv,Sarkastisch,Sarcastic,Emotions & Personality,Seine Bemerkung war sarkastisch.,His remark was sarcastic.,—,—
1682,Selbstbewusst,adjektiv,Selbstbewusst,Self-Confident,Emotions & Personality,Sie tritt selbstbewusst auf.,She acts confidently.,—,—
1683,Selbstlos,adjektiv,Selbstlos,Unselfish,Emotions & Personality,Ihre Hilfe war selbstlos.,Her help was selfless.,—,—
1684,Seltsam,adjektiv,Seltsam,Strange,Emotions & Personality,Das ist eine seltsame Geschichte.,That is a strange story.,—,—
1685,Sonderbar,adjektiv,Sonderbar,Weird,Emotions & Personality,Sein Verhalten ist sonderbar.,His behavior is strange.,—,—
1686,Sorgfältig,adjektiv,Sorgfältig,Thorough,Emotions & Personality,Bitte arbeite sorgfältig.,Please work carefully.,—,—
1687,Spontan,adjektiv,Spontan,Spontaneous,Emotions & Personality,Wir haben spontan entschieden.,We decided spontaneously.,—,—
1688,Stur,adjektiv,Stur,Stubborn,Emotions & Personality,Der Esel ist stur.,The donkey is stubborn.,—,—
1689,Sympathisch,adjektiv,Sympathisch,Likeable,Emotions & Personality,Sie ist mir sehr sympathisch.,I find her very likeable.,—,—
1690,Tolerant,adjektiv,Tolerant,Tolerant,Emotions & Personality,Er ist sehr tolerant.,He is very tolerant.,—,—
1691,Treu,adjektiv,Treu,Faithful,Emotions & Personality,Der Hund ist ein treuer Freund.,The dog is a loyal friend.,—,—
1692,Überheblich,adjektiv,Überheblich,Arrogant,Emotions & Personality,Sein Ton war überheblich.,His tone was arrogant.,—,—
1693,Undankbar,adjektiv,Undankbar,Ungrateful,Emotions & Personality,Sei nicht undankbar.,Don't be ungrateful.,—,—
1694,Ungeduldig,adjektiv,Ungeduldig,Impatient,Emotions & Personality,Werde nicht ungeduldig.,Don't get impatient.,—,—
1695,Ungerecht,adjektiv,Ungerecht,Unfair,Emotions & Personality,Das ist ungerecht.,That is unfair.,—,—
1696,Verantwortungslos,adjektiv,Verantwortungslos,Irresponsible,Emotions & Personality,Das ist verantwortungslos.,That is irresponsible.,—,—
1697,Verantwortungsvoll,adjektiv,Verantwortungsvoll,Responsible,Emotions & Personality,Das ist eine verantwortungsvolle Aufgabe.,That is a responsible task.,—,—
1698,Vergesslich,adjektiv,Vergesslich,Oblivious,Emotions & Personality,Mein Opa wird vergesslich.,My grandpa is getting forgetful.,—,—
1699,Vernünftig,adjektiv,Vernünftig,Reasonable,Emotions & Personality,Sei bitte vernünftig.,Please be reasonable.,—,—
1700,Verrückt,adjektiv,Verrückt,Crazy,Emotions & Personality,Diese Idee ist verrückt.,This idea is crazy.,—,—
1701,Verständnisvoll,adjektiv,Verständnisvoll,Understanding,Emotions & Personality,Der Lehrer war verständnisvoll.,The teacher was understanding.,—,—
1702,Vertrauensvoll,adjektiv,Vertrauensvoll,Trustful,Emotions & Personality,Er schaute mich vertrauensvoll an.,He looked at me trustingly.,—,—
1703,Vertrauenswürdig,adjektiv,Vertrauenswürdig,Trustworthy,Emotions & Personality,Er ist sehr vertrauenswürdig.,He is very trustworthy.,—,—
1704,Vorsichtig,adjektiv,Vorsichtig,Careful,Emotions & Personality,Sei vorsichtig im Verkehr.,Be careful in traffic.,—,—
1705,Wissbegierig,adjektiv,Wissbegierig,Eager For Knowledge,Emotions & Personality,Das Kind ist sehr wissbegierig.,The child is very eager to learn.,—,—
1706,Witzig,adjektiv,Witzig,Funny,Emotions & Personality,Der Witz war sehr witzig.,The joke was very funny.,—,—
1707,Zickig,adjektiv,Zickig,Touchy,Emotions & Personality,Sie ist manchmal zickig.,She is sometimes bitchy.,—,—
1708,Zuverlässig,adjektiv,Zuverlässig,Reliable,Emotions & Personality,Mein Auto ist zuverlässig.,My car is reliable.,—,—
1709,Natürlich,adjektiv/Adverb,Natürlich,Natural,Emotions & Personality,Das ist völlig natürlich.,That is completely natural.,—,—
1710,Erfahren,adjektiv/Verb,Erfahren,Experienced,Emotions & Personality,Der Pilot ist sehr erfahren.,The pilot is very experienced.,—,—
1711,Aberglaube,der (maskulin),Aberglaube,Superstition,Emotions & Personality,"Der schwarze Kater bringt Unglück, das ist reiner Aberglaube.",The black cat brings bad luck; that is pure superstition.,—,—
1712,Charakter,der (maskulin),Charakter,Character,Emotions & Personality,Er hat einen sehr freundlichen Charakter.,He has a very friendly character.,Charaktere,—
1713,Ernst,der (maskulin)/adjektiv,Ernst,Serious,Emotions & Personality,Die Lage ist ernst.,The situation is serious.,—,—
1714,Weise,die (feminin),Weise,Wise,Emotions & Personality,Der alte Mann ist weise.,The old man is wise.,Weisen,—
1715,Zielstrebig,adjektiv,Zielstrebig,Determined,Emotions & Personality,Sie ist sehr zielstrebig und gibt nie auf.,She is very determined and never gives up.,—,—
1716,Das Interesse,das (neutrum),Interesse,The Interest,Emotions & Personality,Er zeigt großes Interesse an Kunst.,He shows great interest in art.,Interessen,—
1717,Das Ziel,das (neutrum),Ziel,The Goal,Emotions & Personality,"Unser Ziel ist es, die Prüfung zu bestehen.",Our goal is to pass the exam.,Ziele,—
1718,Der Beruf,der (maskulin),Beruf,The Profession,Emotions & Personality,"Mein Traumberuf ist es, Arzt zu werden.",My dream profession is to be a doctor.,Berufe,—
1719,Der Plan,der (maskulin),Plan,The Plan,Emotions & Personality,"Mein Plan ist es, ein eigenes Geschäft zu eröffnen.",My plan is to open my own business.,Pläne,—
1720,Der Traum,der (maskulin),Traum,The Dream,Emotions & Personality,"Es ist mein Traum, einmal um die Welt zu reisen.",It’s my dream to travel around the world.,Träume,—
1721,Der Wunsch,der (maskulin),Wunsch,The Wish,Emotions & Personality,Toms größter Wunsch ist eine gute Gesundheit.,Tom’s greatest wish is good health.,Wünsche,—
1722,Die Absicht,die (feminin),Absicht,The Intention,Emotions & Personality,"Sie hat die Absicht, ein Haus zu kaufen.",She has the intention to buy a house.,Absichten,Absicht
1723,Die Chance,die (feminin),Chance,The Chance,Emotions & Personality,"Das ist meine Chance, eine schöne Reise zu machen.",This is my chance to take a nice trip.,Chancen,Chance
1724,Abnehmen,Verb,Abnehmen,To Lose Weight,Emotions & Personality,Ich möchte bis zum Sommer fünf Kilo abnehmen.,I want to lose five kilos by summer.,—,—
1725,Anfangen,Verb,Anfangen,"To Begin, To Start",Emotions & Personality,Er fängt nächste Woche einen neuen Job an.,He is starting a new job next week.,—,—
1726,Entscheiden,Verb,Entscheiden,To Decide,Emotions & Personality,"Tom kann sich nicht entscheiden, welches Auto er kaufen soll.",Tom can’t decide which car to buy.,—,—
1727,Erreichen,Verb,Erreichen,To Achieve,Emotions & Personality,Sie hat ihr Ziel erreicht.,She has achieved her goal.,—,—
1728,Hoffen,Verb,Hoffen,To Hope,Emotions & Personality,Wir hoffen auf gutes Wetter.,We are hoping for good weather.,—,—
1729,Schaffen,Verb,Schaffen,"To Manage, To Accomplish",Emotions & Personality,"Wenn wir zusammenarbeiten, schaffen wir es.","If we work together, we’ll manage it.",—,—
1730,Träumen,Verb,Träumen,To Dream,Emotions & Personality,"Er träumt davon, ein Buch zu schreiben.",He dreams of writing a book.,—,—
1731,Verlieren,Verb,Verlieren,To Lose,Emotions & Personality,Sie will keine Zeit verlieren.,She doesn’t want to waste any time.,—,—
1732,Versuchen,Verb,Versuchen,"To Try, To Attempt",Emotions & Personality,"Sie versucht, jeden Tag zu joggen.",She tries to jog every day.,—,—
1733,Wünschen,Verb,Wünschen,To Wish,Emotions & Personality,Er wünscht sich ein neues Fahrrad.,He wishes for a new bicycle.,—,—
1734,Überlegen,Verb/adjektiv,Überlegen,To Consider,Emotions & Personality,Tim muss sich das Angebot noch einmal überlegen.,Tim has to reconsider the offer.,—,—
1735,Vorhaben,Verb/Nomen,Vorhaben,"To Intend, To Plan",Emotions & Personality,Was hast du am Wochenende vor?,What are you planning for the weekend?,—,—
1736,Das Gesetz,das (neutrum),Gesetz,The Law,"Society, Politics & Legal",Das neue Gesetz tritt nächstes Jahr in Kraft.,The new law comes into effect next year.,Gesetze,—
1737,Das Kabinett,das (neutrum),Kabinett,The Cabinet,"Society, Politics & Legal",Das Kabinett berät über die Krise.,The cabinet is discussing the crisis.,Kabinette,—
1738,Das Parlament,das (neutrum),Parlament,The Parliament,"Society, Politics & Legal",Das Parlament stimmt über den Vorschlag ab.,The parliament is voting on the proposal.,Parlament,—
1739,Das Referendum,das (neutrum),Referendum,The Referendum,"Society, Politics & Legal",Das Referendum entscheidet über wichtige Fragen.,The referendum decides on important issues.,Referenden,—
1740,Der Bundestag,der (maskulin),Bundestag,The Federal Parliament,"Society, Politics & Legal",Der Bundestag debattiert über den Haushalt.,The federal parliament is debating the budget.,Bundestage,—
1741,Der Kanzler,der (maskulin),Kanzler,The Chancellor (Male/Female),"Society, Politics & Legal",Die Kanzlerin hält eine Rede.,The chancellor is giving a speech.,Kanzler,Kanzlerin
1742,Der Minister,der (maskulin),Minister,The Minister (Male/Female),"Society, Politics & Legal",Der Minister trifft sich mit internationalen Vertretern.,The minister is meeting with international representatives.,Minister,Ministerin
1743,Der Präsident,der (maskulin),Präsident,The President (Male/Female),"Society, Politics & Legal",Der Präsident wurde wiedergewählt.,The president was re-elected.,Präsidenten,Präsidentin
1744,Der Regierungschef,der (maskulin),Regierungschef,The Head Of Government (Male/Female),"Society, Politics & Legal",Der Regierungschef reist nach Berlin.,The head of government is traveling to Berlin.,Regierungschefs,Regierungschefin
1745,Der Wähler,der (maskulin),Wähler,The Voter (Male/Female),"Society, Politics & Legal",Die Wähler entscheiden über die Zukunft des Landes.,The voters decide the country’s future.,Wähler,—
1746,Der Wahlkampf,der (maskulin),Wahlkampf,The Election Campaign,"Society, Politics & Legal",Der Wahlkampf ist sehr intensiv.,The election campaign is very intense.,—,—
1747,Der Widerstand,der (maskulin),Widerstand,The Resistance,"Society, Politics & Legal",Es gibt Widerstand gegen die neuen Maßnahmen.,There is resistance against the new measures.,—,—
1748,Der Abgeordnete,der/die (maskulin/feminin),Abgeordnete,The Member Of Parliament,"Society, Politics & Legal",Der Abgeordnete sprach im Parlament über das neue Gesetz.,The member of parliament spoke about the new law.,Abgeordnete,Abgeordnete
1749,Die Abstimmung,die (feminin),Abstimmung,The Vote,"Society, Politics & Legal",Die Abstimmung findet nächste Woche statt.,The vote will take place next week.,Abstimmungen,Abstimmung
1750,Die Außenpolitik,die (feminin),Außenpolitik,The Foreign Policy,"Society, Politics & Legal",Die Außenpolitik des Landes hat sich verändert.,The country’s foreign policy has changed.,—,Außenpolitik
1751,Die Demokratie,die (feminin),Demokratie,The Democracy,"Society, Politics & Legal",Die Demokratie ist ein wichtiges Gut.,Democracy is an important asset.,Demokratien,Demokratie
1752,Die Diktatur,die (feminin),Diktatur,The Dictatorship,"Society, Politics & Legal",In einer Diktatur gibt es keine freien Wahlen.,"In a dictatorship, there are no free elections.",Diktaturen,Diktatur
1753,Die Diplomatie,die (feminin),Diplomatie,The Diplomacy,"Society, Politics & Legal",Diplomatie ist entscheidend für internationale Beziehungen.,Diplomacy is crucial for international relations.,—,Diplomatie
1754,Die Eu (Europäische Union),die (feminin),EU (Europäische Union),The European Union,"Society, Politics & Legal",Deutschland ist Mitglied der EU.,Germany is a member of the EU.,—,—
1755,Die Freiheit,die (feminin),Freiheit,The Freedom,"Society, Politics & Legal",Die Freiheit der Presse ist wichtig.,Freedom of the press is important.,Freiheiten,Freiheit
1756,Die Gleichberechtigung,die (feminin),Gleichberechtigung,The Equality,"Society, Politics & Legal",Gleichberechtigung ist ein Ziel der Regierung.,Equality is a goal of the government.,—,Gleichberechtigung
1757,Die Innenpolitik,die (feminin),Innenpolitik,The Domestic Policy,"Society, Politics & Legal",Die Innenpolitik konzentriert sich auf soziale Themen.,Domestic policy focuses on social issues.,—,Innenpolitik
1758,Die Kampagne,die (feminin),Kampagne,The Campaign,"Society, Politics & Legal",Die Kampagne zur Wahl ist in vollem Gange.,The election campaign is in full swing.,Kampagnen,Kampagne
1759,Die Koalition,die (feminin),Koalition,The Coalition,"Society, Politics & Legal",Die Parteien bilden eine Koalition.,The parties are forming a coalition.,Koalitionen,Koalition
1760,Die Partei,die (feminin),Partei,The Party,"Society, Politics & Legal",Die Partei hat ein neues Programm vorgestellt.,The party has introduced a new program.,Parteien,Partei
1761,Die Reform,die (feminin),Reform,The Reform,"Society, Politics & Legal",Die Reform soll das Bildungssystem verbessern.,The reform aims to improve the education system.,Reformen,Reform
1762,Die Staatsangehörigkeit,die (feminin),Staatsangehörigkeit,The Nationality,"Society, Politics & Legal",Er hat die deutsche Staatsangehörigkeit beantragt.,He has applied for German nationality.,—,—
1763,Die Stimme,die (feminin),Stimme,The Vote (Individual),"Society, Politics & Legal",Jede Stimme zählt bei der Wahl.,Every vote counts in the election.,Stimmen,—
1764,Die Verfassung,die (feminin),Verfassung,The Constitution,"Society, Politics & Legal",Die Verfassung garantiert Grundrechte.,The constitution guarantees fundamental rights.,Verfassungen,—
1765,Die Wahl,die (feminin),Wahl,The Election,"Society, Politics & Legal",Die Wahl findet alle vier Jahre statt.,The election takes place every four years.,Wahlen,—
1766,Die Wahlurne,die (feminin),Wahlurne,The Ballot Box,"Society, Politics & Legal",Die Bürger werfen ihre Stimmzettel in die Wahlurne.,The citizens cast their ballots into the ballot box.,Wahlurnen,—
1767,Der Architekt,der (maskulin),Architekt,Architect,Work & Career,Die Architektin entwirft ein neues Gebäude.,The architect is designing a new building.,Architekten,Architektin
1768,Der Bäcker,der (maskulin),Bäcker,Baker,Work & Career,Der Bäcker backt frisches Brot jeden Morgen.,The baker bakes fresh bread every morning.,Bäcker,Bäckerin
1769,Der Bauer,der (maskulin),Bauer,Farmer,Work & Career,Die Bäuerin arbeitet auf dem Feld.,The farmer works in the field.,Bauern,Bäuerin
1770,Der Fotograf,der (maskulin),Fotograf,Photographer,Work & Career,Die Fotografin macht schöne Bilder von der Natur.,The photographer takes beautiful pictures of nature.,Fotografen,Fotografin
1771,Der Friseur,der (maskulin),Friseur,Hairdresser,Work & Career,Ich habe morgen einen Termin beim Friseur.,I have an appointment at the hairdresser’s tomorrow.,Friseure,Friseurin
1772,Der Ingenieur,der (maskulin),Ingenieur,Engineer,Work & Career,Der Ingenieur entwickelt neue Technologien.,The engineer develops new technologies.,Ingenieure,Ingenieurin
1773,Der Journalist,der (maskulin),Journalist,Journalist,Work & Career,Die Journalistin schreibt einen Artikel für die Zeitung.,The journalist is writing an article for the newspaper.,Journalisten,Journalistin
1774,Der Kellner,der (maskulin),Kellner,Waiter/Waitress,Work & Career,Der Kellner bringt das Essen zum Tisch.,The waiter brings the food to the table.,Kellner,Kellnerin
1775,Der Koch,der (maskulin),Koch,Cook/Chef,Work & Career,Die Köchin bereitet ein leckeres Abendessen zu.,The cook is preparing a delicious dinner.,Köche,Köchin
1776,Der Lehrer,der (maskulin),Lehrer,Teacher,Work & Career,Der Lehrer erklärt die Grammatik.,The teacher explains the grammar.,Lehrer,Lehrerin
1777,Der Maler,der (maskulin),Maler,Painter,Work & Career,Die Malerin malt ein wunderschönes Landschaftsbild.,The painter is painting a beautiful landscape.,Maler,Malerin
1778,Der Mechaniker,der (maskulin),Mechaniker,Mechanic,Work & Career,Der Mechaniker repariert das Auto.,The mechanic is repairing the car.,Mechaniker,Mechanikerin
1779,Der Musiker,der (maskulin),Musiker,Musician,Work & Career,Die Musikerin spielt Geige im Orchester.,The musician plays violin in the orchestra.,Musiker,Musikerin
1780,Der Polizist,der (maskulin),Polizist,Police Officer,Work & Career,Der Polizist hilft den Leuten.,The police officer helps people.,Polizisten,Polizistin
1781,Der Rechtsanwalt,der (maskulin),Rechtsanwalt,Lawyer,Work & Career,Die Rechtsanwältin vertritt ihre Mandanten vor Gericht.,The lawyer represents her clients in court.,Rechtsanwälte,Anwältin
1782,Der Schriftsteller,der (maskulin),Schriftsteller,Writer,Work & Career,Der Schriftsteller arbeitet an seinem neuen Buch.,The writer is working on his new book.,Schriftsteller,Schriftstellerin
1783,Der Schüler,der (maskulin),Schüler,Student (School),Work & Career,Die Schülerin lernt für die Prüfung.,The student is studying for the exam.,Schüler,Schülerin
1784,Der Soldat,der (maskulin),Soldat,Soldier,Work & Career,Der Soldat dient in der Armee.,The soldier serves in the army.,Soldaten,—
1785,Der Taxifahrer,der (maskulin),Taxifahrer,Taxi Driver,Work & Career,Die Taxifahrerin kennt alle Straßen der Stadt.,The taxi driver knows all the streets in the city.,Taxifahrer,—
1786,Der Verkäufer,der (maskulin),Verkäufer,Salesperson,Work & Career,Der Verkäufer hilft den Kunden im Geschäft.,The salesperson assists customers in the store.,Verkäufer,—
1787,Der Zahnarzt,der (maskulin),Zahnarzt,Dentist,Work & Career,Die Zahnärztin untersucht meine Zähne.,The dentist is examining my teeth.,Zahnärzte,—
1788,Der Zimmermann,der (maskulin),Zimmermann,Carpenter,Work & Career,Der Zimmermann baut ein neues Haus.,The carpenter is building a new house.,Zimmerleute,—
1789,Der Beamte,der/die (maskulin/feminin),Beamte,Civil Servant,Work & Career,Der Beamte bearbeitet die Anträge im Rathaus.,The civil servant processes applications at the town hall.,Beamte,Beamtin
1790,Das Erdgeschoss,das (neutrum),Erdgeschoss,The Ground Floor,Home & Living,Die Wohnung befindet sich im Erdgeschoss.,The apartment is located on the ground floor.,Erdgeschosse,—
1791,Das Obergeschoss,das (neutrum),Obergeschoss,The Upper Floor,Home & Living,Die Wohnung liegt im Obergeschoss.,The apartment is on the upper floor.,Obergeschosse,—
1792,Das Parkett,das (neutrum),Parkett,The Parquet Flooring,Home & Living,Das Wohnzimmer hat einen schönen Parkettboden.,The living room has beautiful parquet flooring.,—,—
1793,Der Baujahr,das (neutrum),Baujahr,The Year Of Construction,Home & Living,Das Gebäude wurde im Baujahr 1995 errichtet.,The building was constructed in 1995.,Baujahre,—
1794,Der Makler,der (maskulin),Makler,The Real Estate Agent,Home & Living,Der Makler zeigte uns mehrere Wohnungen.,The real estate agent showed us several apartments.,Makler,Maklerin
1795,Der Quadratmeter,der (maskulin),Quadratmeter,The Square Meter,Home & Living,Die Wohnung ist 60 Quadratmeter groß.,The apartment is 60 square meters in size.,Quadratmeter,—
1796,Der Stellplatz,der (maskulin),Stellplatz,The Parking Space,Home & Living,Ein Stellplatz ist für 50 Euro pro Monat verfügbar.,A parking space is available for 50 euros per month.,Stellplätze,—
1797,Die Ablöse,die (feminin),Ablöse,The Transfer Fee,Home & Living,Die Ablöse für die Küche beträgt 500 Euro.,The transfer fee for the kitchen is 500 euros.,Ablösen,Ablöse
1798,Die Ausstattung,die (feminin),Ausstattung,The Furnishings,Home & Living,Die Wohnung hat eine hochwertige Ausstattung.,The apartment has high-quality furnishings.,—,Ausstattung
1799,Die Einbauküche,die (feminin),Einbauküche,The Fitted Kitchen,Home & Living,In der Einbauküche gibt es alle notwendigen Geräte.,The fitted kitchen has all the necessary appliances.,Einbauküchen,Einbauküche
1800,Die Einrichtung,die (feminin),Einrichtung,The Furnishings,Home & Living,Die Einrichtung der Wohnung ist modern und funktional,The furnishing of the apartment is modern and functional,Einrichtungen,Einrichtung
1801,Die Hausordnung,die (feminin),Hausordnung,The House Rules,Home & Living,Die Hausordnung schreibt Ruhezeiten vor.,The house rules set quiet hours.,Hausordnungen,Hausordnung
1802,Die Kaltmiete,die (feminin),Kaltmiete,The Base Rent,Home & Living,Die Kaltmiete beträgt 800 Euro im Monat.,The base rent is 800 euros per month.,—,Kaltmiete
1803,Die Kaution,die (feminin),Kaution,The Security Deposit,Home & Living,Die Kaution muss vor Einzug bezahlt werden.,The security deposit must be paid before moving in.,Kauttionen,Kaution
1804,Die Schufa-Auskunft,die (feminin),Schufa-Auskunft,The Credit Report,Home & Living,Die Schufa-Auskunft ist für den Mietvertrag erforderlich.,The credit report is required for the rental contract.,—,—
1805,Die Untermiete,die (feminin),Untermiete,The Sublease,Home & Living,Wir haben die Wohnung zur Untermiete angemietet.,We rented the apartment as a sublease.,—,—
1806,Die Warmmiete,die (feminin),Warmmiete,The All-Inclusive Rent,Home & Living,Die Warmmiete umfasst alle Nebenkosten.,The all-inclusive rent covers all additional costs.,—,—
1807,Die Wohngemeinschaft (Wg),die (feminin),Wohngemeinschaft (Wg),The Shared Apartment,Home & Living,In unserer Wohngemeinschaft wohnen vier Personen.,Four people live in our shared apartment.,Wohngemeinschaften,—
1808,Die Betriebskosten,Plural,Betriebskosten,The Operating Costs,Home & Living,Die Betriebskosten sind in der Warmmiete enthalten.,Operating costs are included in the all-inclusive rent.,—,—
1809,Die Nebenkosten,Plural,Nebenkosten,The Additional Costs,Home & Living,Die Nebenkosten decken Wasser und Strom ab.,Additional costs cover water and electricity.,—,—
1810,Vegetarisch,adjektiv,Vegetarisch,Vegetarian,Food & Dining,Haben Sie vegetarische Gerichte?,Do you have vegetarian dishes?,—,—
1811,Das Besteck,das (neutrum),Besteck,The Cutlery,Food & Dining,Das Besteck liegt neben dem Teller.,The cutlery is next to the plate.,— (Unzählbar),—
1812,Das Brötchen,das (neutrum),Brötchen,The Bread Roll,Food & Dining,Zum Frühstück esse ich ein Brötchen.,"For breakfast, I eat a bread roll.",Brötchen,—
1813,Das Gericht,das (neutrum),Gericht,The Dish – Meal,Food & Dining,Das heutige Spezialgericht ist Lachs.,Today’s special dish is salmon.,Gerichte,—
1814,Das Messer,das (neutrum),Messer,The Knife,Food & Dining,Das Messer ist nicht scharf genug.,The knife is not sharp enough.,Messer,—
1815,Das Trinkgeld,das (neutrum),Trinkgeld,The Tip,Food & Dining,Wir geben immer ein Trinkgeld.,We always leave a tip.,Trinkgelder,—
1816,Der Löffel,der (maskulin),Löffel,The Spoon,Food & Dining,Ich brauche einen Löffel für die Suppe.,I need a spoon for the soup.,Löffel,—
1817,Der Tisch,der (maskulin),Tisch,The Table,Food & Dining,Unser Tisch ist am Fenster.,Our table is by the window.,Tische,—
1818,Die Bedienung,die (feminin),Bedienung,The Service,Food & Dining,Die Bedienung ist heute sehr freundlich.,The service is very friendly today.,Bedienung,Bedienung
1819,Die Bestellung,die (feminin),Bestellung,The Order,Food & Dining,Unsere Bestellung ist noch nicht angekommen.,Our order hasn’t arrived yet.,Bestellungen,Bestellung
1820,Die Gabel,die (feminin),Gabel,The Fork,Food & Dining,Ich habe meine Gabel fallen gelassen.,I dropped my fork.,Gabeln,Gabel
1821,Die Kellnerin,die (feminin),Kellnerin,The Waitress,Food & Dining,Die Kellnerin nimmt unsere Bestellung auf.,The waitress is taking our order.,Kellnerinnen,Kellnerin
1822,Die Nachspeise,die (feminin),Nachspeise,The Dessert,Food & Dining,Möchten Sie eine Nachspeise bestellen?,Would you like to order a dessert?,Nachspeisen,Nachspeise
1823,Die Speisekarte,die (feminin),Speisekarte,The Menu,Food & Dining,Könnten wir bitte die Speisekarte haben?,Could we please have the menu?,Speisekarten,—
1824,Die Vorspeise,die (feminin),Vorspeise,The Appetizer,Food & Dining,Als Vorspeise nehme ich die Suppe.,"For the appetizer, I’ll have the soup.",Vorspeisen,—
1825,Abholen,Verb,Abholen,To Pick Up – Takeaway,Food & Dining,Ich werde das Essen abholen.,I will pick up the food.,—,—
1826,Bestellen,Verb,Bestellen,To Order,Food & Dining,Wir möchten zwei Pizzen bestellen.,We would like to order two pizzas.,—,—
1827,Reservieren,Verb,Reservieren,To Reserve,Food & Dining,Wir möchten einen Tisch für vier Personen reservieren.,We would like to reserve a table for four people.,—,—
1828,Warten,Verb,Warten,To Wait,Food & Dining,Wir müssen auf einen freien Tisch warten.,We have to wait for a free table.,—,—
1829,Reduziert,adjektiv,Reduziert,Reduced,Shopping & Fashion,Die Schuhe sind um 50% reduziert.,The shoes are reduced by 50%.,—,—
1830,Das Bargeld,das (neutrum),Bargeld,The Cash,Shopping & Fashion,Haben Sie Bargeld oder zahlen Sie mit Karte?,Do you have cash or are you paying by card?,— (Unzählbar),—
1831,Das Geld,das (neutrum),Geld,The Money,Shopping & Fashion,Ich habe genug Geld dabei.,I have enough money with me.,—,—
1832,Das Geschäft,das (neutrum),Geschäft,The Shop,Shopping & Fashion,Das Geschäft öffnet um 9 Uhr.,The shop opens at 9 o’clock.,Geschäfte,—
1833,Das Schaufenster,das (neutrum),Schaufenster,The Shop Window,Shopping & Fashion,Die neuesten Produkte sind im Schaufenster ausgestellt.,The latest products are displayed in the shop window.,Schaufenster,—
1834,Das Sonderangebot,das (neutrum),Sonderangebot,The Special Offer,Shopping & Fashion,Heute gibt es viele Sonderangebote.,There are many special offers today.,Sonderangebote,—
1835,Der Einkaufswagen,der (maskulin),Einkaufswagen,The Shopping Cart,Shopping & Fashion,Wir brauchen einen Einkaufswagen für die Lebensmittel.,We need a shopping cart for the groceries.,Einkaufswagen,—
1836,Der Kunde,der (maskulin),Kunde,The Customer (Male/Female),Shopping & Fashion,Der Kunde sucht nach einem bestimmten Buch.,The customer is looking for a specific book.,Kunden,Kundin
1837,Der Markt,der (maskulin),Markt,The Market,Shopping & Fashion,Wir kaufen frisches Obst auf dem Markt.,We buy fresh fruit at the market.,Märkte,—
1838,Der Preis,der (maskulin),Preis,The Price,Shopping & Fashion,Der Preis ist mir zu hoch.,The price is too high for me.,Preise,—
1839,Der Rabatt,der (maskulin),Rabatt,The Discount,Shopping & Fashion,Gibt es einen Rabatt für Studenten?,Is there a discount for students?,Rabatte,—
1840,Der Laden,der (maskulin)/Verb,Laden,The Store,Shopping & Fashion,Der neue Laden hat gestern eröffnet.,The new store opened yesterday.,Läden,—
1841,Die Auswahl,die (feminin),Auswahl,The Selection,Shopping & Fashion,Der Laden hat eine große Auswahl an Schuhen.,The store has a large selection of shoes.,—,Auswahl
1842,Die Einkaufstasche,die (feminin),Einkaufstasche,The Shopping Bag,Shopping & Fashion,Vergiss nicht deine Einkaufstasche mitzubringen.,Don’t forget to bring your shopping bag.,Einkaufstaschen,Einkaufstasche
1843,Die Farbe,die (feminin),Farbe,The Color,Shopping & Fashion,Gibt es dieses Hemd in einer anderen Farbe?,Is this shirt available in a different color?,Farben,Farbe
1844,Die Größe,die (feminin),Größe,The Size,Shopping & Fashion,Welche Größe tragen Sie?,What size do you wear?,Größen,Größe
1845,Die Innenstadt,die (feminin),Innenstadt,The Downtown,Shopping & Fashion,In der Innenstadt gibt es viele Geschäfte.,There are many shops in the downtown area.,Innenstädte,Innenstadt
1846,Die Kasse,die (feminin),Kasse,The Cashier,Shopping & Fashion,Bitte zahlen Sie an der Kasse.,Please pay at the cashier.,Kassen,Kasse
1847,Die Kreditkarte,die (feminin),Kreditkarte,The Credit Card,Shopping & Fashion,Kann ich mit Kreditkarte bezahlen?,Can I pay with a credit card?,Kreditkarten,Kreditkarte
1848,Die Quittung,die (feminin),Quittung,The Receipt,Shopping & Fashion,Brauchen Sie eine Quittung?,Do you need a receipt?,Quittungen,Quittung
1849,Die Rechnung,die (feminin),Rechnung,The Bill,Shopping & Fashion,Die Rechnung bitte.,"The bill, please.",Rechnungen,Rechnung
1850,Die Tüte,die (feminin),Tüte,The Bag,Shopping & Fashion,Möchten Sie eine Tüte dazu?,Would you like a bag with that?,Tüten,—
1851,Die Ware,die (feminin),Ware,The Goods,Shopping & Fashion,Die Ware ist von hoher Qualität.,The goods are of high quality.,Waren,—
1852,Anprobieren,Verb,Anprobieren,To Try On,Shopping & Fashion,Ich möchte dieses Kleid anprobieren.,I would like to try on this dress.,—,—
1853,Bezahlen,Verb,Bezahlen,To Pay,Shopping & Fashion,Wo kann ich bezahlen?,Where can I pay?,—,—
1854,Kaufen,Verb,Kaufen,To Buy,Shopping & Fashion,Ich möchte ein Geschenk für meinen Freund kaufen.,I want to buy a gift for my friend.,—,—
1855,Umtauschen,Verb,Umtauschen,To Exchange,Shopping & Fashion,Kann ich das Hemd umtauschen?,Can I exchange this shirt?,—,—
1856,Aktiv,adjektiv,Aktiv,Active,Sports & Recreation,Sie ist sehr aktiv und treibt viel Sport.,She is very active and does a lot of sports.,—,—
1857,Anstrengend,adjektiv,Anstrengend,Exhausting,Sports & Recreation,Das Training war heute sehr anstrengend.,The training was very exhausting today.,—,—
1858,Gesund,adjektiv,Gesund,Healthy,Sports & Recreation,Eine gesunde Ernährung ist wichtig für Sportler.,A healthy diet is important for athletes.,—,—
1859,Sportlich,adjektiv,Sportlich,Athletic,Sports & Recreation,Er ist sehr sportlich und spielt Tennis.,He is very athletic and plays tennis.,—,—
1860,Das Ausdauertraining,das (neutrum),Ausdauertraining,Endurance Training,Sports & Recreation,Ich mache dreimal pro Woche Ausdauertraining.,I do endurance training three times a week.,Ausdauertrainings,—
1861,Das Training,das (neutrum),Training,Training,Sports & Recreation,Das Training beginnt um 18 Uhr.,The training starts at 6 PM.,Trainings,—
1862,Der Fitnessraum,der (maskulin),Fitnessraum,"The Gym, Fitness Room",Sports & Recreation,Der Fitnessraum ist mit modernen Geräten ausgestattet.,The gym is equipped with modern machines.,Fitnessräume,—
1863,Der Hochsprung,der (maskulin),Hochsprung,The High Jump,Sports & Recreation,Sie trainiert für den Hochsprung-Wettbewerb.,She is training for the high jump competition.,Hochsprünge,—
1864,Der Mannschaftssport,der (maskulin),Mannschaftssport,The Team Sport,Sports & Recreation,Mannschaftssport stärkt den Teamgeist.,Team sports strengthen team spirit.,—,—
1865,Der Sportler,der (maskulin),Sportler,The Athlete (Male),Sports & Recreation,Der Sportler bereitet sich auf den Wettkampf vor.,The athlete is preparing for the competition.,Sportler,—
1866,Der Sportplatz,der (maskulin),Sportplatz,The Sports Field,Sports & Recreation,Wir treffen uns um 16 Uhr auf dem Sportplatz.,We meet at 4pm on the sports field.,Sportplätze,—
1867,Der Sportverein,der (maskulin),Sportverein,The Sports Club,Sports & Recreation,Er ist Mitglied in einem Sportverein.,He is a member of a sports club.,Sportvereine,—
1868,Der Tennisschläger,der (maskulin),Tennisschläger,Tennis Racket,Sports & Recreation,Ich habe meinen Tennisschläger vergessen.,I forgot my tennis racket.,Tennisschläger,—
1869,Die Bewegung,die (feminin),Bewegung,The Movement,Sports & Recreation,Regelmäßige Bewegung ist wichtig für die Gesundheit.,Regular exercise is important for health.,Bewegungen,Bewegung
1870,Die Fußballmannschaft,die (feminin),Fußballmannschaft,The Football Team,Sports & Recreation,Unsere Fußballmannschaft hat das Spiel gewonnen.,Our football team won the game.,Fußballmannschaften,Fußballmannschaft
1871,Die Gesundheit,die (feminin),Gesundheit,Health,Sports & Recreation,Sport treiben fördert die Gesundheit.,Doing sport promotes good health.,— (Unzählbar),Gesundheit
1872,Die Kondition,die (feminin),Kondition,"The Fitness, Condition",Sports & Recreation,Er hat eine hervorragende Kondition.,He has excellent fitness.,—,Kondition
1873,Die Medaille,die (feminin),Medaille,The Medal,Sports & Recreation,Sie hat eine goldene Medaille gewonnen.,She won a gold medal.,Medaillen,Medaille
1874,Die Sportart,die (feminin),Sportart,The Type Of Sport,Sports & Recreation,Fußball ist die beliebteste Sportart in Deutschland.,Football is the most popular sport in Germany.,Sportarten,—
1875,Die Sportlerin,die (feminin),Sportlerin,The Athlete (Female),Sports & Recreation,Die Sportlerin hat einen neuen Rekord aufgestellt.,The female athlete set a new record.,Sportlerinnen,—
1876,Die Sportveranstaltung,die (feminin),Sportveranstaltung,The Sporting Event,Sports & Recreation,Die Sportveranstaltung zieht viele Zuschauer an.,The sporting event attracts many spectators.,Sportveranstaltungen,—
1877,Fußball Spielen,Phrase,Fußball Spielen,To Play Football,Sports & Recreation,"Wir treffen uns am Samstag, um Fußball zu spielen.",We are meeting on Saturday to play football.,—,—
1878,Trainieren,Verb,Trainieren,To Train,Sports & Recreation,Wir trainieren jeden Tag für den Marathon.,We train every day for the marathon.,—,—
1879,Turnen,Verb,Turnen,To Do Gymnastics,Sports & Recreation,Die Kinder turnen in der Turnhalle.,The children are doing gymnastics in the gymnasium.,—,—
1880,Werfen,Verb,Werfen,To Throw,Sports & Recreation,Er kann den Ball weit werfen.,He can throw the ball far.,—,—
1881,Boxen,Verb/Nomen,Boxen,To Box,Sports & Recreation,Seit einem Jahr lernt sie das Boxen.,She has been learning to box for a year.,—,—
1882,Belastend,adjektiv,Belastend,Burdensome,Health & Wellness,Das ständige Multitasking ist sehr belastend.,Constant multitasking is very burdensome.,—,—
1883,Gestresst,adjektiv,Gestresst,Stressed,Health & Wellness,Ich bin wegen der Deadline sehr gestresst.,I am very stressed because of the deadline.,—,—
1884,Stressig,adjektiv,Stressig,Stressful,Health & Wellness,Die Arbeit in der Notaufnahme ist sehr stressig.,Working in the emergency room is very stressful.,—,—
1885,Überlastet,adjektiv,Überlastet,Overloaded,Health & Wellness,Das Team ist mit Projekten überlastet.,The team is overloaded with projects.,—,—
1886,Das Burnout,das (neutrum),Burnout,The Burnout,Health & Wellness,Nach Jahren intensiver Arbeit erlitt er ein Burnout.,"After years of intense work, he suffered a burnout.",Burnouts,—
1887,Der Ausgleich,der (maskulin),Ausgleich,The Balance,Health & Wellness,Sport ist ein guter Ausgleich zum Arbeitsalltag.,Sports are a good balance to the workday.,—,—
1888,Der Lärm,der (maskulin),Lärm,The Noise,Health & Wellness,Der ständige Lärm verursacht Kopfschmerzen.,The constant noise causes headaches.,—,—
1889,Der Schlafmangel,der (maskulin),Schlafmangel,The Lack Of Sleep,Health & Wellness,Schlafmangel führt zu gesundheitlichen Problemen.,Lack of sleep leads to health problems.,—,—
1890,Der Stress,der (maskulin),Stress,The Stress,Health & Wellness,Zu viel Stress kann krank machen.,Too much stress can make you ill.,—,—
1891,Der Zeitdruck,der (maskulin),Zeitdruck,The Time Pressure,Health & Wellness,Unter Zeitdruck arbeiten ist oft kontraproduktiv.,Working under time pressure is often counterproductive.,—,—
1892,Die Achtsamkeit,die (feminin),Achtsamkeit,The Mindfulness,Health & Wellness,"Achtsamkeit hilft, Stress zu reduzieren.",Mindfulness helps to reduce stress.,— (Unzählbar),Achtsamkeit
1893,Die Anspannung,die (feminin),Anspannung,The Tension,Health & Wellness,Nach der Prüfung ließ die Anspannung nach.,"After the exam, the tension eased.",—,Anspannung
1894,Die Atemtechnik,die (feminin),Atemtechnik,The Breathing Technique,Health & Wellness,Mit der richtigen Atemtechnik kann man sich entspannen.,"With the right breathing technique, one can relax.",Atemtechniken,Atemtechnik
1895,Die Belastung,die (feminin),Belastung,The Burden,Health & Wellness,Die hohe Arbeitslast ist eine große Belastung.,The heavy workload is a significant burden.,Belastungen,Belastung
1896,Die Entspannung,die (feminin),Entspannung,The Relaxation,Health & Wellness,Ein warmes Bad sorgt für Entspannung.,A warm bath provides relaxation.,—,Entspannung
1897,Die Erholung,die (feminin),Erholung,The Recovery,Health & Wellness,Urlaub ist wichtig für die Erholung.,Vacation is important for recovery.,—,Erholung
1898,Die Erschöpfung,die (feminin),Erschöpfung,The Exhaustion,Health & Wellness,Nach dem Marathon fühlte sie eine tiefe Erschöpfung.,"After the marathon, she felt deep exhaustion.",—,Erschöpfung
1899,Die Hektik,die (feminin),Hektik,The Hecticness,Health & Wellness,Die Hektik der Stadt kann überwältigend sein.,The hecticness of the city can be overwhelming.,— (Unzählbar),Hektik
1900,Die Müdigkeit,die (feminin),Müdigkeit,The Tiredness,Health & Wellness,Müdigkeit beeinträchtigt die Konzentration.,Tiredness impairs concentration.,—,Müdigkeit
1901,Die Ruhe,die (feminin),Ruhe,The Calm/The Peace,Health & Wellness,Ich genieße die Ruhe am frühen Morgen.,I enjoy the calm in the early morning.,—,—
1902,Die Sorge,die (feminin),Sorge,The Worry,Health & Wellness,Ihre Sorge um die Zukunft wächst.,Her worry about the future is growing.,Sorgen,—
1903,Die Überforderung,die (feminin),Überforderung,The Overload,Health & Wellness,Überforderung am Arbeitsplatz ist ein ernstes Problem.,Overload at work is a serious issue.,—,—
1904,Die Work-Life-Balance,die (feminin),Work-Life-Balance,The Work-Life Balance,Health & Wellness,Eine gute Work-Life-Balance ist wichtig für die Gesundheit.,A good work-life balance is important for health.,—,—
1905,Bewältigen,Verb,Bewältigen,To Cope With,Health & Wellness,Wie bewältigst du deinen Stress?,How do you cope with your stress?,—,—
1906,Entspannen,Verb,Entspannen,To Relax,Health & Wellness,Am Wochenende möchte ich mich entspannen.,I want to relax on the weekend.,—,—
1907,Meditieren,Verb,Meditieren,To Meditate,Health & Wellness,Er meditiert jeden Morgen für 20 Minuten.,He meditates every morning for 20 minutes.,—,—
1908,Das Handy,das (neutrum),Handy,The Mobile Phone,Technology,Ich habe mein Handy zu Hause vergessen.,I forgot my mobile phone at home.,Handys,—
1909,Das Internet,das (neutrum),Internet,The Internet,Technology,Ich surfe gerne im Internet.,I like surfing the internet.,—,—
1910,Das Netzwerk,das (neutrum),Netzwerk,The Network,Technology,Das Netzwerk ist derzeit offline.,The network is currently offline.,Netzwerke,—
1911,Das Programm,das (neutrum),Programm,The Program,Technology,Dieses Programm ist sehr nützlich.,This program is very useful.,Programme,—
1912,Das Update,das (neutrum),Update,The Update,Technology,Ein neues Update ist verfügbar.,A new update is available.,Updates,—
1913,Der Akku,der (maskulin),Akku,The Battery,Technology,Der Akku meines Handys ist leer.,The battery of my mobile phone is empty.,Akkus,—
1914,Der Algorithmus,der (maskulin),Algorithmus,The Algorithm,Technology,Der Algorithmus sortiert die Daten automatisch.,The algorithm sorts the data automatically.,Algorithmen,—
1915,Der Roboter,der (maskulin),Roboter,The Robot,Technology,Der Roboter kann tanzen.,The robot can dance.,Roboter,—
1916,Der Router,der (maskulin),Router,The Router,Technology,Der Router muss neu gestartet werden.,The router needs to be restarted.,Router,—
1917,Der Server,der (maskulin),Server,The Server,Technology,Der Server ist überlastet.,The server is overloaded.,Server,—
1918,Der Speicher,der (maskulin),Speicher,The Storage,Technology,Der Speicher ist fast voll.,The storage is almost full.,Speicher,—
1919,Die App,die (feminin),App,The App,Technology,Ich habe eine neue App heruntergeladen.,I downloaded a new app.,Apps,App
1920,Die Datei,die (feminin),Datei,The File,Technology,Kannst du mir die Datei schicken?,Can you send me the file?,Dateien,Datei
1921,Die Hardware,die (feminin),Hardware,The Hardware,Technology,Die Hardware muss aktualisiert werden.,The hardware needs to be updated.,— (Unzählbar),Hardware
1922,Die Künstliche Intelligenz,die (feminin),Künstliche Intelligenz,The Artificial Intelligence,Technology,Künstliche Intelligenz verändert die Welt.,Artificial intelligence is changing the world.,—,—
1923,Die Sicherheit,die (feminin),Sicherheit,The Security,Technology,Sicherheit im Internet ist sehr wichtig.,Security on the internet is very important.,—,—
1924,Die Software,die (feminin),Software,The Software,Technology,Die Software wird regelmäßig aktualisiert.,The software is updated regularly.,—,—
1925,Die Technologie,die (feminin),Technologie,The Technology,Technology,Neue Technologien entwickeln sich schnell.,New technologies are developing rapidly.,Technologien,—
1926,Die Verbindung,die (feminin),Verbindung,The Connection,Technology,Die Verbindung ist sehr langsam.,The connection is very slow.,Verbindungen,—
1927,Herunterladen,Verb,Herunterladen,To Download,Technology,Ich lade das Programm gerade herunter.,I’m downloading the program right now.,—,—
1928,Hochladen,Verb,Hochladen,To Upload,Technology,Bitte laden Sie die Bilder hoch.,Please upload the pictures.,—,—
1929,Programmieren,Verb,Programmieren,To Program,Technology,"Ich lerne, wie man Apps programmiert.",I’m learning how to program apps.,—,—
1930,Speichern,Verb,Speichern,To Save,Technology,"Vergiss nicht, deine Arbeit zu speichern.",Don’t forget to save your work.,—,—
1931,Der Dienstag,der (maskulin),Dienstag,Tuesday,Time & Calendar,Dienstag ist mein Lieblingstag.,Tuesday is my favorite day.,—,—
1932,Der Donnerstag,der (maskulin),Donnerstag,Thursday,Time & Calendar,Wir treffen uns am Donnerstag.,We meet on Thursday.,—,—
1933,Der Freitag,der (maskulin),Freitag,Friday,Time & Calendar,Endlich ist Freitag!,Finally it is Friday!,—,—
1934,Der Frühling,der (maskulin),Frühling,Spring,Time & Calendar,Im Frühling blühen die Blumen.,In spring the flowers bloom.,Frühlinge,—
1935,Der Herbst,der (maskulin),Herbst,Autumn / Fall,Time & Calendar,Im Herbst fallen die Blätter.,In autumn the leaves fall.,Herbste,—
1936,Der Mittwoch,der (maskulin),Mittwoch,Wednesday,Time & Calendar,Am Mittwoch spiele ich Tennis.,On Wednesday I play tennis.,—,—
1937,Der Montag,der (maskulin),Montag,Monday,Time & Calendar,Am Montag muss ich arbeiten.,On Monday I have to work.,—,—
1938,Der Samstag,der (maskulin),Samstag,Saturday,Time & Calendar,Am Samstag gehe ich einkaufen.,On Saturday I go shopping.,—,—
1939,Der Sommer,der (maskulin),Sommer,Summer,Time & Calendar,Der Sommer ist heiß.,The summer is hot.,Sommer,—
1940,Der Sonntag,der (maskulin),Sonntag,Sunday,Time & Calendar,Am Sonntag ruhe ich mich aus.,On Sunday I rest.,—,—
1941,Der Winter,der (maskulin),Winter,Winter,Time & Calendar,Im Winter schneit es oft.,In winter it often snows.,Winter,—
1942,Das Boot,das (neutrum),Boot,The Boat,Travel & Transportation,Wir machen eine Fahrt mit dem Boot.,We are taking a ride on the boat.,Boote,—
1943,Das Fahrrad,das (neutrum),Fahrrad,The Bicycle,Travel & Transportation,Ich fahre jeden Tag mit dem Fahrrad zur Arbeit.,I ride my bicycle to work every day.,Fahrräder,—
1944,Das Motorrad,das (neutrum),Motorrad,The Motorcycle,Travel & Transportation,Er fährt gern Motorrad.,He likes riding a motorcycle.,Motorräder,—
1945,Der Fahrer,der (maskulin),Fahrer,The Driver (Male/Female),Travel & Transportation,Der Fahrer öffnet die Bustür.,The driver opens the bus door.,Fahrer,Fahrerinnen
1946,Der Fahrgast,der (maskulin),Fahrgast,The Passenger,Travel & Transportation,Die Fahrgäste warten auf den Zug.,The passengers are waiting for the train.,Fahrgäste,Fahrgast
1947,Der Hubschrauber,der (maskulin),Hubschrauber,The Helicopter,Travel & Transportation,Der Hubschrauber landet auf dem Dach.,The helicopter lands on the roof.,Hubschrauber,—
1948,Der Lkw (Lastkraftwagen),der (maskulin),Lkw (Lastkraftwagen),The Truck,Travel & Transportation,Der LKW transportiert Waren.,The truck transports goods.,Lkws,—
1949,Der Roller,der (maskulin),Roller,The Scooter,Travel & Transportation,Sie fährt mit dem Roller zur Schule.,She rides a scooter to school.,Roller,—
1950,Die Haltestelle,die (feminin),Haltestelle,The Stop/Station,Travel & Transportation,Die Haltestelle ist direkt vor dem Hotel.,The stop is right in front of the hotel.,Haltestellen,Haltestelle
1951,Die Kutsche,die (feminin),Kutsche,The Carriage,Travel & Transportation,In der Stadt kann man mit der Kutsche fahren.,You can ride a carriage in the city.,Kutschen,Kutsche
1952,Die Straßenbahn,die (feminin),Straßenbahn,The Tram,Travel & Transportation,Die Straßenbahn hält an der nächsten Ecke.,The tram stops at the next corner.,Straßenbahnen,—
1953,Die U-Bahn,die (feminin),U-Bahn,The Subway,Travel & Transportation,Die U-Bahn ist oft schneller als der Bus.,The subway is often faster than the bus.,U-Bahnen,—
1954,Aussteigen,Verb,Aussteigen,To Get Off,Travel & Transportation,Wir müssen an der nächsten Haltestelle aussteigen.,We need to get off at the next stop.,—,—
1955,Einsteigen,Verb,Einsteigen,To Get In,Travel & Transportation,"Bitte einsteigen, die Türen schließen.","Please get in, the doors are closing.",—,—
1956,Umsteigen,Verb,Umsteigen,To Transfer,Travel & Transportation,Wir müssen in Köln umsteigen.,We have to transfer in Cologne.,—,—
1957,Geradeaus,Adverb,Geradeaus,Straight Ahead,Travel & Transportation,Gehen Sie geradeaus bis zum Ende der Straße.,Go straight ahead to the end of the street.,—,—
1958,Links,Adverb,Links,Left,Travel & Transportation,Biegen Sie links in die Bibliothekstraße ein.,Turn left into Library Street.,—,—
1959,Rechts,Adverb,Rechts,Right,Travel & Transportation,Biegen Sie die nächste Straße rechts ab.,Turn right at the next street.,—,—
1960,Zurück,Adverb,Zurück,Back,Travel & Transportation,Wir müssen denselben Weg zurückgehen.,We have to go back the same way.,—,—
1961,Das Auto,das (neutrum),Auto,The Car,Travel & Transportation,Ich fahre mit dem Auto zur Arbeit.,I drive/go to work by car.,Autos,—
1962,Das Flugzeug,das (neutrum),Flugzeug,The Airplane,Travel & Transportation,Das Flugzeug ist pünktlich gelandet.,The airplane landed on time.,Flugzeuge,—
1963,Das Gebäude,das (neutrum),Gebäude,The Building,Travel & Transportation,Das Gebäude hat zehn Stockwerke.,The building has ten floors.,Gebäude,—
1964,Das Gepäck,das (neutrum),Gepäck,The Luggage,Travel & Transportation,Hast du dein Gepäck schon abgeholt?,Have you picked up your luggage yet?,—,—
1965,Das Hotel,das (neutrum),Hotel,The Hotel,Travel & Transportation,Wir übernachten in einem schönen Hotel.,We are staying in a nice hotel.,Hotels,—
1966,Das Schiff,das (neutrum),Schiff,The Ship,Travel & Transportation,Wir überqueren den Fluss mit dem Schiff.,We cross the river by ship.,Schiffe,—
1967,Das Zentrum,das (neutrum),Zentrum,The Center,Travel & Transportation,Das Zentrum der Stadt ist sehr malerisch.,The center of the city is very picturesque.,Zentren,—
1968,Der Bahnhof,der (maskulin),Bahnhof,The Train Station,Travel & Transportation,Wir treffen uns am Bahnhof.,We meet at the train station.,Bahnhöfe,—
1969,Der Bus,der (maskulin),Bus,The Bus,Travel & Transportation,Der Bus kommt jede Stunde.,The bus comes every hour.,Busse,—
1970,Der Campingplatz,der (maskulin),Campingplatz,The Campsite,Travel & Transportation,Der Campingplatz ist in der Nähe des Sees.,The campsite is near the lake.,Campingplätze,—
1971,Der Fahrkartenautomat,der (maskulin),Fahrkartenautomat,The Ticket Machine,Travel & Transportation,Am Fahrkartenautomat können Sie ein Ticket kaufen.,You can buy a ticket at the ticket machine.,Fahrkartenautomaten,—
1972,Der Flug,der (maskulin),Flug,The Flight,Travel & Transportation,Unser Flug ist verspätet.,Our flight is delayed.,Flüge,—
1973,Der Flughafen,der (maskulin),Flughafen,The Airport,Travel & Transportation,Der Flughafen ist sehr groß.,The airport is very large.,Flughäfen,—
1974,Der Koffer,der (maskulin),Koffer,The Suitcase,Travel & Transportation,Der Koffer ist sehr schwer.,The suitcase is very heavy.,Koffer,—
1975,Der Park,der (maskulin),Park,The Park,Travel & Transportation,Im Sommer spielen Kinder oft im Park.,"In the summer, children often play in the park.",Parks,—
1976,Der Platz,der (maskulin),Platz,The Place,Travel & Transportation,Der Platz vor dem Rathaus ist immer belebt.,The square in front of the town hall is always busy.,Plätze,—
1977,Der Reisepass,der (maskulin),Reisepass,The Passport,Travel & Transportation,Hast du deinen Reisepass dabei?,Do you have your passport with you?,Reisepässe,—
1978,Der Rucksack,der (maskulin),Rucksack,The Backpack,Travel & Transportation,Der Rucksack ist voll mit Essen und Trinken.,The backpack is full of food and drinks.,Rucksäcke,—
1979,Der Tourist,der (maskulin),Tourist,The Tourist,Travel & Transportation,Der Tourist fragte nach dem Weg zum Museum.,The tourist asked for directions to the museum.,Touristen,—
1980,Der Tunnel,der (maskulin),Tunnel,The Tunnel,Travel & Transportation,Der Tunnel wurde erst letztes Jahr eröffnet.,The tunnel was only opened last year.,Tunnel,—
1981,Der Urlaub,der (maskulin),Urlaub,The Vacation/Holiday,Travel & Transportation,Wir planen einen Urlaub in den Bergen.,We are planning a vacation in the mountains.,—,—
1982,Der Weg,der (maskulin),Weg,The Way,Travel & Transportation,Der Weg zum Museum ist gut ausgeschildert.,The way to the museum is well signposted.,Wege,—
1983,Der Zug,der (maskulin),Zug,The Train,Travel & Transportation,Der Zug nach München fährt um 10 Uhr ab.,The train to Munich leaves at 10 o’clock.,Züge,—
1984,Die Ampel,die (feminin),Ampel,The Traffic Light,Travel & Transportation,"Warten Sie an der Ampel, bevor Sie die Straße überqueren.",Wait at the traffic light before you cross the street.,Ampeln,Ampel
1985,Die Brücke,die (feminin),Brücke,The Bridge,Travel & Transportation,Die Brücke führt über den Fluss.,The bridge leads over the river.,Brücken,Brücke
1986,Die Ecke,die (feminin),Ecke,The Corner,Travel & Transportation,An der nächsten Ecke biegen Sie rechts ab.,Turn right at the next corner.,Ecken,Ecke
1987,Die Fahrkarte,die (feminin),Fahrkarte,The Ticket,Travel & Transportation,Ich habe meine Fahrkarte vergessen.,I forgot my ticket.,Fahrkarten,Fahrkarte
1988,Die Kreuzung,die (feminin),Kreuzung,The Intersection,Travel & Transportation,An der Kreuzung sehen Sie ein Café auf der rechten Seite.,"At the intersection, you will see a cafe on the right side.",Kreuzungen,Kreuzung
1989,Die Reise,die (feminin),Reise,The Trip,Travel & Transportation,Die Reise nach Italien war wunderbar.,The trip to Italy was wonderful.,Reisen,Reise
1990,Die Richtung,die (feminin),Richtung,The Direction,Travel & Transportation,Folgen Sie dieser Richtung für etwa zwei Kilometer.,Follow this direction for about two kilometers.,Richtungen,Richtung
1991,Die Sehenswürdigkeit,die (feminin),Sehenswürdigkeit,The Attraction,Travel & Transportation,Der Eiffelturm ist eine berühmte Sehenswürdigkeit.,The Eiffel Tower is a famous attraction.,Sehenswürdigkeiten,—
1992,Die Straße,die (feminin),Straße,The Street,Travel & Transportation,Die Straße ist wegen Bauarbeiten gesperrt.,The street is closed due to construction work.,Straßen,—
1993,Die Unterkunft,die (feminin),Unterkunft,The Accommodation,Travel & Transportation,Die Unterkunft war sauber und bequem.,The accommodation was clean and comfortable.,Unterkünfte,—
1994,Fliegen,Verb,Fliegen,To Fly,Travel & Transportation,Morgen fliegen wir nach Spanien.,Tomorrow we are flying to Spain.,—,—
1995,Mieten,Verb,Mieten,To Rent,Travel & Transportation,Wir möchten ein Auto mieten.,We want to rent a car.,—,—
1996,Reisen,Verb/Nomen,Reisen,To Travel,Travel & Transportation,Wir reisen jedes Jahr nach Frankreich.,We travel to France every year.,—,—
1997,Leben,das (neutrum)/Verb,Leben,To Live,Grammar: Verbs,Sie leben in Berlin.,They live in Berlin.,Leben,—
1998,Beginnen,Verb,Beginnen,To Begin,Grammar: Verbs,Das Spiel beginnt um acht.,The game begins at eight.,—,—
1999,Bekommen,Verb,Bekommen,To Get,Grammar: Verbs,Ich habe ein Geschenk bekommen.,I received a gift.,—,—
2000,Bleiben,Verb,Bleiben,To Stay,Grammar: Verbs,Ich bleibe heute zu Hause.,I am staying at home today.,—,—
2001,Brauchen,Verb,Brauchen,To Need,Grammar: Verbs,Ich brauche deine Hilfe.,I need your help.,—,—
2002,Bringen,Verb,Bringen,To Bring,Grammar: Verbs,Kannst du mir ein Glas Wasser bringen?,Can you bring me a glass of water?,—,—
2003,Denken,Verb,Denken,To Think,Grammar: Verbs,Sie denkt an ihre Familie.,She thinks about her family.,—,—
2004,Dürfen,Verb,Dürfen,To Be Allowed,Grammar: Verbs,Darf ich hier rauchen?,May I smoke here?,—,—
2005,Erklären,Verb,Erklären,To Explain,Grammar: Verbs,Kannst du mir das erklären?,Can you explain that to me?,—,—
2006,Fehlen,Verb,Fehlen,To Lack / To Be Missing / To Be Absent,Grammar: Verbs,Mir fehlt meine Familie.,I miss my family.,—,—
2007,Feiern,Verb,Feiern,To Celebrate,Grammar: Verbs,Wir feiern seinen Geburtstag.,We are celebrating his birthday.,—,—
2008,Finden,Verb,Finden,To Find,Grammar: Verbs,Ich kann meinen Schlüssel nicht finden.,I cannot find my key.,—,—
2009,Fühlen,Verb,Fühlen,To Feel,Grammar: Verbs,Ich fühle mich heute müde.,I feel tired today.,—,—
2010,Geben,Verb,Geben,To Give,Grammar: Verbs,Kannst du mir das Buch geben?,Can you give me the book?,—,—
2011,Gehen,Verb,Gehen,To Go,Grammar: Verbs,Sie gehen jeden Morgen spazieren.,They go for a walk every morning.,—,—
2012,Gehören,Verb,Gehören,To Belong,Grammar: Verbs,Wem gehört dieses Buch?,Who does this book belong to?,—,—
2013,Gewinnen,Verb,Gewinnen,To Win,Grammar: Verbs,Wir werden das Spiel gewinnen.,We will win the game.,—,—
2014,Haben,Verb,Haben,To Have,Grammar: Verbs,Ich habe ein neues Buch.,I have a new book.,—,—
2015,Halten,Verb,Halten,To Hold,Grammar: Verbs,Halten Sie die Tür auf!,Hold the door open!,—,—
2016,Heißen,Verb,Heißen,To Be Called,Grammar: Verbs,Wie heißt du?,What is your name?,—,—
2017,Hören,Verb,Hören,To Hear,Grammar: Verbs,Er hört gerne Musik.,He likes to listen to music.,—,—
2018,Kennen,Verb,Kennen,To Know,Grammar: Verbs,Kennst du diesen Mann?,Do you know this man?,—,—
2019,Kommen,Verb,Kommen,To Come,Grammar: Verbs,Paul kommt morgen zu Besuch.,Paul is coming for a visit tomorrow.,—,—
2020,Können,Verb,Können,Can / To Be Able To,Grammar: Verbs,Er kann gut schwimmen.,He can swim well.,—,—
2021,Legen,Verb,Legen,To Put,Grammar: Verbs,Leg das Buch auf den Tisch.,Put the book on the table.,—,—
2022,Lesen,Verb,Lesen,To Read,Grammar: Verbs,Sie liest ein interessantes Buch.,She is reading an interesting book.,—,—
2023,Liegen,Verb,Liegen,To Lie,Grammar: Verbs,Das Buch liegt auf dem Bett.,The book lies on the bed.,—,—
2024,Machen,Verb,Machen,To Make / To Do,Grammar: Verbs,Er macht seine Hausaufgaben.,He is doing his homework.,—,—
2025,Mögen,Verb,Mögen,To Like,Grammar: Verbs,Ich mag Schokolade.,I like chocolate.,—,—
2026,Müssen,Verb,Müssen,To Have To,Grammar: Verbs,Wir müssen jetzt gehen.,We have to go now.,—,—
2027,Nehmen,Verb,Nehmen,To Take,Grammar: Verbs,Ich nehme einen Kaffee.,I will take a coffee.,—,—
2028,Sagen,Verb,Sagen,To Say,Grammar: Verbs,Er sagt die Wahrheit.,He tells the truth.,—,—
2029,Scheinen,Verb,Scheinen,To Seem,Grammar: Verbs,Die Sonne scheint heute.,The sun is shining today.,—,—
2030,Schlafen,Verb,Schlafen,To Sleep,Grammar: Verbs,Die Katze schläft tief und fest.,The cat is sleeping soundly.,—,—
2031,Schließen,Verb,Schließen,To Close,Grammar: Verbs,Bitte schließen Sie das Fenster.,Please close the window.,—,—
2032,Sehen,Verb,Sehen,To See,Grammar: Verbs,Wir sehen den Sonnenuntergang.,We are watching the sunset.,—,—
2033,Sein,Verb,Sein,To Be,Grammar: Verbs,Ich bin glücklich.,I am happy.,—,—
2034,Sollen,Verb,Sollen,To Should,Grammar: Verbs,Du sollst mehr Wasser trinken.,You should drink more water.,—,—
2035,Spielen,Verb,Spielen,To Play,Grammar: Verbs,Die Kinder spielen im Garten.,The children are playing in the garden.,—,—
2036,Sprechen,Verb,Sprechen,To Speak,Grammar: Verbs,Sie spricht fließend Englisch.,She speaks English fluently.,—,—
2037,Stehen,Verb,Stehen,To Stand,Grammar: Verbs,Das Glas steht auf dem Tisch.,The glass stands on the table.,—,—
2038,Stellen,Verb,Stellen,To Put,Grammar: Verbs,Bitte stellen Sie die Tasche hier ab.,Please put the bag down here.,—,—
2039,Suchen,Verb,Suchen,To Search,Grammar: Verbs,Ich suche meine Brille.,I am looking for my glasses.,—,—
2040,Tun,Verb,Tun,To Do,Grammar: Verbs,Was kann ich für Sie tun?,What can I do for you?,—,—
2041,Verstehen,Verb,Verstehen,To Understand,Grammar: Verbs,Ich verstehe die Aufgabe nicht.,I don’t understand the assignment.,—,—
2042,Werden,Verb,Werden,To Become,Grammar: Verbs,Er wird bald Vater.,He will soon become a father.,—,—
2043,Wohnen,Verb,Wohnen,To Live,Grammar: Verbs,Maria wohnt in Berlin.,Maria lives in Berlin.,—,—
2044,Wollen,Verb,Wollen,To Want,Grammar: Verbs,Wir wollen ein neues Auto kaufen.,We want to buy a new car.,—,—
2045,Antworten,Verb/Nomen,Antworten,To Answer,Grammar: Verbs,Tina antwortet ihrer Freundin.,Tina answers her friend.,Antworten,—
2046,Fragen,Verb/Nomen,Fragen,To Ask,Grammar: Verbs,Kann ich dich etwas fragen?,Can I ask you something?,Fragen,—
2047,Glauben,Verb/Nomen,Glauben,To Believe,Grammar: Verbs,Ich glaube dir.,I believe you.,—,—
2048,Schreiben,Verb/Nomen,Schreiben,To Write,Grammar: Verbs,Er schreibt einen Brief.,He is writing a letter.,—,—
2049,Treffen,Verb/Nomen,Treffen,To Meet,Grammar: Verbs,Wir treffen uns am Bahnhof.,We meet at the train station.,Treffen,—
2050,Wissen,Verb/Nomen,Wissen,To Know,Grammar: Verbs,Ich weiß die Antwort nicht.,I don't know the answer.,—,—
2051,Bewölkt,adjektiv,Bewölkt,Cloudy,Nature & Environment,Es ist heute leider stark bewölkt.,"Unfortunately, it is heavily cloudy today.",—,—
2052,Sonnig,adjektiv,Sonnig,Sunny,Nature & Environment,Morgen wird es sonnig und warm.,Tomorrow it will be sunny and warm.,—,—
2053,Windig,adjektiv,Windig,Windy,Nature & Environment,Am Strand ist es immer sehr windig.,It is always very windy at the beach.,—,—
2054,Das Eis,das (neutrum),Eis,The Ice,Nature & Environment,"Vorsicht, das Eis auf der Straße ist glatt.","Careful, the ice on the street is slippery.",—,—
2055,Das Gewitter,das (neutrum),Gewitter,The Thunderstorm,Nature & Environment,Im Sommer gibt es oft ein Gewitter.,"In summer, there is often a thunderstorm.",Gewitter,—
2056,Das Wetter,das (neutrum),Wetter,The Weather,Nature & Environment,Wie ist das Wetter heute in Berlin?,How is the weather in Berlin today?,—,—
2057,Der Blitz,der (maskulin),Blitz,The Lightning,Nature & Environment,Der Blitz war gestern Nacht sehr hell.,The lightning was very bright last night.,Blitze,—
2058,Der Grad,der (maskulin),Grad,The Degree,Nature & Environment,Wir haben heute minus fünf Grad.,We have minus five degrees today.,Grade/Graden,—
2059,Der Nebel,der (maskulin),Nebel,The Fog,Nature & Environment,Man kann im Nebel nichts sehen.,One cannot see anything in the fog.,Nebel,—
2060,Der Regenschirm,der (maskulin),Regenschirm,The Umbrella,Nature & Environment,Hast du meinen Regenschirm gesehen?,Have you seen my umbrella?,Regenschirme,—
2061,Der Sonnenschein,der (maskulin),Sonnenschein,The Sunshine,Nature & Environment,Wir genießen den warmen Sonnenschein.,We are enjoying the warm sunshine.,—,—
2062,Die Hitze,die (feminin),Hitze,The Heat,Nature & Environment,Ich mag die Hitze in der Stadt nicht.,I don’t like the heat in the city.,— (Unzählbar),Hitze
2063,Die Kälte,die (feminin),Kälte,The Cold / Coldness,Nature & Environment,Die Kälte im Winter stört mich nicht.,The cold in winter doesn’t bother me.,— (Unzählbar),Kälte
2064,Die Temperatur,die (feminin),Temperatur,The Temperature,Nature & Environment,Die Temperatur liegt bei 20 Grad.,The temperature is at 20 degrees.,Temperaturen,—
2065,Regnen,Verb,Regnen,To Rain,Nature & Environment,Es fängt an zu regnen.,It is starting to rain.,—,—
2066,Schneien,Verb,Schneien,To Snow,Nature & Environment,Im Dezember soll es schneien.,It is supposed to snow in December.,—,—
2067,sich anmelden,Verb,Anmelden,to register/check in,Travel & Transportation,Ich muss mich am Schalter anmelden.,I need to register at the counter.,—,—
2068,das Boarding,das (neutrum),Boarding,boarding,Travel & Transportation,Das Boarding beginnt in 10 Minuten.,Boarding starts in 10 minutes.,—,—
2069,das Gepäck,das (neutrum),Gepäck,luggage,Travel & Transportation,Mein Gepäck ist sehr schwer.,My luggage is very heavy.,— (Unzählbar),—
2070,das Handgepäck,das (neutrum),Handgepäck,carry-on luggage,Travel & Transportation,Ich nehme nur Handgepäck mit.,I'm only taking carry-on luggage.,— (Unzählbar),—
2071,das Terminal,das (neutrum),Terminal,terminal,Travel & Transportation,Wir treffen uns am Terminal 3.,We meet at terminal 3.,Terminals,—
2072,das Ticket,das (neutrum),Ticket,ticket,Travel & Transportation,Mein Ticket ist digital.,My ticket is digital.,Tickets,—
2073,der Flugschein,der (maskulin),Flugschein,flight ticket,Travel & Transportation,Ich habe meinen Flugschein verloren.,I lost my flight ticket.,Flugscheine,—
2074,das Übergepäck,das (neutrum),Übergepäck,excess luggage,Travel & Transportation,Für Übergepäck muss ich zahlen.,I have to pay for excess luggage.,— (Unzählbar),—
2075,der Abflug,der (maskulin),Abflug,departure,Travel & Transportation,Der Abflug ist um 15 Uhr.,The departure is at 3 PM.,Abflüge,—
2076,der Ausgang,der (maskulin),Ausgang,exit,Travel & Transportation,Wo ist der Ausgang?,Where is the exit?,Ausgänge,—
2077,der Check-in-Schalter,der (maskulin),Check-in-Schalter,check-in counter,Travel & Transportation,Der Check-in-Schalter ist geschlossen.,The check-in counter is closed.,Check-in-Schalter,—
2078,der Flug,der (maskulin),Flug,flight,Travel & Transportation,Der Flug war lang.,The flight was long.,Flüge,—
2079,der Flughafen,der (maskulin),Flughafen,airport,Travel & Transportation,Der Flughafen ist groß.,The airport is large.,Flughäfen,—
2080,der Flugsteig,der (maskulin),Flugsteig,gate,Travel & Transportation,Unser Flugsteig ist 42.,Our gate is 42.,Flugsteige,—
2081,der Gepäckwagen,der (maskulin),Gepäckwagen,luggage cart,Travel & Transportation,Ich brauche einen Gepäckwagen.,I need a luggage cart.,Gepäckwagen,—
2082,der Koffer,der (maskulin),Koffer,suitcase,Travel & Transportation,Mein Koffer ist kaputt.,My suitcase is broken.,Koffer,—
2083,der Reisepass,der (maskulin),Reisepass,passport,Travel & Transportation,Zeigen Sie bitte Ihren Reisepass.,Please show your passport.,Reisepässe,—
2084,der Weiterflug,der (maskulin),Weiterflug,connecting flight,Travel & Transportation,Mein Weiterflug geht nach Berlin.,My connecting flight goes to Berlin.,Weiterflüge,—
2085,der Anschlussflug,der (maskulin),Anschlussflug,connecting flight,Travel & Transportation,Der Anschlussflug hat Verspätung.,The connecting flight is delayed.,Anschlussflüge,—
2086,der Zoll,der (maskulin),Zoll,customs,Travel & Transportation,Beim Zoll muss ich warten.,I have to wait at customs.,— (Unzählbar),—
2087,die Ankunft,die (feminin),Ankunft,arrival,Travel & Transportation,Die Ankunft ist um 18 Uhr.,The arrival is at 6 PM.,Ankünfte,Ankunft
2088,die Anzeigetafel,die (feminin),Anzeigetafel,display board,Travel & Transportation,Auf der Anzeigetafel steht Abflug.,The display board says departure.,Anzeigetafeln,Anzeigetafel
2089,die Bordkarte,die (feminin),Bordkarte,boarding pass,Travel & Transportation,Ich habe meine Bordkarte vergessen.,I forgot my boarding pass.,Bordkarten,Bordkarte
2090,die Fluggesellschaft,die (feminin),Fluggesellschaft,airline,Travel & Transportation,Die Fluggesellschaft ist Lufthansa.,The airline is Lufthansa.,Fluggesellschaften,Fluggesellschaft
2091,die Gepäckausgabe,die (feminin),Gepäckausgabe,baggage claim,Travel & Transportation,Die Gepäckausgabe ist im Erdgeschoss.,Baggage claim is on the ground floor.,Gepäckausgaben,Gepäckausgabe
2092,die Gepäckrückgabe,die (feminin),Gepäckrückgabe,baggage drop-off,Travel & Transportation,Die Gepäckrückgabe ist geöffnet.,The baggage drop-off is open.,Gepäckrückgaben,Gepäckrückgabe
2093,die Sicherheitskontrolle,die (feminin),Sicherheitskontrolle,security check,Travel & Transportation,Die Sicherheitskontrolle dauert lange.,Security check takes a long time.,Sicherheitskontrollen,Sicherheitskontrolle
2094,die Verspätung,die (feminin),Verspätung,delay,Travel & Transportation,Der Flug hat Verspätung.,The flight is delayed.,Verspätungen,Verspätung
2095,Nichts zu verzollen,Phrase,—,Nothing to declare,Travel & Transportation,Ich habe nichts zu verzollen.,I have nothing to declare.,—,—
2096,das Restaurant,das (neutrum),Restaurant,restaurant,Food & Dining,Das Restaurant ist voll.,The restaurant is full.,Restaurants,—
2097,der Tisch,der (maskulin),Tisch,table,Food & Dining,Der Tisch ist frei.,The table is free.,Tische,—
2098,die Speisekarte,die (feminin),Speisekarte,menu,Food & Dining,Die Speisekarte ist lang.,The menu is long.,Speisekarten,Speisekarte
2099,der Kellner,der (maskulin),Kellner,waiter,Food & Dining,Der Kellner ist freundlich.,The waiter is friendly.,Kellner,Kellnerin
2100,die Reservierung,die (feminin),Reservierung,reservation,Food & Dining,Ich habe eine Reservierung.,I have a reservation.,Reservierungen,Reservierung
2101,die Vorspeise,die (feminin),Vorspeise,appetizer,Food & Dining,Die Vorspeise ist klein.,The appetizer is small.,Vorspeisen,Vorspeise
2102,das Hauptgericht,das (neutrum),Hauptgericht,main course,Food & Dining,Das Hauptgericht ist lecker.,The main course is delicious.,Hauptgerichte,—
2103,die Beilage,die (feminin),Beilage,side dish,Food & Dining,Die Beilage ist Kartoffeln.,The side dish is potatoes.,Beilagen,Beilage
2104,der Nachtisch,der (maskulin),Nachtisch,dessert,Food & Dining,Der Nachtisch ist süß.,The dessert is sweet.,Nachtische,—
2105,das Tagesgericht,das (neutrum),Tagesgericht,dish of the day,Food & Dining,Das Tagesgericht ist günstig.,The dish of the day is cheap.,Tagesgerichte,—
2106,die Spezialität,die (feminin),Spezialität,specialty,Food & Dining,Die Spezialität ist Fisch.,The specialty is fish.,Spezialitäten,Spezialität
2107,das Getränk,das (neutrum),Getränk,drink,Food & Dining,Das Getränk ist kalt.,The drink is cold.,Getränke,—
2108,das Wasser,das (neutrum),Wasser,water,Food & Dining,Ich trinke Wasser.,I drink water.,— (Unzählbar),—
2109,das Bier,das (neutrum),Bier,beer,Food & Dining,Das Bier ist kalt.,The beer is cold.,Bier/Biere,—
2110,der Wein,der (maskulin),Wein,wine,Food & Dining,Der Wein ist rot.,The wine is red.,Weine,—
2111,der Kaffee,der (maskulin),Kaffee,coffee,Food & Dining,Der Kaffee ist heiß.,The coffee is hot.,— (Unzählbar),—
2112,das Fleisch,das (neutrum),Fleisch,meat,Food & Dining,Das Fleisch ist fertig.,The meat is done.,— (Unzählbar),—
2113,der Fisch,der (maskulin),Fisch,fish,Food & Dining,Der Fisch ist frisch.,The fish is fresh.,Fische,—
2114,vegetarisch,adjektiv,Vegetarisch,vegetarian,Food & Dining,Ich esse vegetarisch.,I eat vegetarian.,—,—
2115,vegan,adjektiv,Vegan,vegan,Food & Dining,Das Essen ist vegan.,The food is vegan.,—,—
2116,die Rechnung,die (feminin),Rechnung,bill,Food & Dining,Die Rechnung bitte!,The bill please!,Rechnungen,Rechnung
2117,das Trinkgeld,das (neutrum),Trinkgeld,tip,Food & Dining,Das Trinkgeld ist inklusive.,The tip is included.,Trinkgelder,—
2118,Guten Appetit,Phrase,—,Enjoy your meal,Food & Dining,Guten Appetit!,Enjoy your meal!,—,—
2119,Prost,Phrase,—,Cheers,Food & Dining,Prost!,Cheers!,—,—
2120,lecker,adjektiv,Lecker,delicious,Food & Dining,Das Essen ist lecker.,The food is delicious.,—,—
2121,bestellen,Verb,bestellen,to order,Food & Dining,Ich möchte bestellen.,I would like to order.,—,—
2122,zahlen,Verb,zahlen,to pay,Food & Dining,Ich muss zahlen.,I have to pay.,—,—
2123,bezahlen,Verb,bezahlen,to pay,Food & Dining,Ich bezahle mit Karte.,I pay with card.,—,—
2124,die Hauptspeise,die (feminin),Hauptspeise,main course,Food & Dining,Die Hauptspeise ist groß.,The main course is large.,Hauptspeisen,Hauptspeise
2125,die Nachspeise,die (feminin),Nachspeise,dessert,Food & Dining,Die Nachspeise ist köstlich.,The dessert is delicious.,Nachspeisen,Nachspeise
2126,das Hotel,das (neutrum),Hotel,hotel,Accommodation,Das Hotel ist bequem.,The hotel is comfortable.,Hotels,—
2127,die Rezeption,die (feminin),Rezeption,reception,Accommodation,Die Rezeption ist rund um die Uhr besetzt.,The reception is staffed 24/7.,—,Rezeption
2128,der Rezeptionist,der (maskulin),Rezeptionist,receptionist,Accommodation,Der Rezeptionist ist hilfsbereit.,The receptionist is helpful.,Rezeptionisten,Rezeptionistin
2129,die Reservierung,die (feminin),Reservierung,reservation,Accommodation,Ich habe eine Reservierung.,I have a reservation.,Reservierungen,Reservierung
2130,die Buchung,die (feminin),Buchung,booking,Accommodation,Die Buchung ist bestätigt.,The booking is confirmed.,Buchungen,Buchung
2131,der Schlüssel,der (maskulin),Schlüssel,key,Accommodation,Der Schlüssel ist im Zimmer.,The key is in the room.,Schlüssel,—
2132,die Schlüsselkarte,die (feminin),Schlüsselkarte,key card,Accommodation,Die Schlüsselkarte funktioniert nicht.,The key card doesn't work.,Schlüsselkarten,Schlüsselkarte
2133,der Reisepass,der (maskulin),Reisepass,passport,Accommodation,Der Reisepass liegt an der Rezeption.,The passport is at reception.,Reisepässe,—
2134,das Formular,das (neutrum),Formular,form,Accommodation,Das Formular muss ausgefüllt werden.,The form must be filled out.,Formulare,—
2135,das Zimmer,das (neutrum),Zimmer,room,Accommodation,Das Zimmer ist groß.,The room is large.,Zimmer,—
2136,das Einzelzimmer,das (neutrum),Einzelzimmer,single room,Accommodation,Das Einzelzimmer ist günstiger.,The single room is cheaper.,Einzelzimmer,—
2137,das Doppelzimmer,das (neutrum),Doppelzimmer,double room,Accommodation,Das Doppelzimmer hat zwei Betten.,The double room has two beds.,Doppelzimmer,—
2138,das Bett,das (neutrum),Bett,bed,Accommodation,Das Bett ist weich.,The bed is soft.,Betten,—
2139,das Badezimmer,das (neutrum),Badezimmer,bathroom,Accommodation,Das Badezimmer ist sauber.,The bathroom is clean.,Badezimmer,—
2140,die Dusche,die (feminin),Dusche,shower,Accommodation,Die Dusche hat warmes Wasser.,The shower has hot water.,Duschen,Dusche
2141,das Handtuch,das (neutrum),Handtuch,towel,Accommodation,Das Handtuch ist feucht.,The towel is damp.,Handtücher,—
2142,die Klimaanlage,die (feminin),Klimaanlage,air conditioning,Accommodation,Die Klimaanlage ist stark.,The air conditioning is strong.,Klimaanlagen,Klimaanlage
2143,die Heizung,die (feminin),Heizung,heating,Accommodation,Die Heizung ist warm.,The heating is warm.,Heizungen,Heizung
2144,der Fernseher,der (maskulin),Fernseher,TV,Accommodation,Der Fernseher ist groß.,The TV is large.,Fernseher,—
2145,das WLAN,das (neutrum),WLAN,Wi-Fi,Accommodation,Das WLAN ist kostenlos.,The Wi-Fi is free.,—,—
2146,der Aufzug,der (maskulin),Aufzug,elevator,Accommodation,Der Aufzug ist schnell.,The elevator is fast.,Aufzüge,—
2147,die Etage,die (feminin),Etage,floor,Accommodation,Das Zimmer ist in der 3. Etage.,The room is on the 3rd floor.,Etagen,Etage
2148,das Frühstück,das (neutrum),Frühstück,breakfast,Accommodation,Das Frühstück ist inklusive.,Breakfast is included.,Frühstücke,—
2149,der Zimmerservice,der (maskulin),Zimmerservice,room service,Accommodation,Der Zimmerservice ist teuer.,Room service is expensive.,—,—
2150,der Wäscheservice,der (maskulin),Wäscheservice,laundry service,Accommodation,Der Wäscheservice kostet extra.,Laundry service costs extra.,—,—
2151,der Parkplatz,der (maskulin),Parkplatz,parking,Accommodation,Der Parkplatz ist frei.,The parking is free.,Parkplätze,—
2152,der Pool,der (maskulin),Pool,pool,Accommodation,Der Pool ist offen.,The pool is open.,Pools,—
2153,das Fitnessstudio,das (neutrum),Fitnessstudio,gym,Accommodation,Das Fitnessstudio ist modern.,The gym is modern.,Fitnessstudios,—
2154,der Wellnessbereich,der (maskulin),Wellnessbereich,wellness area,Accommodation,Der Wellnessbereich ist ruhig.,The wellness area is quiet.,Wellnessbereiche,—
2155,die Anreise,die (feminin),Anreise,arrival,Accommodation,Die Anreise ist ab 15 Uhr.,Arrival is from 3 PM.,—,Anreise
2156,die Abreise,die (feminin),Abreise,departure/check-out,Accommodation,Die Abreise ist bis 11 Uhr.,Check-out is until 11 AM.,—,Abreise
2157,die Rechnung,die (feminin),Rechnung,bill,Accommodation,Die Rechnung ist korrekt.,The bill is correct.,Rechnungen,Rechnung
2158,das Trinkgeld,das (neutrum),Trinkgeld,tip,Accommodation,Das Trinkgeld ist optional.,The tip is optional.,Trinkgelder,—
2159,der Safe,der (maskulin),Safe,safe,Accommodation,Der Safe ist im Zimmer.,The safe is in the room.,Safes,—
2160,der Notausgang,der (maskulin),Notausgang,emergency exit,Accommodation,Der Notausgang ist rechts.,The emergency exit is on the right.,Notausgänge,—
2161,buchen,Verb,buchen,to book,Accommodation,Ich möchte buchen.,I would like to book.,—,—
2162,reservieren,Verb,reservieren,to reserve,Accommodation,Ich möchte reservieren.,I would like to reserve.,—,—
2163,einchecken,Verb,einchecken,to check in,Accommodation,Ich muss einchecken.,I need to check in.,—,—
2164,auschecken,Verb,auschecken,to check out,Accommodation,Ich muss auschecken.,I need to check out.,—,—
2165,bezahlen,Verb,bezahlen,to pay,Accommodation,Ich bezahle mit Karte.,I pay with card.,—,—
2166,stornieren,Verb,stornieren,to cancel,Accommodation,Ich möchte stornieren.,I would like to cancel.,—,—
2167,das Stockwerk,das (neutrum),Stockwerk,floor,Accommodation,Das Zimmer ist im 2. Stockwerk.,The room is on the 2nd floor.,Stockwerke,—
2168,das Geschäft,das (neutrum),Geschäft,shop/store,Shopping & Fashion,Das Geschäft ist klein.,The shop is small.,Geschäfte,—
2169,der Laden,der (maskulin),Laden,shop/store,Shopping & Fashion,Der Laden ist offen.,The store is open.,Läden,—
2170,der Supermarkt,der (maskulin),Supermarkt,supermarket,Shopping & Fashion,Der Supermarkt ist groß.,The supermarket is large.,Supermärkte,—
2171,das Kaufhaus,das (neutrum),Kaufhaus,department store,Shopping & Fashion,Das Kaufhaus hat viele Stockwerke.,The department store has many floors.,Kaufhäuser,—
2172,das Einkaufszentrum,das (neutrum),Einkaufszentrum,shopping mall,Shopping & Fashion,Das Einkaufszentrum ist voll.,The shopping mall is crowded.,Einkaufszentren,—
2173,die Kasse,die (feminin),Kasse,cashier/check-out,Shopping & Fashion,Die Kasse ist besetzt.,The cashier is occupied.,Kassen,Kasse
2174,die Umkleidekabine,die (feminin),Umkleidekabine,fitting room,Shopping & Fashion,Die Umkleidekabine ist frei.,The fitting room is free.,Umkleidekabinen,Umkleidekabine
2175,der Ausgang,der (maskulin),Ausgang,exit,Shopping & Fashion,Der Ausgang ist rechts.,The exit is on the right.,Ausgänge,—
2176,der Eingang,der (maskulin),Eingang,entrance,Shopping & Fashion,Der Eingang ist links.,The entrance is on the left.,Eingänge,—
2177,der Preis,der (maskulin),Preis,price,Shopping & Fashion,Der Preis ist hoch.,The price is high.,Preise,—
2178,das Geld,das (neutrum),Geld,money,Shopping & Fashion,Das Geld ist weg.,The money is gone.,— (Unzählbar),—
2179,die Rechnung,die (feminin),Rechnung,bill/receipt,Shopping & Fashion,Die Rechnung bitte!,The bill please!,Rechnungen,Rechnung
2180,die Quittung,die (feminin),Quittung,receipt,Shopping & Fashion,Die Quittung ist wichtig.,The receipt is important.,Quittungen,Quittung
2181,der Kassenbon,der (maskulin),Kassenbon,receipt,Shopping & Fashion,Der Kassenbon ist lang.,The receipt is long.,Kassenbons,—
2182,das Bargeld,das (neutrum),Bargeld,cash,Shopping & Fashion,Ich habe Bargeld dabei.,I have cash with me.,— (Unzählbar),—
2183,die Kreditkarte,die (feminin),Kreditkarte,credit card,Shopping & Fashion,Die Kreditkarte wird akzeptiert.,Credit card is accepted.,Kreditkarten,Kreditkarte
2184,die Bankkarte,die (feminin),Bankkarte,bank card,Shopping & Fashion,Die Bankkarte funktioniert nicht.,The bank card doesn't work.,Bankkarten,Bankkarte
2185,das Wechselgeld,das (neutrum),Wechselgeld,change,Shopping & Fashion,Das Wechselgeld stimmt nicht.,The change is wrong.,— (Unzählbar),—
2186,das Trinkgeld,das (neutrum),Trinkgeld,tip,Shopping & Fashion,Das Trinkgeld ist optional.,The tip is optional.,Trinkgelder,—
2187,der Rabatt,der (maskulin),Rabatt,discount,Shopping & Fashion,Der Rabatt ist groß.,The discount is large.,Rabatte,—
2188,das Angebot,das (neutrum),Angebot,offer/deal,Shopping & Fashion,Das Angebot ist gut.,The offer is good.,Angebote,—
2189,der Ausverkauf,der (maskulin),Ausverkauf,sale/clearance,Shopping & Fashion,Der Ausverkauf ist jetzt.,The sale is now.,Ausverkäufe,—
2190,die Ware,die (feminin),Ware,goods/merchandise,Shopping & Fashion,Die Ware ist gut.,The goods are good.,Waren,Ware
2191,das Produkt,das (neutrum),Produkt,product,Shopping & Fashion,Das Produkt ist neu.,The product is new.,Produkte,—
2192,die Kleidung,die (feminin),Kleidung,clothing,Shopping & Fashion,Die Kleidung ist schön.,The clothing is nice.,— (Unzählbar),Kleidung
2193,das Lebensmittel,das (neutrum),Lebensmittel,food/grocery,Shopping & Fashion,Das Lebensmittel ist frisch.,The food is fresh.,Lebensmittel,—
2194,die Einkaufstüte,die (feminin),Einkaufstüte,shopping bag,Shopping & Fashion,Die Einkaufstüte ist leer.,The shopping bag is empty.,Einkaufstüten,Einkaufstüte
2195,der Einkaufskorb,der (maskulin),Einkaufskorb,shopping basket,Shopping & Fashion,Der Einkaufskorb ist voll.,The shopping basket is full.,Einkaufskörbe,—
2196,der Einkaufswagen,der (maskulin),Einkaufswagen,shopping cart,Shopping & Fashion,Der Einkaufswagen ist kaputt.,The shopping cart is broken.,Einkaufswagen,—
2197,die Größe,die (feminin),Größe,size,Shopping & Fashion,Die Größe ist M.,The size is M.,Größen,Größe
2198,die Farbe,die (feminin),Farbe,color,Shopping & Fashion,Die Farbe ist rot.,The color is red.,Farben,Farbe
2199,einkaufen,Verb,einkaufen,to shop,Shopping & Fashion,Ich möchte einkaufen.,I want to shop.,—,—
2200,kaufen,Verb,kaufen,to buy,Shopping & Fashion,Ich kaufe ein Hemd.,I buy a shirt.,—,—
2201,bezahlen,Verb,bezahlen,to pay,Shopping & Fashion,Ich bezahle mit Karte.,I pay with card.,—,—
2202,umtauschen,Verb,umtauschen,to exchange,Shopping & Fashion,Ich möchte umtauschen.,I want to exchange.,—,—
2203,anprobieren,Verb,anprobieren,to try on,Shopping & Fashion,Ich probiere es an.,I try it on.,—,—
2204,suchen,Verb,suchen,to search/look for,Shopping & Fashion,Ich suche Schuhe.,I'm looking for shoes.,—,—
2205,sparen,Verb,sparen,to save,Shopping & Fashion,Ich spare Geld.,I save money.,—,—
2206,kosten,Verb,kosten,to cost,Shopping & Fashion,Es kostet 20 Euro.,It costs 20 euros.,—,—
2207,teuer,adjektiv,teuer,expensive,Shopping & Fashion,Das ist teuer.,That is expensive.,—,—
2208,billig,adjektiv,billig,cheap,Shopping & Fashion,Das ist billig.,That is cheap.,—,—
2209,günstig,adjektiv,günstig,cheap/affordable,Shopping & Fashion,Das ist günstig.,That is affordable.,—,—
2210,reduziert,adjektiv,reduziert,reduced,Shopping & Fashion,Das ist reduziert.,That is reduced.,—,—
2211,gratis,adjektiv,gratis,free,Shopping & Fashion,Das ist gratis.,That is free.,—,—
2212,kostenlos,adjektiv,kostenlos,free,Shopping & Fashion,Das ist kostenlos.,That is free.,—,—
2213,geöffnet,adjektiv,geöffnet,open,Shopping & Fashion,Der Laden ist geöffnet.,The store is open.,—,—
2214,geschlossen,adjektiv,geschlossen,closed,Shopping & Fashion,Der Laden ist geschlossen.,The store is closed.,—,—
2215,die Straße,die (feminin),Straße,street,Travel & Transportation,Die Straße ist lang.,The street is long.,Straßen,Straße
2216,die Kreuzung,die (feminin),Kreuzung,intersection,Travel & Transportation,Die Kreuzung ist gefährlich.,The intersection is dangerous.,Kreuzungen,Kreuzung
2217,die Ecke,die (feminin),Ecke,corner,Travel & Transportation,Die Ecke ist scharf.,The corner is sharp.,Ecken,Ecke
2218,die Ampel,die (feminin),Ampel,traffic light,Travel & Transportation,Die Ampel ist rot.,The traffic light is red.,Ampeln,Ampel
2219,der Kreisverkehr,der (maskulin),Kreisverkehr,roundabout,Travel & Transportation,Der Kreisverkehr ist groß.,The roundabout is large.,Kreisverkehre,—
2220,der Kreisel,der (maskulin),Kreisel,roundabout/spinner,Travel & Transportation,Der Kreisel ist voll.,The roundabout is full.,Kreisel,—
2221,die Brücke,die (feminin),Brücke,bridge,Travel & Transportation,Die Brücke ist alt.,The bridge is old.,Brücken,Brücke
2222,der Bahnhof,der (maskulin),Bahnhof,train station,Travel & Transportation,Der Bahnhof ist weit weg.,The train station is far away.,Bahnhöfe,—
2223,die Bushaltestelle,die (feminin),Bushaltestelle,bus stop,Travel & Transportation,Die Bushaltestelle ist nah.,The bus stop is near.,Bushaltestellen,Bushaltestelle
2224,das Zentrum,das (neutrum),Zentrum,center,Travel & Transportation,Das Zentrum ist voll.,The center is crowded.,Zentren,—
2225,die Stadtmitte,die (feminin),Stadtmitte,city center,Travel & Transportation,Die Stadtmitte ist weit.,The city center is far.,—,Stadtmitte
2226,das Ziel,das (neutrum),Ziel,destination/target,Travel & Transportation,Das Ziel ist dekat.,The destination is near.,Ziele,—
2227,rechts,Adverb,Rechts,right,Travel & Transportation,Gehen Sie rechts.,Go right.,—,—
2228,links,Adverb,Links,left,Travel & Transportation,Gehen Sie links.,Go left.,—,—
2229,geradeaus,Adverb,Geradeaus,straight ahead,Travel & Transportation,Gehen Sie geradeaus.,Go straight ahead.,—,—
2230,der Norden,der (maskulin),Norden,north,Travel & Transportation,Der Norden ist kalt.,The north is cold.,—,—
2231,der Süden,der (maskulin),Süden,south,Travel & Transportation,Der Süden ist warm.,The south is warm.,—,—
2232,der Osten,der (maskulin),Osten,east,Travel & Transportation,Der Osten ist grün.,The east is green.,—,—
2233,der Westen,der (maskulin),Westen,west,Travel & Transportation,Der Westen ist stark.,The west is strong.,—,—
2234,vorne,Adverb,Vorne,in front,Travel & Transportation,Es ist vorne.,It's in front.,—,—
2235,hinten,Adverb,Hinten,in back,Travel & Transportation,Es ist hinten.,It's in back.,—,—
2236,oben,Adverb,Oben,up/above,Travel & Transportation,Es ist oben.,It's up above.,—,—
2237,unten,Adverb,Unten,down/below,Travel & Transportation,Es ist unten.,It's down below.,—,—
2238,die Nähe,die (feminin),Nähe,nearness/proximity,Travel & Transportation,In der Nähe ist ein Park.,Nearby is a park.,—,Nähe
2239,die Entfernung,die (feminin),Entfernung,distance,Travel & Transportation,Die Entfernung ist groß.,The distance is large.,Entfernungen,Entfernung
2240,der Kilometer,der (maskulin),Kilometer,kilometer,Travel & Transportation,Der Kilometer ist lang.,The kilometer is long.,Kilometer,—
2241,der Meter,der (maskulin),Meter,meter,Travel & Transportation,Der Meter ist kurz.,The meter is short.,Meter,—
2242,neben,Präposition,Neben,next to,Travel & Transportation,Es ist neben dem Haus.,It's next to the house.,—,—
2243,vor,Präposition,Vor,in front of,Travel & Transportation,Es ist vor dem Haus.,It's in front of the house.,—,—
2244,hinter,Präposition,Hinter,behind,Travel & Transportation,Es ist hinter dem Haus.,It's behind the house.,—,—
2245,zwischen,Präposition,Zwischen,between,Travel & Transportation,Es ist zwischen den Häusern.,It's between the houses.,—,—
2246,gegenüber,Präposition,Gegenüber,opposite,Travel & Transportation,Es ist gegenüber dem Park.,It's opposite the park.,—,—
2247,gehen,Verb,gehen,to walk,Travel & Transportation,Ich gehe zum Bahnhof.,I walk to the station.,—,—
2248,fahren,Verb,fahren,to drive/go,Travel & Transportation,Ich fahre mit dem Auto.,I drive with the car.,—,—
2249,abbiegen,Verb,abbiegen,to turn,Travel & Transportation,Biegen Sie links ab.,Turn left.,—,—
2250,überqueren,Verb,überqueren,to cross,Travel & Transportation,Überqueren Sie die Straße.,Cross the street.,—,—
2251,folgen,Verb,folgen,to follow,Travel & Transportation,Folgen Sie der Straße.,Follow the street.,—,—
2252,finden,Verb,finden,to find,Travel & Transportation,Ich finde es nicht.,I can't find it.,—,—
2253,suchen,Verb,suchen,to search,Travel & Transportation,Ich suche den Bahnhof.,I'm looking for the station.,—,—
2254,wenden,Verb,wenden,to turn around,Travel & Transportation,Wenden Sie hier.,Turn around here.,—,—
2255,stoppen,Verb,stoppen,to stop,Travel & Transportation,Stoppen Sie hier.,Stop here.,—,—
2256,anhalten,Verb,anhalten,to stop/pull over,Travel & Transportation,Halten Sie an.,Pull over.,—,—
2257,die Einbahnstraße,die (feminin),Einbahnstraße,one-way street,Travel & Transportation,Die Einbahnstraße ist links.,The one-way street is on the left.,Einbahnstraßen,Einbahnstraße
2258,die Sackgasse,die (feminin),Sackgasse,dead end,Travel & Transportation,Die Sackgasse ist rechts.,The dead end is on the right.,Sackgassen,Sackgasse
2259,die Fußgängerzone,die (feminin),Fußgängerzone,pedestrian zone,Travel & Transportation,Die Fußgängerzone ist weit.,The pedestrian zone is far.,Fußgängerzonen,Fußgängerzone
2260,die Umleitung,die (feminin),Umleitung,detour,Travel & Transportation,Die Umleitung ist lang.,The detour is long.,Umleitungen,Umleitung
2261,die Baustelle,die (feminin),Baustelle,construction site,Travel & Transportation,Die Baustelle ist groß.,The construction site is large.,Baustellen,Baustelle
2262,der Notruf,der (maskulin),Notruf,emergency call,"Safety, Emergencies & Social Interaction",Der Notruf ist wichtig.,The emergency call is important.,Notrufe,—
2263,die Polizei,die (feminin),Polizei,police,"Safety, Emergencies & Social Interaction",Die Polizei kommt schnell.,The police come quickly.,—,Polizei
2264,die Feuerwehr,die (feminin),Feuerwehr,fire department,"Safety, Emergencies & Social Interaction",Die Feuerwehr löscht das Feuer.,The fire department puts out the fire.,—,Feuerwehr
2265,der Krankenwagen,der (maskulin),Krankenwagen,ambulance,"Safety, Emergencies & Social Interaction",Der Krankenwagen ist schnell.,The ambulance is fast.,Krankenwagen,—
2266,der Rettungswagen,der (maskulin),Rettungswagen,ambulance,"Safety, Emergencies & Social Interaction",Der Rettungswagen kommt.,The ambulance is coming.,Rettungswagen,—
2267,der Notarzt,der (maskulin),Notarzt,emergency doctor,"Safety, Emergencies & Social Interaction",Der Notarzt ist da.,The emergency doctor is here.,Notärzte,—
2268,das Krankenhaus,das (neutrum),Krankenhaus,hospital,"Safety, Emergencies & Social Interaction",Das Krankenhaus ist weit.,The hospital is far.,Krankenhäuser,—
2269,die Apotheke,die (feminin),Apotheke,pharmacy,"Safety, Emergencies & Social Interaction",Die Apotheke ist offen.,The pharmacy is open.,Apotheken,Apotheke
2270,das Opfer,das (neutrum),Opfer,victim,"Safety, Emergencies & Social Interaction",Das Opfer ist verletzt.,The victim is injured.,Opfer,—
2271,der Zeuge,der (maskulin),Zeuge,witness,"Safety, Emergencies & Social Interaction",Der Zeuge sieht alles.,The witness sees everything.,Zeugen,—
2272,der Täter,der (maskulin),Täter,perpetrator,"Safety, Emergencies & Social Interaction",Der Täter ist weg.,The perpetrator is gone.,Täter,—
2273,der/die Verletzte,der/die (maskulin/feminin),Verletzte,injured person,"Safety, Emergencies & Social Interaction",Der Verletzte wird behandelt.,The injured person is being treated.,Verletzte,Verletzte
2274,der Patient,der (maskulin),Patient,patient,"Safety, Emergencies & Social Interaction",Der Patient ist ruhig.,The patient is calm.,Patienten,Patientin
2275,der Unfall,der (maskulin),Unfall,accident,"Safety, Emergencies & Social Interaction",Der Unfall ist schlimm.,The accident is bad.,Unfälle,—
2276,die Verletzung,die (feminin),Verletzung,injury,"Safety, Emergencies & Social Interaction",Die Verletzung ist schmerzhaft.,The injury is painful.,Verletzungen,Verletzung
2277,der Schmerz,der (maskulin),Schmerz,pain,"Safety, Emergencies & Social Interaction",Der Schmerz ist stark.,The pain is strong.,Schmerzen,—
2278,die Wunde,die (feminin),Wunde,wound,"Safety, Emergencies & Social Interaction",Die Wunde blutet.,The wound is bleeding.,Wunden,Wunde
2279,das Blut,das (neutrum),Blut,blood,"Safety, Emergencies & Social Interaction",Das Blut ist rot.,The blood is red.,— (Unzählbar),—
2280,die Blutung,die (feminin),Blutung,bleeding,"Safety, Emergencies & Social Interaction",Die Blutung stoppt.,The bleeding stops.,Blutungen,Blutung
2281,der Herzinfarkt,der (maskulin),Herzinfarkt,heart attack,"Safety, Emergencies & Social Interaction",Der Herzinfarkt ist tödlich.,The heart attack is fatal.,Herzinfarkte,—
2282,der Schlaganfall,der (maskulin),Schlaganfall,stroke,"Safety, Emergencies & Social Interaction",Der Schlaganfall ist plötzlich.,The stroke is sudden.,Schlaganfälle,—
2283,die Atembeschwerden,die (Plural),Atembeschwerden,breathing difficulties,"Safety, Emergencies & Social Interaction",Die Atembeschwerden sind stark.,The breathing difficulties are severe.,—,—
2284,die Ohnmacht,die (feminin),Ohnmacht,fainting,"Safety, Emergencies & Social Interaction",Die Ohnmacht ist plötzlich.,The fainting is sudden.,—,Ohnmacht
2285,die Bewusstlosigkeit,die (feminin),Bewusstlosigkeit,unconsciousness,"Safety, Emergencies & Social Interaction",Die Bewusstlosigkeit dauert lange.,The unconsciousness lasts long.,—,Bewusstlosigkeit
2286,der Schock,der (maskulin),Schock,shock,"Safety, Emergencies & Social Interaction",Der Schock ist groß.,The shock is big.,Schocks,—
2287,das Gift,das (neutrum),Gift,poison,"Safety, Emergencies & Social Interaction",Das Gift ist tödlich.,The poison is fatal.,Gifte,—
2288,die Vergiftung,die (feminin),Vergiftung,poisoning,"Safety, Emergencies & Social Interaction",Die Vergiftung ist schlimm.,The poisoning is bad.,Vergiftungen,Vergiftung
2289,die Allergie,die (feminin),Allergie,allergy,"Safety, Emergencies & Social Interaction",Die Allergie ist schwer.,The allergy is severe.,Allergien,Allergie
2290,das Feuer,das (neutrum),Feuer,fire,"Safety, Emergencies & Social Interaction",Das Feuer ist groß.,The fire is big.,Feuer,—
2291,der Brand,der (maskulin),Brand,fire/blaze,"Safety, Emergencies & Social Interaction",Der Brand ist gelöscht.,The fire is extinguished.,Brände,—
2292,der Rauch,der (maskulin),Rauch,smoke,"Safety, Emergencies & Social Interaction",Der Rauch ist dick.,The smoke is thick.,— (Unzählbar),—
2293,die Explosion,die (feminin),Explosion,explosion,"Safety, Emergencies & Social Interaction",Die Explosion ist laut.,The explosion is loud.,Explosionen,Explosion
2294,der Einbruch,der (maskulin),Einbruch,burglary,"Safety, Emergencies & Social Interaction",Der Einbruch war nacht.,The burglary was at night.,Einbrüche,—
2295,der Diebstahl,der (maskulin),Diebstahl,theft,"Safety, Emergencies & Social Interaction",Der Diebstahl ist passiert.,The theft happened.,Diebstähle,—
2296,der Raub,der (maskulin),Raub,robbery,"Safety, Emergencies & Social Interaction",Der Raub ist gefährlich.,The robbery is dangerous.,— (Unzählbar),—
2297,der Überfall,der (maskulin),Überfall,assault/attack,"Safety, Emergencies & Social Interaction",Der Überfall war schnell.,The assault was quick.,Überfälle,—
2298,der Autounfall,der (maskulin),Autounfall,car accident,"Safety, Emergencies & Social Interaction",Der Autounfall ist schlimm.,The car accident is bad.,Autounfälle,—
2299,der Verkehrsunfall,der (maskulin),Verkehrsunfall,traffic accident,"Safety, Emergencies & Social Interaction",Der Verkehrsunfall war gestern.,The traffic accident was yesterday.,Verkehrsunfälle,—
2300,die Panne,die (feminin),Panne,breakdown,"Safety, Emergencies & Social Interaction",Die Panne ist ärgerlich.,The breakdown is annoying.,Pannen,Panne
2301,der Notausgang,der (maskulin),Notausgang,emergency exit,"Safety, Emergencies & Social Interaction",Der Notausgang ist rechts.,The emergency exit is on the right.,Notausgänge,—
2302,der Verbandskasten,der (maskulin),Verbandskasten,first aid kit,"Safety, Emergencies & Social Interaction",Der Verbandskasten ist voll.,The first aid kit is complete.,Verbandskästen,—
2303,der Erste-Hilfe-Kasten,der (maskulin),Erste-Hilfe-Kasten,first aid box,"Safety, Emergencies & Social Interaction",Der Erste-Hilfe-Kasten ist wichtig.,The first aid box is important.,Erste-Hilfe-Kästen,—
2304,der Feuerlöscher,der (maskulin),Feuerlöscher,fire extinguisher,"Safety, Emergencies & Social Interaction",Der Feuerlöscher ist rot.,The fire extinguisher is red.,Feuerlöscher,—
2305,die Notbremse,die (feminin),Notbremse,emergency brake,"Safety, Emergencies & Social Interaction",Die Notbremse ist rot.,The emergency brake is red.,Notbremsen,Notbremse
2306,der Alarm,der (maskulin),Alarm,alarm,"Safety, Emergencies & Social Interaction",Der Alarm ist laut.,The alarm is loud.,Alarme,—
2307,helfen,Verb,helfen,to help,"Safety, Emergencies & Social Interaction",Ich helfe dir.,I help you.,—,—
2308,retten,Verb,retten,to rescue,"Safety, Emergencies & Social Interaction",Ich rette dich.,I rescue you.,—,—
2309,rufen,Verb,rufen,to call,"Safety, Emergencies & Social Interaction",Ich rufe die Polizei.,I call the police.,—,—
2310,brennen,Verb,brennen,to burn,"Safety, Emergencies & Social Interaction",Das Haus brennt.,The house is burning.,—,—
2311,bluten,Verb,bluten,to bleed,"Safety, Emergencies & Social Interaction",Die Wunde blutet.,The wound is bleeding.,—,—
2312,stehlen,Verb,stehlen,to steal,"Safety, Emergencies & Social Interaction",Jemand stiehlt das Auto.,Someone steals the car.,—,—
2313,brechen,Verb,brechen,to break,"Safety, Emergencies & Social Interaction",Das Bein bricht.,The leg breaks.,—,—
2314,verletzen,Verb,verletzen,to injure,"Safety, Emergencies & Social Interaction",Er verletzt sich.,He injures himself.,—,—
2315,sterben,Verb,sterben,to die,"Safety, Emergencies & Social Interaction",Er stirbt.,He dies.,—,—
2316,dringend,adjektiv,dringend,urgent,"Safety, Emergencies & Social Interaction",Das ist dringend.,That is urgent.,—,—
2317,gefährlich,adjektiv,gefährlich,dangerous,"Safety, Emergencies & Social Interaction",Das ist gefährlich.,That is dangerous.,—,—
2318,verletzt,adjektiv,verletzt,injured,"Safety, Emergencies & Social Interaction",Er ist verletzt.,He is injured.,—,—
2319,bewusstlos,adjektiv,bewusstlos,unconscious,"Safety, Emergencies & Social Interaction",Er ist bewusstlos.,He is unconscious.,—,—
2320,tot,adjektiv,tot,dead,"Safety, Emergencies & Social Interaction",Er ist tot.,He is dead.,—,—
2321,kaputt,adjektiv,kaputt,broken,"Safety, Emergencies & Social Interaction",Das Auto ist kaputt.,The car is broken.,—,—
2322,Wo ist der Check-in-Schalter?,Phrase,—,Where is the check-in counter?,Travel & Transportation,Wo ist der Check-in-Schalter?,Where is the check-in counter?,—,—
2323,Hier ist mein Reisepass und meine Bordkarte.,Phrase,—,Here is my passport and boarding pass.,Travel & Transportation,Hier ist mein Reisepass und meine Bordkarte.,Here is my passport and boarding pass.,—,—
2324,Wo ist die Gepäckausgabe?,Phrase,—,Where is the baggage claim?,Travel & Transportation,Wo ist die Gepäckausgabe?,Where is the baggage claim?,—,—
2325,Hat der Flug nach Berlin Verspätung?,Phrase,—,Is the flight to Berlin delayed?,Travel & Transportation,Hat der Flug nach Berlin Verspätung?,Is the flight to Berlin delayed?,—,—
2326,"Ein Tisch für zwei Personen, bitte.",Phrase,—,"A table for two people, please.",Food & Dining,"Ein Tisch für zwei Personen, bitte.","A table for two people, please.",—,—
2327,"Die Speisekarte, bitte.",Phrase,—,"The menu, please.",Food & Dining,"Die Speisekarte, bitte.","The menu, please.",—,—
2328,Ich möchte bestellen.,Phrase,—,I would like to order.,Food & Dining,Ich möchte bestellen.,I would like to order.,—,—
2329,"Die Rechnung, bitte. Zahlen, bitte.",Phrase,—,"The bill, please. Pay, please.",Food & Dining,"Die Rechnung, bitte.","The bill, please.",—,—
2330,das Schnitzel,das (neutrum),Schnitzel,schnitzel,Food & Dining,Ich esse ein Schnitzel.,I eat schnitzel.,Schnitzel,—
2331,die Spätzle,die (Plural),Spätzle,spaetzle,Food & Dining,Ich esse Spätzle.,I eat spaetzle.,—,—
2332,das Sauerkraut,das (neutrum),Sauerkraut,sauerkraut,Food & Dining,Ich esse Sauerkraut.,I eat sauerkraut.,— (Unzählbar),—
2333,die Bratwurst,die (feminin),Bratwurst,bratwurst,Food & Dining,Ich esse eine Bratwurst.,I eat a bratwurst.,Bratwürste,Bratwurst
2334,der Kartoffelsalat,der (maskulin),Kartoffelsalat,potato salad,Food & Dining,Ich esse Kartoffelsalat.,I eat potato salad.,Kartoffelsalate,—
2335,Ich habe eine Reservierung auf den Namen...,Phrase,—,I have a reservation under the name...,Accommodation,Ich habe eine Reservierung auf den Namen Müller.,I have a reservation under the name Müller.,—,—
2336,Wie ist das WLAN-Passwort?,Phrase,—,What is the Wi-Fi password?,Accommodation,Wie ist das WLAN-Passwort?,What is the Wi-Fi password?,—,—
2337,Um wie viel Uhr ist das Frühstück?,Phrase,—,What time is breakfast?,Accommodation,Um wie viel Uhr ist das Frühstück?,What time is breakfast?,—,—
2338,"Ich möchte auschecken, bitte.",Phrase,—,"I would like to check out, please.",Accommodation,"Ich möchte auschecken, bitte.","I would like to check out, please.",—,—
2339,Wie viel kostet das?,Phrase,—,How much does that cost?,Shopping & Fashion,Wie viel kostet das?,How much does that cost?,—,—
2340,Kann ich mit Kreditkarte bezahlen?,Phrase,—,Can I pay with credit card?,Shopping & Fashion,Kann ich mit Kreditkarte bezahlen?,Can I pay with credit card?,—,—
2341,Wo sind die Umkleidekabinen?,Phrase,—,Where are the fitting rooms?,Shopping & Fashion,Wo sind die Umkleidekabinen?,Where are the fitting rooms?,—,—
2342,Ich möchte das umtauschen.,Phrase,—,I would like to exchange this.,Shopping & Fashion,Ich möchte das umtauschen.,I would like to exchange this.,—,—
2343,das Brot,das (neutrum),Brot,bread,Shopping & Fashion,Ich esse Brot.,I eat bread.,Brote,—
2344,die Milch,die (feminin),Milch,milk,Shopping & Fashion,Ich trinke Milch.,I drink milk.,— (Unzählbar),Milch
2345,der Käse,der (maskulin),Käse,cheese,Shopping & Fashion,Ich esse Käse.,I eat cheese.,Käse,—
2346,die Eier,die (Plural),Eier,eggs,Shopping & Fashion,Ich esse Eier.,I eat eggs.,—,—
2347,der Apfel,der (maskulin),Apfel,apple,Shopping & Fashion,Ich esse einen Apfel.,I eat an apple.,Äpfel,—
2348,"Entschuldigung, wo ist der Bahnhof?",Phrase,—,"Excuse me, where is the train station?",Travel & Transportation,"Entschuldigung, wo ist der Bahnhof?","Excuse me, where is the train station?",—,—
2349,Gehen Sie geradeaus und dann rechts.,Phrase,—,Go straight and then right.,Travel & Transportation,Gehen Sie geradeaus und dann rechts.,Go straight and then right.,—,—
2350,Ist es in der Nähe?,Phrase,—,Is it nearby?,Travel & Transportation,Ist es in der Nähe?,Is it nearby?,—,—
2351,Biegen Sie an der Ampel links ab.,Phrase,—,Turn left at the traffic light.,Travel & Transportation,Biegen Sie an der Ampel links ab.,Turn left at the traffic light.,—,—
2352,das Auto,das (neutrum),Auto,car,Travel & Transportation,Ich fahre mit dem Auto.,I drive with the car.,Autos,—
2353,der Zug / die Bahn,der/die (maskulin/feminin),Zug / Bahn,train,Travel & Transportation,Ich fahre mit dem Zug.,I travel by train.,Züge,—
2354,der Bus,der (maskulin),Bus,bus,Travel & Transportation,Ich fahre mit dem Bus.,I travel by bus.,Busse,—
2355,die U-Bahn,die (feminin),U-Bahn,subway,Travel & Transportation,Ich fahre mit der U-Bahn.,I travel by subway.,U-Bahnen,U-Bahn
2356,das Fahrrad,das (neutrum),Fahrrad,bicycle,Travel & Transportation,Ich fahre mit dem Fahrrad.,I travel by bicycle.,Fahrräder,—
2357,In zweihundert Metern rechts abbiegen.,Phrase,—,Turn right in two hundred meters.,Travel & Transportation,In zweihundert Metern rechts abbiegen.,Turn right in two hundred meters.,—,—
2358,Dem Straßenverlauf folgen.,Phrase,—,Follow the road.,Travel & Transportation,Dem Straßenverlauf folgen.,Follow the road.,—,—
2359,Im Kreisverkehr die zweite Ausfahrt nehmen.,Phrase,—,Take the second exit at the roundabout.,Travel & Transportation,Im Kreisverkehr die zweite Ausfahrt nehmen.,Take the second exit at the roundabout.,—,—
2360,Bitte wenden Sie.,Phrase,—,Please turn around.,Travel & Transportation,Bitte wenden Sie.,Please turn around.,—,—
2361,Sie haben Ihr Ziel erreicht.,Phrase,—,You have reached your destination.,Travel & Transportation,Sie haben Ihr Ziel erreicht.,You have reached your destination.,—,—
2362,Rufen Sie einen Krankenwagen!,Phrase,—,Call an ambulance!,"Safety, Emergencies & Social Interaction",Rufen Sie einen Krankenwagen!,Call an ambulance!,—,—
2363,Ich brauche einen Arzt.,Phrase,—,I need a doctor.,"Safety, Emergencies & Social Interaction",Ich brauche einen Arzt.,I need a doctor.,—,—
2364,Es gab einen Unfall.,Phrase,—,There was an accident.,"Safety, Emergencies & Social Interaction",Es gab einen Unfall.,There was an accident.,—,—
2365,"Helfen Sie mir, bitte!",Phrase,—,"Help me, please!","Safety, Emergencies & Social Interaction","Helfen Sie mir, bitte!","Help me, please!",—,—
2366,Ich habe starke Schmerzen hier.,Phrase,—,I have strong pain here.,"Safety, Emergencies & Social Interaction",Ich habe starke Schmerzen hier.,I have strong pain here.,—,—
2367,Guten Morgen,Phrase,Guten Morgen,Good morning,Daily Life & Routine,Guten Morgen!,Good morning!,—,—
2368,Hallo,Phrase,Hallo,Hello,Daily Life & Routine,Hallo!,Hello!,—,—
2369,Moin / Moin Moin,Phrase,Moin,Hello (Northern Germany),Daily Life & Routine,Moin!,Hello!,—,—
2370,Servus,Phrase,Servus,Hello/Goodbye (Southern Germany),Daily Life & Routine,Servus!,Hello/Goodbye!,—,—
2371,Na?,Phrase,Na?,Well?/Hi?,Daily Life & Routine,Na? Wie geht's?,Well? How's it going?,—,—
2372,Tschüss,Phrase,Tschüss,Bye,Daily Life & Routine,Tschüss!,Bye!,—,—
2373,Auf Wiedersehen,Phrase,Auf Wiedersehen,Goodbye (formal),Daily Life & Routine,Auf Wiedersehen!,Goodbye!,—,—
2374,Schönen Tag noch!,Phrase,Schönen Tag noch!,Have a nice day!,Daily Life & Routine,Schönen Tag noch!,Have a nice day!,—,—
2375,Schönes Wochenende!,Phrase,Schönes Wochenende!,Have a nice weekend!,Daily Life & Routine,Schönes Wochenende!,Have a nice weekend!,—,—
2376,Bis später / Bis gleich,Phrase,Bis später,See you later,Daily Life & Routine,Bis später!,See you later!,—,—
2377,bitte,Phrase/Adverb,Bitte,Please/You're welcome,Daily Life & Routine,Bitte sehr!,Please!/You're welcome!,—,—
2378,Danke / Vielen Dank,Phrase,Danke,Thank you,Daily Life & Routine,Danke schön!,Thank you very much!,—,—
2379,Entschuldigung,die (feminin),Entschuldigung,Excuse me/Sorry,Daily Life & Routine,Entschuldigung!,Excuse me!,Entschuldigungen,Entschuldigung
2380,Kein Problem,Phrase,Kein Problem,No problem,Daily Life & Routine,Kein Problem!,No problem!,—,—
2381,Macht nichts,Phrase,Macht nichts,It doesn't matter,Daily Life & Routine,Macht nichts!,It doesn't matter!,—,—
2382,Gesundheit!,Phrase,Gesundheit!,Bless you! (after sneeze),Daily Life & Routine,Gesundheit!,Bless you!,—,—
2383,Wie geht's?,Phrase,Wie geht's?,How are you?,Daily Life & Routine,Wie geht's dir?,How are you?,—,—
2384,Alles gut?,Phrase,Alles gut?,Everything good?,Daily Life & Routine,Alles gut bei dir?,Everything good with you?,—,—
2385,Passt schon,Phrase,Passt schon,It's okay,Daily Life & Routine,"Passt schon, danke!","It's okay, thanks!",—,—
2386,Genau,Adverb,Genau,Exactly,Daily Life & Routine,"Genau, das meine ich!","Exactly, that's what I mean!",—,—
2387,Stimmt,Verb,Stimmt,That's right,Daily Life & Routine,"Stimmt, du hast recht.","That's right, you're correct.",—,—
2388,Schade,adjektiv,Schade,Too bad,Daily Life & Routine,"Schade, das ist traurig.","Too bad, that's sad.",—,—
2389,Keine Ahnung,Phrase,Keine Ahnung,No idea,Daily Life & Routine,Keine Ahnung!,No idea!,—,—
2390,Mach's gut,Phrase,Mach's gut,Take care,Daily Life & Routine,Mach's gut!,Take care!,—,—
2391,Lust auf...?,Phrase,Lust auf...?,Feel like...?,Daily Life & Routine,Hast du Lust auf Kaffee?,Do you feel like coffee?,—,—
2392,der Feierabend,der (maskulin),Feierabend,end of work day,Daily Life & Routine,Ich habe Feierabend.,I'm off work.,—,—
2393,Guten Morgen zusammen,Phrase,Guten Morgen zusammen,Good morning everyone,Daily Life & Routine,Guten Morgen zusammen!,Good morning everyone!,—,—
2394,Mahlzeit!,Phrase,Mahlzeit!,Good lunch!/Hi (workplace),Daily Life & Routine,Mahlzeit!,Good lunch!,—,—
2395,Schönen Feierabend!,Phrase,Schönen Feierabend!,Have a nice end of workday!,Daily Life & Routine,Schönen Feierabend!,Have a nice end of workday!,—,—
2396,Ich bin im Homeoffice,Phrase,Ich bin im Homeoffice,I'm working from home,Daily Life & Routine,Ich bin heute im Homeoffice.,I'm working from home today.,—,—
2397,Kaffeepause?,Phrase,Kaffeepause?,Coffee break?,Daily Life & Routine,Wollen wir Kaffeepause machen?,Do you want to take a coffee break?,—,—
2398,Lass uns einen Termin vereinbaren,Phrase,Termin vereinbaren,Let's schedule an appointment,Daily Life & Routine,Lass uns einen Termin vereinbaren.,Let's schedule an appointment.,—,—
2399,Wer übernimmt das Protokoll?,Phrase,Protokoll,Who takes the minutes?,Daily Life & Routine,Wer übernimmt das Protokoll?,Who takes the minutes?,—,—
2400,Gibt es dazu Fragen?,Phrase,—,Are there any questions about this?,Daily Life & Routine,Gibt es dazu Fragen?,Are there any questions about this?,—,—
2401,Das steht auf der Agenda,Phrase,Agenda,That's on the agenda,Daily Life & Routine,Das steht auf der Agenda.,That's on the agenda.,—,—
2402,Bis wann ist die Deadline?,Phrase,Deadline,What's the deadline?,Daily Life & Routine,Bis wann ist die Deadline?,What's the deadline?,—,—
2403,Ich kümmere mich darum,Phrase,—,I'll take care of it,Daily Life & Routine,Ich kümmere mich darum.,I'll take care of it.,—,—
2404,Gibt es dazu ein Update?,Phrase,—,Is there an update on this?,Daily Life & Routine,Gibt es dazu ein Update?,Is there an update on this?,—,—
2405,Das ist in Bearbeitung,Phrase,—,That's being processed,Daily Life & Routine,Das ist in Bearbeitung.,That's being processed.,—,—
2406,Bitte gib mir dazu Feedback,Phrase,—,Please give me feedback on this,Daily Life & Routine,Bitte gib mir dazu Feedback.,Please give me feedback on this.,—,—
2407,Ich schicke dir eine E-Mail,Phrase,—,I'll send you an email,Daily Life & Routine,Ich schicke dir eine E-Mail.,I'll send you an email.,—,—
2408,Ich melde mich später bei dir,Phrase,—,I'll get back to you later,Daily Life & Routine,Ich melde mich später bei dir.,I'll get back to you later.,—,—
2409,Im Anhang finden Sie...,Phrase,—,You'll find... in the attachment,Daily Life & Routine,Im Anhang finden Sie die Datei.,You'll find the file in the attachment.,—,—
2410,Für Rückfragen stehe ich gerne zur Verfügung,Phrase,—,I'm happy to answer any follow-up questions,Daily Life & Routine,Für Rückfragen stehe ich gerne zur Verfügung.,I'm happy to answer any follow-up questions.,—,—
2411,Das ist nicht mein Aufgabenbereich,Phrase,—,That's not my area of responsibility,Daily Life & Routine,Das ist nicht mein Aufgabenbereich.,That's not my area of responsibility.,—,—
2412,Wir müssen das priorisieren,Phrase,—,We need to prioritize that,Daily Life & Routine,Wir müssen das priorisieren.,We need to prioritize that.,—,—
2413,Der Kollege ist im Urlaub,Phrase,—,The colleague is on vacation,Daily Life & Routine,Der Kollege ist im Urlaub.,The colleague is on vacation.,—,—
2414,Ich bin heute krankgemeldet,Phrase,—,I'm sick today,Daily Life & Routine,Ich bin heute krankgemeldet.,I'm sick today.,—,—
